seq,link_id,range_m,fp_idx,i0,i1,i2,i3,i4,i5,i6,i7,i8,i9,i10,i11,i12,i13,i14,i15,i16,i17,i18,i19,i20,i21,i22,i23,i24,i25,i26,i27,i28,i29,i30,i31,i32,i33,i34,i35,i36,i37,i38,i39,i40,i41,i42,i43,i44,i45,i46,i47,i48,i49,i50,i51,i52,i53,i54,i55,q0,q1,q2,q3,q4,q5,q6,q7,q8,q9,q10,q11,q12,q13,q14,q15,q16,q17,q18,q19,q20,q21,q22,q23,q24,q25,q26,q27,q28,q29,q30,q31,q32,q33,q34,q35,q36,q37,q38,q39,q40,q41,q42,q43,q44,q45,q46,q47,q48,q49,q50,q51,q52,q53,q54,q55
5053,2,0.3055420219898224,743,-17,51,-31,24,-14,-27,-10,57,270,578,636,280,-36,-124,47,81,29,113,266,152,-35,-181,-341,-202,283,812,857,397,-93,-464,-171,426,771,396,-331,-436,-8,134,-154,-412,-302,168,335,189,-2,-174,-137,-199,-218,-184,-37,26,6,44,90,118,-36,45,28,34,-8,-40,-15,-19,-90,-398,-718,-803,-239,105,325,66,88,660,1399,1289,271,-431,-765,-502,-304,-331,-62,169,148,392,411,253,-166,-71,187,367,196,295,264,107,30,-83,-95,-79,10,-58,-187,-148,-57,-154,-152,-116,39,27,-31,-86
5053,3,-0.08441921323537827,735,1,46,13,-18,-26,-21,9,13,133,418,400,-155,-889,-788,-13,200,-109,-310,-150,12,23,-24,-78,-116,-189,-269,-140,171,422,277,-72,-386,-381,-379,-276,-128,-49,-139,-261,-269,-240,-139,77,421,525,154,-262,-393,-161,108,167,132,164,137,99,138,-31,-28,-36,-9,-25,-4,7,19,42,116,240,144,-247,-782,-914,-562,-97,249,436,346,113,-28,-185,-482,-530,-312,-25,128,-83,-196,-129,165,261,149,46,331,944,1171,875,348,104,82,253,436,295,-76,-397,-518,-239,165,372,123,-110,-163,-195,-158
5054,3,-0.02143390104174614,742,-33,43,26,26,-2,13,16,-5,84,331,471,23,-739,-770,-1,457,117,-186,-205,-116,-204,-272,-164,-96,-109,-195,-117,112,338,233,-36,-325,-380,-366,-365,-239,-143,-144,-207,-221,-246,-309,-154,217,649,500,21,-285,-205,13,94,107,133,122,128,209,0,6,-33,-11,-31,-22,-12,7,22,96,224,212,-161,-731,-995,-819,-327,86,451,486,356,91,-74,-342,-495,-323,-127,59,-35,-185,-203,16,167,165,49,277,797,1109,939,450,157,76,255,417,336,-47,-315,-463,-242,82,315,111,-129,-178,-154,-76
5054,1,0.2666712999343872,743,-10,-12,-7,-2,-14,4,-2,-42,-134,-264,-85,373,617,763,545,180,-48,-64,67,91,3,-123,-165,-142,-119,-147,-172,-138,-63,-30,52,126,116,-21,-237,-266,-86,167,225,124,12,-69,-53,-29,-40,-66,-54,-36,-63,-121,-98,-43,-11,-18,-12,3,-17,-18,5,20,2,-3,-13,-118,-523,-1231,-1527,-1056,-135,391,290,54,7,49,63,94,101,99,158,270,459,462,212,26,-81,-88,-55,-67,-73,-19,97,227,198,109,-14,-37,17,33,6,-53,-125,-169,-102,17,103,108,31,-19,-20,22,68,65
5054,2,0.3805876076221466,738,-8,28,-11,-30,-9,17,22,20,192,616,880,690,263,-102,-15,189,66,-395,-767,-708,-248,221,242,203,342,652,478,78,-256,-571,-448,116,576,331,-298,-500,-216,-169,-349,-428,-202,123,183,95,-7,-102,-7,-12,-68,-25,68,54,-43,-5,89,142,-16,43,18,72,2,-41,-26,37,168,192,-30,-385,-185,62,347,161,111,496,1100,940,139,-558,-847,-503,-55,352,706,564,145,64,168,480,508,194,-144,-109,141,388,123,-294,-200,71,212,67,-24,-258,-372,-330,-231,-171,-62,-64,7,8,6,35
0,1,0.25997069478034973,740,0,0,7,3,0,10,-4,-53,-237,-694,-1097,-1114,-630,-327,-233,-135,56,133,19,-31,24,132,211,261,373,443,301,109,-55,-85,-80,-112,-137,-35,189,336,257,-6,-171,-133,-9,52,29,-47,-78,-80,-41,4,68,114,83,11,-21,26,70,63,8,-12,-13,-6,-1,5,14,74,351,936,1128,595,-291,-825,-729,-277,-72,-48,-90,-107,-30,17,6,-57,-180,-198,-48,11,41,39,-4,-51,-45,38,93,56,-34,-169,-162,-60,-6,4,-3,39,101,208,169,55,-19,-28,9,27,18,-5,-48,-66
0,2,0.3524455726146698,735,-30,7,14,22,-9,-61,-31,5,46,-58,-395,-600,-323,64,382,96,7,361,1328,1309,364,-423,-939,-669,-300,-56,392,472,210,166,256,428,278,106,77,96,197,345,251,-78,-166,-38,93,61,-10,-139,-289,-322,-280,-201,-171,-115,-26,27,-7,-42,29,-30,-38,6,23,-4,16,-48,-157,-524,-780,-610,-260,159,180,20,28,222,458,476,307,-96,-78,-33,-280,-651,-616,-213,197,493,503,-21,-556,-495,115,483,289,159,278,344,275,-110,-230,-181,-59,54,56,68,141,65,-17,-63,-39,-56,-118,-90
0,3,-0.0375157967209816,742,-15,-7,-29,19,-3,-12,-17,4,-55,-270,-280,124,571,321,-319,-287,168,590,517,181,-10,-24,22,-102,-110,82,162,11,-173,-187,-24,215,331,321,238,272,683,906,841,500,340,340,241,17,-462,-537,-288,-125,-7,76,73,-94,-313,-361,-282,-215,9,12,1,1,16,11,11,-15,-70,-289,-463,-151,607,995,641,175,-2,189,187,-21,-207,-145,95,474,641,469,245,10,-54,14,116,88,121,199,236,-38,-608,-815,-624,-246,12,130,-81,-393,-672,-353,202,572,478,33,-270,-220,-100,14,56,90
1,1,0.2827542722225189,738,8,12,-5,-11,-9,0,1,38,175,499,845,962,662,434,263,92,-36,-46,43,25,-75,-184,-242,-273,-360,-402,-292,-142,0,80,131,163,115,-76,-289,-345,-127,133,226,101,-28,-66,-13,37,51,57,59,21,-77,-122,-76,5,33,-23,-38,-11,-2,3,7,-2,-1,-2,-11,-116,-522,-1178,-1332,-674,255,645,409,105,35,68,92,92,43,4,26,115,293,300,97,-44,-115,-97,-13,24,-22,-78,-68,32,129,212,129,26,-5,-18,-10,-35,-134,-216,-132,-25,55,37,-7,-16,-11,2,48,61
1,2,0.4060502350330353,737,22,-39,-8,-39,8,-2,-3,-15,-134,-417,-542,-343,-40,-212,-768,-964,-706,-245,-240,-220,-52,130,378,306,-93,-483,-767,-522,-55,277,377,-164,-653,-528,44,509,144,11,146,376,329,-39,-297,-271,-57,144,247,272,182,90,37,0,2,-1,-118,-160,37,8,-62,-43,10,40,-28,21,35,194,626,767,380,-214,-838,-515,89,53,-768,-1115,-531,253,682,592,308,246,78,-165,-260,-373,-492,-333,47,204,-94,-355,-315,-302,-329,-207,-68,38,88,57,-23,8,113,175,110,15,146,134,33,28,51,101
1,3,-0.048235416412353516,739,-17,-17,-16,-27,-12,-19,5,2,148,288,234,-169,-655,-566,37,590,593,256,94,210,217,101,-213,-552,-597,-309,-10,113,44,-125,-99,-57,-84,-145,74,683,1060,903,409,89,29,167,363,500,217,-204,-492,-487,-69,293,225,-21,-176,-159,-91,-11,-15,-22,5,10,1,-18,-5,-99,-248,-460,-62,649,847,168,-278,-225,204,495,302,92,-15,51,-9,12,108,216,45,-274,-352,-123,149,412,447,424,331,369,432,474,385,375,412,280,-66,-546,-610,-319,-19,138,118,28,-180,-280,-258,-156,-107,-132
2,1,0.2760535776615143,744,3,6,5,-6,-14,1,9,-28,-42,63,449,776,770,489,76,-137,-169,-32,85,33,-69,-149,-142,-149,-207,-250,-177,-48,35,67,113,138,59,-175,-323,-260,31,228,180,40,-76,-82,-26,-14,-60,-66,-34,-45,-79,-85,-19,29,8,-25,-24,-5,-4,10,12,-10,-14,-15,-31,-226,-801,-1443,-1404,-582,272,541,274,89,72,86,93,72,88,116,204,312,482,353,151,-6,-89,-80,-45,-29,-9,46,120,217,175,96,29,77,109,74,22,-79,-189,-208,-98,10,84,73,25,-47,-53,-14,48,80
2,2,0.3216237425804138,741,-16,30,-7,33,-30,-36,-6,44,-18,-365,-600,-563,-20,365,154,-151,111,1075,1340,716,-196,-838,-709,-434,-104,306,490,378,180,271,381,348,106,92,34,188,250,362,118,-140,-98,-2,130,94,-35,-285,-381,-318,-191,-195,-116,7,44,24,-18,-8,-28,-56,-6,-8,-6,8,-25,-92,-407,-739,-698,-336,38,95,-97,-138,28,376,474,291,-105,-104,-20,-94,-494,-741,-472,28,402,623,127,-434,-568,-71,402,333,232,317,346,285,-31,-205,-193,-66,65,111,107,158,109,22,-30,7,-32,-112,-140,-118
2,3,-0.06699735671281815,736,5,25,5,-25,-26,-29,-13,30,149,481,459,-143,-1007,-1046,-173,321,334,-2,-150,-89,55,82,-28,-266,-598,-670,-302,96,264,110,-132,-303,-358,-386,-238,4,259,243,4,-124,-317,-382,-26,404,680,408,-60,-399,-250,54,272,230,159,73,38,72,-2,-16,-40,-11,-16,-17,-44,-38,-43,-82,33,266,290,46,13,291,496,517,385,341,225,101,-80,-324,-433,-233,-33,-99,-324,-306,-22,192,217,53,11,377,946,1136,791,346,143,201,267,231,-19,-292,-392,-377,-208,109,211,-29,-244,-277,-197,-136
3,1,0.2693520188331604,737,-2,6,-3,-2,-2,7,-3,10,103,397,820,1115,998,710,309,-43,-229,-262,-107,19,6,-102,-195,-210,-249,-342,-303,-165,6,93,119,135,121,23,-195,-332,-269,18,224,207,82,-47,-66,-5,55,73,84,55,0,-91,-100,-28,23,8,-43,-57,-2,-18,-3,-2,-26,-14,-10,-49,-250,-812,-1259,-940,26,719,678,235,24,3,49,78,65,15,-2,71,185,305,150,16,-47,-62,-27,13,10,-43,-70,-38,64,167,178,88,53,36,-11,-38,-100,-168,-178,-83,-18,9,9,4,-12,-32,-2,42
3,2,0.41811057925224304,736,-10,-16,-26,-11,11,3,20,148,449,841,836,345,-244,-533,-122,129,-232,-1015,-1078,-386,282,508,363,341,476,297,-39,-288,-595,-642,-174,322,222,-193,-448,-255,-289,-301,-263,-120,113,202,203,68,10,85,61,33,94,194,166,32,78,122,140,153,34,-25,35,-13,-34,-1,42,194,432,393,38,-178,-173,94,294,470,593,726,448,81,-252,-417,-293,27,424,757,530,58,-338,-165,336,739,430,-285,-516,-26,144,-2,-274,-224,107,313,273,30,-206,-346,-430,-323,-155,8,11,11,126,223,133,69
3,3,-0.05895620211958885,737,-5,-40,-15,16,21,20,-4,-45,-197,-530,-337,394,1135,927,85,-374,-278,45,134,33,-50,-37,-7,156,366,504,248,-67,-215,-62,133,364,468,456,252,66,-6,62,155,192,344,456,134,-370,-678,-481,-70,110,-41,-139,-177,-207,-215,-148,-60,-123,-6,12,31,20,30,31,60,39,-6,-102,-198,-188,48,146,-189,-617,-657,-373,-177,-178,-159,-106,146,551,702,352,-17,-41,161,265,58,-118,-103,71,24,-408,-1024,-1155,-665,-234,17,-44,-221,-319,-106,157,368,416,132,-199,-228,-6,208,222,180,118
4,1,0.3417174220085144,741,8,-8,-2,1,9,-4,0,-45,-265,-821,-1334,-1391,-917,-372,27,181,215,143,27,20,85,169,214,258,347,433,300,118,-51,-112,-99,-79,-52,27,198,264,186,-22,-161,-139,-11,81,82,31,-49,-133,-138,-64,42,121,86,-11,-38,14,66,76,7,11,-4,0,4,3,13,53,243,679,789,190,-635,-932,-535,-70,42,-68,-143,-122,-16,77,88,2,-108,-137,7,33,0,-15,-30,-39,-22,77,180,156,0,-203,-241,-125,-15,27,34,24,71,145,126,41,5,-4,34,22,11,26,13,-20
4,2,0.40872976183891296,738,-20,0,-2,-6,9,-4,-20,-34,-133,-515,-887,-845,-372,268,420,-73,-310,126,949,1048,376,-328,-500,-326,-301,-427,-297,28,312,648,588,81,-411,-323,164,476,304,312,335,287,96,-168,-259,-210,-41,29,-44,-24,-20,-90,-164,-151,-24,-102,-139,-106,29,-38,22,-45,1,26,12,-34,-165,-364,-305,88,279,276,-76,-409,-636,-702,-752,-437,-76,298,400,309,26,-338,-740,-534,-65,272,50,-416,-710,-407,247,414,18,-100,12,301,232,3,-197,-190,-29,178,278,376,258,149,-3,-27,-70,-177,-151,-45
4,3,-0.0482359305024147,736,-13,22,41,13,10,3,12,27,73,211,107,-291,-590,-438,-199,-225,-365,-472,-509,-458,-267,-23,230,398,358,-2,-214,-147,146,217,15,-238,-349,-207,-96,-292,-689,-939,-745,-377,-217,-267,-216,82,450,462,347,294,220,24,-99,89,327,326,226,191,21,8,-12,-13,-23,-14,-14,6,106,438,469,-32,-801,-828,-8,503,547,303,152,56,24,-64,-153,-424,-706,-689,-270,30,4,-167,-209,-241,-241,-395,-363,-34,494,697,429,119,-206,-307,-2,328,563,266,-227,-430,-210,136,271,136,13,-45,-79,-17
5,1,0.3041954040527344,737,2,16,19,5,-10,-13,0,58,258,752,1064,642,-220,-691,-508,-168,-73,-102,-93,-77,-39,-2,5,-69,-199,-272,-94,-9,30,22,0,-30,-15,85,156,131,-4,-146,-160,-47,26,35,14,-5,56,128,139,58,-24,-53,-18,5,-7,-11,-8,-24,-10,-11,-8,-5,-13,-5,-9,19,157,554,1083,1342,1154,706,190,-135,-215,-107,53,38,-63,-160,-221,-248,-323,-432,-339,-145,28,102,96,95,105,37,-192,-308,-236,27,210,179,45,-69,-55,10,56,73,80,35,-52,-140,-105,-12,53,27,-49,-85
5,2,0.37120679020881653,741,50,-37,-16,-17,-6,18,28,-18,42,284,583,790,399,-21,-349,-179,-35,-603,-1415,-1310,-338,417,703,451,284,174,-128,-291,-249,-332,-438,-336,-36,20,-76,-194,-194,-295,-204,-21,81,179,145,121,35,90,247,230,187,159,96,96,-20,-17,-15,28,-23,17,14,5,-8,33,10,28,192,499,681,389,0,-329,-96,404,754,399,-106,-335,-174,54,-3,-57,188,488,648,335,-138,-592,-343,237,742,500,-193,-504,-241,-170,-239,-312,-210,124,200,126,-27,-183,-192,-210,-71,-1,-18,35,51,106,121,82
5,3,-0.06699757277965546,735,-2,31,40,22,9,17,-8,38,105,284,91,-368,-650,-310,52,14,-255,-425,-390,-334,-171,-38,202,332,238,-96,-200,-77,187,176,-21,-323,-464,-363,-218,-348,-658,-847,-632,-354,-272,-307,-224,89,466,493,390,286,210,43,22,260,442,320,120,107,28,2,-38,-43,-35,8,-9,3,154,483,396,-120,-834,-697,52,515,493,290,247,229,122,-30,-231,-615,-841,-640,-125,121,-18,-267,-253,-201,-161,-310,-204,196,706,757,396,23,-207,-181,120,366,361,80,-320,-487,-242,97,279,116,-42,-97,-126,-51
6,1,0.3484187126159668,741,3,6,-2,-5,-2,5,22,118,441,869,782,104,-510,-549,-315,-167,-189,-190,-147,-89,-7,42,2,-88,-193,-135,-14,3,7,5,-20,-31,16,109,193,95,-63,-207,-133,4,75,32,-30,-26,68,146,107,8,-40,-23,23,7,2,-10,-29,-48,16,23,-7,-12,-23,-9,13,83,392,970,1390,1351,858,288,-104,-215,-165,-73,-7,-62,-104,-173,-233,-298,-389,-393,-205,-16,105,99,72,59,23,-123,-251,-270,-91,118,179,74,-85,-151,-92,-31,29,73,59,-9,-101,-137,-40,34,25,-17,-84,-82
6,2,0.40872982144355774,737,56,13,8,12,-34,-41,0,2,-97,-423,-728,-377,24,478,330,92,508,1345,1185,267,-474,-730,-422,-201,53,331,365,143,199,314,347,124,-32,-57,61,187,236,61,-144,-140,-107,-83,-90,-64,-222,-362,-341,-222,-135,-1,10,52,-5,-41,-61,-101,3,-10,-3,18,-6,-27,9,-172,-486,-740,-474,-93,278,8,-501,-735,-202,426,605,254,-111,-81,-53,-246,-473,-552,-222,222,574,381,-211,-640,-353,258,501,277,279,329,389,230,-123,-240,-226,-68,146,211,233,66,-1,26,-87,-78,-116,-99,-78,-100
6,3,-0.048236262053251266,742,-12,7,-27,-12,-39,-14,-13,3,45,257,437,236,-369,-770,-512,-23,312,404,430,316,142,-28,-143,-423,-754,-761,-319,92,106,-142,-269,-88,16,-99,-282,-7,549,958,802,397,59,-52,118,305,386,113,-325,-549,-546,-137,210,166,-42,-139,-99,-89,-2,-10,-24,8,-1,-16,-24,0,-66,-304,-430,62,739,751,75,-155,72,344,338,190,186,147,-9,-167,-85,216,337,157,-56,-141,-37,202,447,533,429,274,364,475,468,309,267,319,291,28,-528,-682,-469,-209,-65,21,58,-79,-317,-263,-89,-49
7,1,0.3417184054851532,737,14,12,-4,-12,-10,-10,29,147,541,1127,1446,1259,627,117,-151,-178,-135,-82,-56,-66,-81,-146,-215,-278,-413,-374,-167,32,101,87,72,58,18,-129,-228,-246,-62,126,146,16,-126,-123,-49,30,90,87,31,-66,-146,-116,-17,28,25,-26,-84,-96,-4,4,-12,0,-1,-9,-32,-169,-535,-926,-728,-62,409,441,312,226,189,129,74,77,28,17,48,132,210,98,14,-17,-18,-13,23,40,9,-94,-164,-73,73,182,103,-15,-35,8,57,28,-32,-91,-63,-8,36,21,14,30,11,9,35,30
7,2,0.30554187297821045,739,-1,2,-15,-9,-4,-39,4,-8,-223,-529,-627,-244,75,86,-440,-869,-761,-243,71,229,140,26,79,5,-260,-599,-728,-328,168,529,241,-412,-739,-298,373,487,167,208,366,495,183,-210,-207,-101,46,275,355,398,191,29,-38,-78,-67,-72,-97,-82,-8,-68,-20,-32,-20,60,44,7,59,203,612,790,291,-134,-458,-39,185,-336,-1307,-1208,-221,498,706,403,203,26,-225,-295,-150,-303,-341,-229,45,113,-67,-282,-249,-315,-161,-5,54,85,90,111,11,142,295,289,224,170,11,-12,-46,38,61,75
7,3,-0.06967734545469284,741,5,24,6,-9,-38,-29,22,5,46,338,586,181,-596,-1083,-600,-90,-13,-114,12,141,20,-93,-113,-150,-408,-597,-407,-6,185,33,-238,-330,-376,-385,-393,-143,104,266,162,-52,-251,-323,-216,106,526,479,116,-217,-316,-142,29,110,129,101,52,26,8,18,-37,-22,-21,-4,-27,2,-6,-10,35,195,190,-109,-341,-55,476,805,663,370,362,242,25,-353,-594,-423,-35,151,37,-218,-276,8,297,309,96,81,517,978,1034,664,289,82,128,164,-34,-308,-486,-572,-490,-149,180,147,-160,-262,-138,-109
8,1,0.30419468879699707,741,2,2,-4,-7,-1,-11,36,183,546,779,459,-143,-424,-347,-239,-211,-217,-153,-121,-86,-11,12,-40,-116,-130,-6,45,22,12,6,-36,-63,-10,133,229,114,-82,-184,-83,50,76,11,-50,-1,71,110,71,12,-33,-6,-3,-9,-20,-48,-42,-15,7,-14,-17,-14,-15,-3,43,227,738,1335,1499,1156,422,-60,-232,-203,-142,-55,-31,-78,-116,-183,-243,-341,-478,-368,-156,36,106,92,74,54,-7,-135,-223,-239,-59,109,138,3,-123,-121,-45,16,77,105,49,-73,-140,-107,-27,4,12,-26,-68,-75
8,2,0.4435730278491974,743,13,-20,17,22,4,-9,-10,190,433,470,62,-122,203,843,952,633,268,395,272,21,-256,-342,-173,131,466,614,249,-111,-408,-92,427,630,227,-349,-312,-9,-14,-324,-442,-229,118,113,-19,-155,-412,-509,-437,-256,-84,-25,-10,27,27,52,76,67,40,20,31,22,-49,-33,5,-95,-368,-788,-810,-352,20,-14,-393,-398,264,1177,1099,269,-407,-565,-402,-267,-231,9,261,299,554,478,99,-259,-168,181,363,288,351,297,190,85,-100,-173,-134,-29,20,0,-74,-94,-92,-73,-63,8,-91,-95,-127,-106
8,3,-0.10318104177713394,741,22,-13,-2,-6,-13,-27,25,9,-76,-172,84,362,300,-108,-97,383,774,603,258,278,276,134,-240,-468,-345,29,111,39,-163,-193,72,372,459,285,127,400,780,920,684,413,236,204,121,-167,-453,-538,-466,-330,-65,197,131,-188,-350,-187,-48,-123,-25,-5,23,31,29,7,17,-20,-254,-523,-278,339,1022,826,241,51,96,16,-170,-169,-76,39,244,566,737,481,58,-93,4,201,242,289,290,325,140,-147,-465,-407,-72,246,398,270,-101,-489,-525,-140,280,460,221,-60,-204,-121,-54,-28,-30,-70
9,1,0.25997141003608704,737,6,-19,7,2,8,-9,-17,-102,-457,-1091,-1327,-934,-198,156,205,208,264,260,183,144,75,43,54,158,292,283,80,6,-40,-53,-30,11,35,-22,-96,-81,45,120,83,-6,-39,18,62,52,-25,-97,-91,-16,56,87,37,22,29,40,61,55,1,-6,-1,1,11,-1,-1,-24,-177,-576,-987,-1189,-916,-426,-98,20,9,-34,-87,-55,19,92,143,166,294,394,295,100,-62,-98,-94,-105,-104,21,233,313,219,-61,-179,-90,47,84,-4,-50,-75,-44,-14,29,85,111,44,-4,-44,-32,2,30
9,2,0.43419238924980164,738,-14,-12,6,-17,-32,-8,-23,-196,-454,-646,-351,-87,-298,-926,-1122,-700,-59,105,93,93,30,57,37,-161,-478,-587,-215,158,542,301,-302,-621,-294,249,379,113,146,365,474,291,-108,-144,-58,83,342,435,383,206,100,67,-16,-17,-21,-67,-80,-83,-35,-43,-32,-9,28,32,28,48,169,579,797,379,-67,-468,-186,49,-315,-1250,-1189,-335,348,664,468,260,116,-188,-267,-174,-279,-399,-270,-24,83,-64,-242,-263,-326,-257,-72,0,35,81,96,52,110,202,249,199,125,75,57,-5,39,52,53,53
9,3,-0.09514043480157852,739,3,13,30,-5,12,20,12,-8,-23,32,-60,-204,-206,142,340,104,-254,-370,-271,-241,-293,-191,129,575,679,234,-88,-158,28,226,145,-149,-325,-246,-57,-177,-691,-1048,-982,-581,-266,-83,-109,-117,159,377,469,468,353,21,-183,-82,212,270,155,147,24,7,11,-4,-18,-15,14,25,140,478,495,13,-914,-1019,-311,-10,-156,-253,20,223,186,-59,-212,-380,-630,-633,-282,75,234,29,-167,-317,-391,-389,-321,-76,168,240,-16,-238,-388,-376,-78,327,757,581,83,-199,-195,-16,163,133,163,119,98,84
10,1,0.2948140799999237,740,0,-16,17,13,7,-1,5,-90,-445,-1165,-1578,-1432,-758,-182,51,143,225,244,173,155,122,92,108,201,379,425,228,67,-69,-89,-84,-45,-3,31,56,95,142,48,-39,-55,-19,29,24,25,-32,-80,-96,-14,70,132,77,36,23,48,59,63,2,3,-6,-10,-9,-11,-3,16,72,99,-121,-558,-777,-520,-232,-72,-40,8,10,-47,-18,51,98,80,79,155,163,77,-31,-71,-87,-114,-100,39,245,303,147,-126,-232,-97,46,73,-20,-65,-61,-29,-6,-8,-3,2,-3,-36,-34,-20,-23,-5
10,2,0.3712068200111389,740,16,-52,-45,-49,-19,28,4,-8,46,221,627,801,245,-264,-722,-390,-91,-483,-1325,-1130,-157,508,657,450,262,91,-222,-347,-202,-292,-355,-217,2,77,-75,-253,-237,-323,-216,-9,56,97,151,145,-28,69,187,250,205,171,55,22,-8,-18,63,86,-24,36,15,-15,-10,9,10,-5,222,474,638,343,183,265,733,904,569,84,-82,-123,-127,-13,-39,-2,189,505,506,120,-275,-576,-227,346,628,283,-288,-370,-231,-226,-366,-464,-232,92,108,-13,-107,-318,-268,-279,-149,-83,-40,45,14,45,111,83
10,3,-0.08575975149869919,739,-13,-20,15,14,11,19,20,-26,-164,-478,-467,32,836,907,219,-122,25,129,-144,-375,-364,-75,207,575,800,648,217,-141,-195,10,146,277,321,354,304,-1,-366,-505,-210,119,373,381,20,-441,-641,-357,198,523,414,66,-199,-160,-89,-32,-9,-22,12,3,31,-2,20,29,-9,1,32,184,51,-249,-447,-66,312,174,-207,-361,-282,-247,-259,-150,190,490,414,4,-147,-98,104,181,-3,-287,-428,-316,-155,-259,-664,-935,-793,-508,-282,-206,-148,4,312,462,418,315,143,-105,-158,40,297,292,181,202
11,1,0.30419567227363586,744,-10,-12,-4,13,6,9,-15,-152,-588,-1297,-1510,-1091,-363,47,131,186,228,187,120,111,102,84,118,237,405,366,161,36,-65,-61,-41,-3,24,34,16,64,104,53,-6,-29,23,76,61,13,-66,-112,-88,-24,74,136,78,33,14,33,68,65,4,-11,-17,3,13,12,20,25,-6,-175,-552,-948,-912,-534,-176,-6,12,19,-2,-17,23,89,133,131,168,229,166,58,-56,-83,-77,-89,-53,100,268,272,91,-160,-202,-62,66,113,50,6,8,20,43,72,115,94,27,-22,-45,-30,-33,-9
11,2,0.2961612939834595,743,32,-42,-47,-58,-34,22,27,4,88,321,680,840,253,-229,-769,-468,-139,-551,-1397,-1225,-196,400,614,431,328,272,-43,-249,-218,-373,-411,-200,73,91,-163,-340,-244,-256,-165,23,71,149,203,204,56,5,142,230,196,179,58,65,9,50,80,54,-19,30,-1,1,-23,21,8,8,264,525,619,332,135,97,527,757,510,72,-27,-50,-94,21,-129,-93,161,519,548,233,-204,-507,-160,347,701,334,-297,-452,-257,-245,-289,-377,-174,121,184,83,-33,-235,-246,-267,-157,-127,-114,-38,-12,10,64,54
11,3,-0.06699688732624054,738,20,-15,-1,15,31,18,-1,-25,-92,-354,-498,-184,570,852,355,-108,-116,11,-114,-258,-167,87,296,603,835,651,248,-106,-97,115,188,195,192,259,277,-24,-539,-823,-553,-141,177,304,77,-247,-569,-368,159,510,483,97,-233,-180,14,93,53,37,16,19,41,-7,8,17,17,-9,61,238,240,-155,-578,-424,165,295,-13,-297,-443,-416,-412,-224,85,363,285,-116,-274,-154,113,163,-5,-299,-397,-324,-194,-203,-480,-808,-826,-556,-388,-325,-241,27,468,551,354,207,108,-45,-117,49,371,387,235,171
12,1,0.26265037059783936,740,-27,-16,0,-6,11,0,-30,-212,-789,-1441,-1533,-1039,-383,-5,110,177,236,181,118,108,111,130,181,300,474,372,159,-5,-90,-95,-74,-39,-6,73,140,202,104,-17,-92,-51,69,82,39,-48,-122,-134,-71,22,125,145,86,34,35,79,83,68,-15,-3,-2,4,11,11,20,76,227,226,-214,-784,-837,-474,-118,-29,-97,-115,-109,-25,59,116,103,48,50,123,99,22,-45,-51,-75,-64,3,148,248,167,-61,-250,-187,-15,96,65,-16,-37,10,73,50,31,6,17,-21,-36,-17,-37,-30,-16
12,2,0.4181104600429535,739,-29,28,-30,2,14,1,-39,-284,-501,-514,-164,-31,-84,-475,-611,-498,-442,-458,-232,130,215,372,265,-10,-490,-658,-327,166,453,35,-467,-758,-321,299,380,139,124,270,419,241,-61,-150,-73,72,285,338,361,230,123,55,30,-39,-100,-107,-81,-39,-37,-27,-34,-2,23,37,48,169,506,853,904,300,-116,-539,-300,-126,-590,-1186,-1073,-277,186,453,376,365,408,132,-193,-278,-509,-427,-15,334,176,-257,-443,-220,-225,-224,-137,-5,249,269,202,-3,-89,48,93,86,180,131,122,39,107,106,81,114
12,3,-0.08441872894763947,737,9,-7,25,17,34,32,20,-13,-10,2,-40,-201,-294,-87,180,210,122,-35,-187,-392,-510,-227,166,608,741,388,0,-144,9,203,123,-151,-285,-174,-21,-125,-645,-1055,-1060,-630,-322,-105,-78,-93,49,171,254,369,316,60,-115,-81,223,299,182,159,-21,25,24,-27,-30,-15,14,-3,70,361,560,197,-706,-1122,-542,138,287,136,123,149,63,-113,-146,-157,-454,-633,-425,-12,217,46,-241,-354,-439,-411,-340,-107,198,273,86,-132,-278,-412,-240,188,764,689,216,-208,-291,-88,127,212,273,169,121,73
13,1,0.26667290925979614,743,-9,-15,-7,12,4,8,-9,-34,-104,-310,-614,-805,-739,-484,-180,-8,34,4,12,39,60,87,127,154,204,260,236,134,-9,-70,-79,-81,-73,3,132,219,179,0,-153,-153,-30,86,93,25,-52,-102,-98,-56,14,99,100,49,-13,0,27,39,-6,-5,-12,-16,-7,-4,-1,29,222,583,824,615,62,-316,-253,-93,-86,-159,-158,-107,-56,-15,-27,-70,-153,-183,-130,-36,31,47,14,-21,-26,6,57,44,-50,-146,-119,-25,31,33,-2,-64,-21,66,112,48,-44,-79,-73,-31,-27,-37,-65,-68
13,2,0.3524453639984131,741,-33,9,-17,7,-10,-18,-25,-10,-95,-425,-737,-944,-444,-51,293,222,276,964,1432,1174,271,-320,-542,-424,-374,-259,53,305,266,353,399,238,-83,-76,122,255,165,196,127,10,-39,-187,-195,-149,2,-6,-190,-198,-140,-189,-144,-129,-33,-47,-67,-56,15,-59,16,2,-2,-20,-29,-83,-277,-601,-683,-463,-198,-16,-45,-141,-149,-75,110,192,180,48,178,221,-102,-631,-663,-246,242,521,81,-364,-637,-227,429,488,135,40,191,279,170,-214,-306,-121,136,352,261,243,175,75,-27,-100,-76,-112,-88,-76
13,3,-0.10318030416965485,736,4,2,7,22,53,29,18,-27,-15,15,-2,-129,-270,-51,276,401,242,-42,-306,-576,-606,-278,69,485,618,344,-22,-224,-86,197,242,27,-168,-111,21,-55,-481,-975,-1089,-715,-405,-194,-167,-88,37,144,180,259,279,78,-123,-82,264,390,302,166,-31,26,40,8,2,12,7,-13,51,274,489,254,-499,-1068,-766,-60,251,173,-60,-172,-246,-181,-88,-60,-340,-624,-562,-204,63,42,-149,-205,-335,-334,-287,-108,132,227,125,-42,-211,-393,-300,161,767,806,356,-108,-261,-60,155,238,287,178,115,79
14,1,0.29213520884513855,737,-18,-7,3,-9,-9,-2,-11,-99,-406,-586,-253,449,706,486,128,-3,36,67,71,12,-64,-132,-114,-36,28,-51,-104,-73,-14,21,69,73,-1,-170,-281,-166,82,279,231,42,-123,-154,-34,45,7,-39,-28,-4,-10,-69,-69,-30,-35,-35,-37,-9,-24,-5,3,1,10,1,-17,-168,-696,-1348,-1507,-1042,-289,36,56,43,63,24,7,75,128,159,199,274,470,421,226,3,-125,-130,-97,-73,-38,81,203,314,164,-57,-181,-97,46,109,46,-84,-180,-198,-109,17,145,166,93,51,33,47,82,42
14,2,0.41811054944992065,737,-32,-8,-26,-19,-47,-6,15,89,335,823,962,800,410,247,202,115,-147,-802,-888,-693,-63,148,56,22,384,563,349,-205,-523,-591,-138,369,510,16,-458,-446,-174,-248,-350,-283,-77,215,244,92,-170,-248,-127,-50,-7,94,125,30,8,63,99,108,22,23,16,40,7,23,31,96,246,284,16,-266,-115,136,174,77,307,906,906,443,-194,-558,-531,-402,29,656,779,258,-81,-112,264,624,455,-40,-321,-18,157,141,-153,-306,-104,131,169,8,-158,-340,-384,-329,-285,-189,-34,55,156,106,23,57
14,3,-0.09514046460390091,739,-8,-31,-27,12,-13,-16,7,19,-66,-143,-43,228,379,-27,-599,-614,-192,103,194,190,61,-6,-253,-495,-354,54,227,187,-122,-249,-157,150,273,165,86,320,858,1069,913,587,371,233,133,-114,-409,-331,-141,-66,-44,55,70,-131,-313,-317,-234,-211,7,-15,-19,37,14,-6,14,-24,-152,-402,-386,65,886,1060,459,-139,-344,-251,-178,-167,-82,63,197,388,628,576,229,-4,1,170,253,214,171,190,85,-166,-534,-511,-301,34,258,344,33,-422,-732,-380,153,465,320,-26,-269,-257,-198,-107,-10,-5
15,1,0.27337339520454407,739,-16,-8,-4,-6,-19,-21,-26,-126,-416,-628,-324,315,590,432,150,29,4,-22,5,1,-28,-130,-133,-64,6,-62,-108,-83,-35,-1,39,71,14,-133,-272,-195,86,308,284,86,-96,-137,-43,33,19,-13,25,47,20,-53,-76,-44,-37,-31,-18,2,-13,18,9,0,1,-4,-24,-187,-721,-1358,-1487,-957,-206,86,47,37,87,72,40,74,94,145,204,314,494,440,245,35,-109,-115,-83,-79,-32,112,265,391,211,-34,-179,-92,47,108,51,-78,-201,-218,-125,-16,111,135,75,33,43,57,56,41
15,2,0.47439470887184143,740,20,0,28,18,13,-14,43,169,279,276,8,-190,157,403,319,96,283,838,801,239,-346,-672,-603,-302,200,809,713,138,-292,-185,325,612,399,-82,-279,67,188,11,-283,-287,-71,144,103,-32,-259,-378,-348,-294,-265,-147,-8,66,121,68,57,49,13,0,36,16,35,11,26,-79,-378,-770,-877,-628,-338,-368,-422,-195,342,978,903,531,-47,-192,-233,-256,-435,-320,-16,311,424,437,87,-320,-350,47,359,307,231,349,381,223,5,-186,-162,-14,149,122,75,13,-30,-114,-117,33,43,-50,-139,-167
15,3,-0.0750390961766243,740,-5,-9,-20,1,10,1,11,-32,-169,-423,-309,297,942,844,240,-334,-478,-282,60,267,244,125,167,459,676,596,225,50,62,182,156,132,69,86,-5,-266,-554,-508,-249,9,191,214,-77,-538,-599,-150,267,472,244,-89,-218,-270,-152,-57,-2,-46,8,45,23,18,40,21,5,15,88,167,33,-290,-260,366,810,581,-96,-594,-455,-212,97,152,272,378,200,-95,-246,-44,194,204,38,-242,-258,-187,-181,-478,-912,-937,-739,-457,-246,-250,-87,159,317,202,117,70,29,-96,-48,211,358,278,243,230
16,1,0.26399263739585876,739,-7,4,-6,-15,-18,-9,2,10,85,335,626,764,517,257,93,-2,-69,-63,7,11,-49,-167,-238,-219,-238,-287,-239,-112,17,78,101,139,99,-131,-376,-447,-157,213,305,124,-110,-212,-90,53,126,126,111,38,-38,-98,-61,-15,-40,-56,-49,-12,-16,-2,2,6,-6,-8,-38,-200,-740,-1410,-1437,-710,88,316,164,80,116,92,34,56,43,34,71,193,394,332,143,-12,-126,-121,-55,-31,-58,-29,31,195,240,207,57,-24,-29,-3,32,0,-129,-211,-131,-8,93,89,18,2,5,22,30,37
16,2,0.4435730278491974,742,-3,-48,-15,-45,-44,19,4,-32,140,512,782,822,330,236,305,376,-71,-1018,-1308,-955,-122,301,403,431,310,227,-52,-312,-271,-411,-302,-30,228,81,-241,-411,-239,-351,-354,-232,-58,187,215,106,-75,-93,36,123,100,172,120,-17,-136,-84,76,102,-18,28,28,31,18,-12,-17,51,253,429,441,162,171,547,834,614,218,85,132,130,-119,-429,-572,-383,15,540,668,247,-166,-401,-97,407,544,224,-276,-240,5,20,-221,-315,-189,109,219,59,-134,-364,-316,-247,-175,-158,-38,61,55,88,95,14
16,3,-0.054937493056058884,742,-6,50,18,3,23,19,-1,11,107,321,386,-119,-714,-537,285,810,461,-88,-524,-434,-209,40,127,63,-227,-358,-361,-106,86,57,-10,-231,-214,-167,-143,-190,-187,-257,-335,-324,-250,-245,5,366,676,423,-14,-331,-245,-51,92,265,349,263,131,121,-17,-32,-24,-10,-32,-35,-17,44,30,127,190,152,-243,-737,-821,-424,304,764,710,244,-104,-234,-313,-513,-580,-445,-47,94,-59,-221,-184,24,132,160,141,285,726,972,847,474,114,-11,63,231,298,87,-148,-316,-219,101,281,101,-119,-174,-179,-115
17,1,0.20636524260044098,742,3,-4,3,-2,3,-8,-6,-32,-225,-794,-1311,-1190,-452,199,332,185,113,104,61,54,69,26,-21,10,134,286,203,82,-22,-71,-69,-9,21,1,-36,-45,86,170,218,114,12,-61,-58,-38,-48,-84,-86,-43,24,57,34,18,7,-3,-8,7,-2,-12,-8,4,-1,-5,5,-9,-75,-350,-770,-1014,-851,-361,-108,-44,-10,49,33,2,10,62,172,229,276,406,380,246,61,-80,-125,-137,-149,-77,179,417,488,158,-180,-281,-110,105,140,36,-92,-154,-147,-129,-40,74,131,71,24,3,31,14
17,2,0.380587637424469,737,-23,29,-3,27,20,-58,-49,21,-80,-354,-728,-809,-253,14,-26,-391,-171,466,1239,1028,135,-450,-680,-692,-383,-110,339,435,225,320,352,206,-45,-27,209,341,200,364,279,100,-76,-172,-158,-93,17,-75,-161,-187,-206,-151,-87,33,100,79,-11,-29,6,-46,-4,0,-26,8,20,-21,-270,-506,-582,-289,-214,-528,-979,-786,-177,225,150,49,196,356,428,253,-90,-526,-579,-179,189,400,138,-415,-528,-201,260,282,54,-14,317,435,253,-62,-181,-51,117,286,227,166,132,87,70,-9,18,-1,-110,-65
17,3,-0.01875455677509308,741,-8,65,18,6,15,14,-11,-2,84,273,422,-15,-666,-638,240,908,605,-60,-543,-426,-184,63,106,23,-225,-345,-392,-132,52,71,1,-208,-233,-182,-121,-121,-78,-180,-303,-313,-271,-281,-103,255,632,486,53,-291,-321,-103,79,255,349,294,142,119,-12,-31,-15,4,-30,-30,-13,25,10,64,128,181,-90,-581,-822,-554,186,595,546,164,-150,-218,-259,-442,-533,-323,78,173,-22,-191,-153,59,182,182,145,261,801,1081,922,565,224,84,103,170,151,-35,-214,-355,-242,101,320,177,-94,-222,-204,-148
18,1,0.21306736767292023,739,9,11,-1,2,-21,-13,3,72,394,917,1195,1027,419,9,-83,-71,-110,-96,-16,-13,-65,-179,-278,-309,-407,-421,-296,-140,10,65,112,154,125,-108,-380,-550,-318,60,235,106,-96,-135,-46,61,142,167,152,56,-73,-122,-71,-22,-2,-16,-25,-13,-13,-16,-6,-10,-1,8,-17,-134,-564,-1107,-1070,-463,144,289,179,74,44,79,113,102,-2,-92,-84,13,158,114,11,-33,-59,-59,-7,62,68,-33,-148,-94,60,232,195,42,-90,-113,-32,8,-26,-75,-40,25,80,60,13,-20,-14,-14,27,52
18,2,0.38058754801750183,740,-11,35,38,35,30,8,-20,33,217,225,150,-172,-34,449,889,762,306,306,485,424,-52,-590,-691,-527,-49,396,656,335,-5,-199,102,422,471,172,-206,-99,60,109,-110,-262,-167,20,95,-35,-129,-383,-330,-275,-201,-176,-120,-8,58,87,106,34,3,15,7,35,12,4,46,51,-186,-546,-763,-729,-296,-443,-796,-830,-144,842,1211,845,134,-159,-306,-300,-216,-342,-162,193,271,483,324,-60,-344,-99,297,419,201,302,329,275,93,-170,-194,-74,67,172,60,-1,11,-58,-74,15,79,38,-103,-128
18,3,-0.08307997137308121,740,10,-48,-16,24,-1,-17,0,2,-113,-352,-389,121,766,472,-381,-1006,-542,128,431,239,-10,-112,-96,78,362,500,439,110,-113,-67,11,181,123,117,123,111,94,149,303,302,284,301,52,-283,-623,-362,41,335,268,66,-77,-194,-303,-254,-151,-133,21,34,28,10,38,42,16,-23,-5,-46,-115,-158,130,611,819,452,-277,-659,-553,-231,-18,104,279,514,481,279,-20,-3,209,261,134,-94,-194,-192,-184,-361,-848,-1022,-847,-491,-181,-156,-162,-176,-91,108,259,327,139,-182,-295,-38,197,233,210,142
19,1,0.21306659281253815,742,-10,-4,26,18,4,-16,-16,-91,-486,-1320,-1642,-1502,-663,127,333,199,136,98,57,85,82,29,38,150,397,543,316,114,-84,-171,-153,-76,-54,2,66,138,310,177,47,-34,-36,-32,-32,-24,-92,-163,-176,-75,58,154,85,22,4,-3,0,30,-3,7,15,-2,0,-18,6,-2,-3,-73,-272,-616,-648,-255,-66,-1,0,12,-27,-41,6,92,213,241,286,375,350,197,-5,-80,-122,-163,-170,5,339,554,461,-23,-325,-243,-20,143,103,-49,-135,-124,-87,-43,4,58,33,-21,-12,28,34,-24
19,2,0.4368720054626465,744,46,22,19,5,-5,-19,11,-88,-392,-689,-744,-303,-306,-461,-505,73,939,1347,887,-33,-545,-696,-564,-252,-14,303,438,232,366,377,200,-16,44,180,285,228,388,213,26,-104,-187,-113,-75,47,-32,-90,-150,-130,-137,-114,-7,63,45,-14,-31,-74,-40,15,7,-18,12,-18,-23,-243,-432,-501,-208,-176,-510,-1093,-1004,-284,6,100,30,104,281,317,154,-107,-432,-406,-123,180,345,62,-427,-483,-157,308,260,29,73,297,349,87,-129,-89,42,170,336,306,249,177,138,35,-22,31,25,-72,-76,-111
19,3,-0.08441982418298721,740,-35,-24,-15,-10,-4,-13,7,-10,-183,-364,-95,471,609,-282,-1031,-894,-48,531,369,134,-98,-141,-148,-61,189,400,265,-54,-214,-91,156,296,250,219,201,369,545,586,557,435,333,277,20,-426,-599,-276,33,242,197,151,-18,-309,-423,-267,-229,-193,19,24,-2,36,38,27,-12,-33,-103,-226,-231,91,617,668,292,-276,-524,-441,-197,-58,32,182,359,606,539,307,71,97,169,178,9,-133,-159,-90,-152,-491,-800,-713,-439,-205,-61,-87,-242,-373,-199,226,518,432,46,-303,-214,1,180,195,104,21
20,1,0.23182900249958038,738,-14,-7,3,14,1,0,0,-86,-422,-1023,-1203,-770,-50,248,259,152,110,84,82,86,34,-72,-108,4,187,258,110,7,-58,-64,-24,34,50,3,-108,-121,10,138,167,63,-62,-93,-30,37,19,-46,-63,-10,61,62,16,10,16,6,33,50,-8,-22,-9,0,9,-6,-19,-48,-230,-692,-1073,-1095,-573,-96,110,80,47,14,-6,-2,26,99,166,212,316,434,337,158,-29,-93,-132,-152,-145,43,346,537,414,15,-217,-162,18,112,68,-48,-149,-184,-165,-66,51,122,79,12,-16,-5,3,-29
20,2,0.44625264406204224,738,-28,-30,-29,-15,-38,-62,-71,-53,220,648,838,694,372,622,996,895,193,-719,-940,-675,-52,217,298,318,200,350,108,-239,-313,-469,-240,192,409,60,-373,-422,-230,-344,-378,-268,-41,248,216,89,-45,-158,-112,-81,-102,12,107,13,-46,-12,81,111,-12,40,29,31,36,25,21,33,256,246,115,-237,-83,276,612,507,351,601,775,425,-167,-697,-691,-391,59,433,571,271,-5,-142,164,490,529,165,-255,-61,68,32,-189,-265,-78,93,57,-67,-136,-305,-245,-265,-242,-144,-46,-17,9,3,67,80
20,3,-0.09246092289686203,739,9,23,21,-5,-5,10,-8,-2,192,419,251,-322,-759,-39,856,1098,351,-316,-352,-160,62,46,11,-135,-369,-468,-323,-12,135,52,-136,-247,-196,-184,-139,-199,-256,-312,-414,-368,-263,-230,82,479,633,235,-138,-313,-196,-51,76,221,301,192,215,197,-15,-17,-5,-22,-42,-28,19,17,28,61,169,142,-224,-616,-635,-103,461,580,335,162,26,-112,-303,-549,-475,-186,37,-50,-210,-212,6,218,259,201,218,549,957,916,665,413,231,245,239,181,5,-258,-426,-344,-8,340,272,-33,-289,-268,-188,-92
21,1,0.23182862997055054,739,-4,5,-4,-8,-6,-13,-4,14,124,519,1053,1257,977,306,-77,-153,-89,-73,-37,-17,-48,-89,-157,-199,-258,-424,-405,-280,-54,101,135,125,118,40,-202,-467,-578,-259,71,176,33,-115,-107,-3,107,168,170,97,-7,-120,-114,-41,26,29,10,6,4,-13,10,4,-4,-12,-7,-36,-206,-697,-1134,-966,-286,171,246,141,80,58,49,81,80,-32,-113,-83,49,198,108,4,-56,-39,-12,39,65,29,-83,-196,-98,49,193,152,19,-78,-70,4,43,6,-50,-24,27,59,20,4,16,12,1,34
21,2,0.43687179684638977,742,17,44,29,-3,29,-3,27,83,279,344,126,-189,26,405,634,457,281,644,654,254,-312,-726,-637,-219,163,606,598,170,-192,-244,162,513,430,-9,-361,-38,87,-69,-267,-300,-62,114,72,-27,-194,-352,-269,-253,-197,-176,-51,17,6,21,72,61,5,52,15,-3,43,59,65,-19,-283,-703,-847,-602,-348,-625,-889,-629,54,1025,1002,547,-106,-351,-380,-325,-306,-296,-37,251,337,486,216,-204,-298,80,403,317,257,379,338,194,-29,-221,-190,-52,108,153,78,39,48,-4,-99,-6,37,-2,-87,-91
21,3,-0.09514006972312927,741,-3,33,26,7,20,43,-6,-27,84,161,50,-259,-293,346,939,809,-73,-610,-553,-289,-25,87,234,386,262,-17,-200,-3,242,201,-50,-317,-335,-227,-207,-413,-849,-973,-865,-573,-348,-338,-185,33,325,327,267,146,-42,-265,-214,72,330,283,211,165,-16,15,14,-23,-28,3,12,-8,130,340,359,-69,-735,-514,233,901,653,130,-129,-73,36,-17,-150,-421,-590,-467,-258,-50,25,-64,-68,-91,-31,-49,-26,122,354,334,108,6,-56,-93,106,398,575,171,-285,-489,-263,92,211,158,103,40,71,77
22,1,0.2827543020248413,738,-10,-3,2,10,11,1,17,140,562,921,759,169,-222,-248,-147,-86,-80,-83,-124,-93,5,122,97,-2,-115,-53,50,50,-4,-43,-100,-117,-57,109,259,210,4,-218,-201,-33,101,98,-1,-80,-55,-7,-10,-36,-51,-34,-21,-42,-32,-23,-42,-50,2,5,-8,-7,-5,-3,14,140,602,1184,1378,1026,288,-84,-150,-101,-93,-59,-26,-41,-47,-103,-168,-264,-467,-478,-296,-51,98,130,117,117,47,-185,-428,-546,-252,67,167,53,-78,-68,7,111,157,171,99,-15,-133,-147,-90,-24,28,1,-11,-22
22,2,0.3618262708187103,736,-8,-50,-17,-29,-40,-16,-23,-59,-247,-249,-75,264,105,-200,-452,-333,-282,-720,-861,-477,203,726,758,418,-55,-536,-719,-361,23,155,-151,-506,-486,-83,312,101,-86,-53,204,306,127,-66,-25,79,130,284,261,262,186,137,5,-50,-57,-31,-59,-69,-20,-38,-19,-8,-44,-56,-62,-20,229,681,841,699,330,543,844,714,115,-815,-917,-649,-28,208,235,227,198,377,191,-191,-312,-499,-242,236,429,67,-367,-421,-221,-319,-386,-279,-53,230,227,109,-61,-182,-118,-72,-70,65,143,5,-78,-45,51,104
22,3,-0.07369835674762726,737,30,-21,-6,19,24,14,8,11,-82,-270,-380,-54,599,667,63,-722,-712,-286,52,32,-70,-32,92,372,567,512,305,70,39,122,97,108,8,-4,15,-90,-351,-432,-226,-53,90,146,-46,-324,-606,-246,221,515,342,-60,-254,-159,-73,-10,-6,-72,1,53,15,12,16,24,-5,-12,100,172,141,-196,-398,113,856,999,182,-490,-635,-334,-48,77,203,313,216,-8,-237,-84,214,243,71,-230,-314,-249,-219,-372,-798,-995,-890,-614,-374,-318,-160,52,376,338,225,91,-66,-243,-268,38,365,414,287,175
23,1,0.2385292798280716,742,-4,-18,10,3,-2,-12,-3,-56,-423,-1268,-1647,-1548,-808,46,306,201,135,112,68,82,81,16,8,106,338,510,339,158,-31,-123,-117,-74,-50,1,99,202,391,206,69,-26,14,32,12,-16,-98,-188,-181,-68,56,149,91,27,-12,-21,-3,23,-3,-6,5,14,3,1,2,2,9,-19,-208,-533,-663,-326,-119,-17,-10,-4,-71,-86,-8,107,220,213,208,303,292,202,25,-75,-116,-162,-177,-26,318,543,491,19,-294,-241,-4,179,124,-64,-162,-180,-123,-77,-32,37,53,11,-9,-15,-13,-51
23,2,0.40872976183891296,739,18,-13,22,19,6,27,37,-13,-229,-620,-796,-673,-381,-438,-715,-659,-188,419,736,616,193,-50,-133,-146,-224,-419,-276,54,307,488,295,-212,-419,-137,312,423,235,272,385,336,84,-176,-219,-106,56,173,174,105,52,-45,-127,-51,28,14,-85,-161,9,-25,-17,-30,1,-12,-17,-55,-165,-148,74,369,224,-23,-176,-105,-272,-753,-1034,-644,64,632,764,537,98,-381,-652,-412,-59,61,-167,-469,-401,-80,188,71,-110,-126,100,247,124,-32,-23,56,83,225,253,261,221,136,-1,-6,-20,-30,-62,-93
23,3,-0.056276965886354446,736,33,27,15,18,33,4,-1,-6,105,210,-41,-381,-237,577,1088,703,-188,-683,-444,-199,70,191,283,342,115,-187,-208,86,263,181,-107,-319,-267,-217,-230,-563,-904,-920,-747,-498,-271,-220,-50,266,378,212,99,-13,-114,-239,-101,209,422,314,250,174,6,-7,0,-28,-22,-31,1,28,181,362,223,-303,-793,-419,309,750,521,144,29,50,75,-58,-269,-550,-577,-392,-110,-34,-112,-159,-115,-14,28,-28,39,329,544,442,183,9,-93,-37,214,553,454,-12,-415,-444,-68,244,207,109,-7,-31,22,70
24,1,0.23182877898216248,739,-22,-12,7,-2,-3,-9,-10,-49,-255,-768,-1156,-1195,-676,-157,44,61,78,81,13,0,22,88,168,217,336,454,373,195,-43,-150,-154,-160,-125,51,339,537,428,56,-186,-151,11,119,60,-63,-185,-223,-177,-80,20,96,84,13,-20,-30,-11,0,11,9,-17,-10,-3,7,12,69,374,954,1130,704,-32,-312,-272,-126,-85,-98,-101,-124,-45,63,110,28,-144,-212,-74,14,57,22,-24,-76,-56,8,118,108,-15,-163,-195,-98,10,63,22,-44,-29,40,47,0,-64,-69,-21,-11,-11,-4,-16,-44
24,2,0.37120676040649414,742,-33,18,4,31,4,-3,4,21,12,-174,-441,-688,-272,-182,-98,-209,141,922,1382,946,51,-627,-856,-630,-254,92,493,526,176,146,270,370,182,89,58,110,196,323,129,-80,-87,-50,-35,-116,-30,-187,-232,-214,-212,-207,-104,-21,42,84,23,48,19,-32,-1,25,15,21,21,-16,-241,-562,-740,-537,-277,-223,-448,-525,-238,170,440,413,209,83,97,30,-181,-509,-444,-98,246,422,214,-318,-536,-274,320,490,258,192,304,403,129,-181,-179,-52,69,226,220,184,117,20,-84,-111,29,69,-30,-121
24,3,-0.06967728585004807,742,-13,30,20,-25,-12,11,-3,2,158,391,322,-247,-851,-392,435,962,509,-42,-225,-160,11,26,-27,-231,-448,-446,-296,-50,25,-44,-76,-177,-126,-130,-81,-4,41,-15,-167,-184,-184,-195,92,511,679,225,-216,-422,-205,68,179,246,252,151,126,146,-14,-38,-45,-17,-38,-28,-1,24,-15,-7,93,211,-55,-603,-867,-496,269,670,560,320,72,-120,-340,-568,-415,-121,117,4,-218,-221,-19,209,206,111,129,477,997,1085,823,455,158,185,151,92,-77,-182,-252,-214,-25,292,279,-47,-316,-291,-220,-134
25,1,0.26399216055870056,741,-2,3,6,8,7,-4,-7,-28,-134,-211,-58,303,497,416,244,92,-21,-37,34,42,-24,-150,-239,-212,-144,-194,-228,-151,-21,59,95,120,118,-32,-325,-461,-295,92,321,236,-11,-186,-127,27,113,120,97,86,37,-50,-83,-34,-4,-19,-6,47,-28,-15,7,3,8,4,-12,-91,-448,-1126,-1541,-1345,-543,99,248,146,115,130,96,72,49,31,63,164,342,497,348,134,-62,-122,-103,-61,-47,31,155,291,335,160,-5,-49,5,56,46,-2,-101,-193,-181,-69,38,120,84,23,-23,-33,16,43
25,2,0.4248116612434387,737,36,-25,-15,-9,29,24,24,-18,-321,-780,-837,-637,-266,-372,-588,-489,-100,548,718,640,135,-13,-70,-127,-299,-510,-361,83,318,438,85,-422,-541,-73,500,516,267,328,438,339,17,-303,-242,-62,107,232,193,99,82,-81,-217,-85,21,23,-85,-190,-7,-18,-16,-61,-30,-18,-41,-74,-161,-76,180,412,181,-57,-194,-117,-307,-937,-1026,-557,201,738,734,451,63,-474,-728,-412,-44,52,-208,-475,-345,-16,235,30,-136,-131,83,182,92,-53,-35,54,143,322,333,312,236,161,47,7,-38,-44,-66,-70
25,3,-0.02947479858994484,735,4,11,23,32,29,18,-1,-37,-195,-389,-231,357,867,557,-111,-610,-555,-276,-106,-105,-46,116,335,599,589,384,109,40,101,157,97,47,21,49,-71,-441,-657,-542,-224,-17,102,23,-243,-571,-431,32,412,416,42,-287,-239,-147,-2,51,-15,-106,44,46,15,23,28,-2,3,3,115,195,-57,-422,-277,491,958,659,-139,-631,-486,-273,11,212,388,385,105,-188,-211,35,183,113,-105,-260,-193,-127,-191,-520,-878,-877,-682,-436,-230,-185,17,344,401,157,-13,-64,-95,-199,-67,226,359,258,211,186
26,1,0.2787325382232666,738,-18,-18,-3,-1,20,-12,-4,-38,-212,-730,-1208,-1303,-817,-246,0,41,100,121,30,12,58,122,180,190,298,467,408,222,-9,-140,-153,-145,-110,-4,228,423,439,102,-178,-209,-27,116,90,-27,-170,-244,-220,-114,10,129,128,47,-23,-21,16,30,4,11,0,-13,-15,-8,-2,44,247,757,1037,690,-22,-363,-320,-146,-63,-75,-103,-98,-23,94,147,86,-50,-169,-59,8,19,-1,-34,-74,-66,22,116,145,17,-154,-251,-163,-30,48,43,-29,-49,-18,-3,-28,-40,-25,17,10,-3,8,-8,-48
26,2,0.3805875778198242,740,-1,-62,-17,14,6,-3,9,-19,-291,-701,-808,-620,-276,-204,-371,-395,-132,352,594,596,289,90,15,-98,-309,-606,-465,-48,305,442,134,-375,-571,-154,472,562,299,282,410,427,139,-221,-251,-89,120,266,214,155,96,-22,-156,-166,-44,1,-52,-137,14,-41,-13,-57,3,-10,-33,-54,-107,15,296,525,238,-7,-149,-24,-238,-864,-1144,-716,23,680,732,516,165,-318,-684,-526,-125,-60,-264,-460,-302,-26,161,64,-153,-197,30,208,124,-22,-64,50,79,316,373,317,233,198,71,18,-5,-22,10,-27
26,3,-0.07771846652030945,741,-11,-25,-5,-20,-26,-5,3,49,249,447,240,-422,-940,-520,255,745,623,200,19,28,42,-89,-287,-564,-633,-440,-151,-59,-90,-173,-106,-47,-36,-76,21,332,531,422,93,-103,-218,-96,243,624,480,-50,-507,-496,-64,283,248,171,40,1,39,121,-34,-32,-16,-37,-37,-1,9,-40,-88,-164,86,374,220,-429,-631,-175,436,734,458,270,-14,-245,-487,-438,-201,165,202,-29,-205,-152,69,243,227,158,200,541,927,902,658,372,238,203,40,-251,-344,-181,-38,8,134,266,116,-235,-413,-312,-221,-171
27,1,0.2760522663593292,742,-24,7,15,13,1,-6,-27,-140,-635,-1287,-1466,-1000,-344,-45,-21,39,145,118,36,35,74,125,161,218,421,443,281,62,-99,-142,-113,-85,-57,117,308,436,200,-63,-175,-57,91,117,34,-99,-191,-206,-132,-29,115,131,69,2,-35,6,30,30,-4,-6,-17,-10,5,4,3,104,408,688,483,-135,-493,-572,-349,-84,1,-47,-110,-40,93,187,151,31,-52,5,63,61,-11,-60,-72,-64,-7,114,211,165,-18,-240,-236,-84,54,85,-15,-82,-66,-8,-24,-41,-23,25,39,15,18,13,-28,-60
27,2,0.3363637328147888,743,33,60,-1,-14,-18,9,2,67,339,704,817,516,132,95,240,362,159,-156,-354,-444,-279,-223,-128,49,375,669,494,60,-310,-463,-81,421,593,142,-488,-507,-247,-264,-365,-446,-157,170,208,59,-153,-301,-223,-200,-118,-40,80,148,82,62,89,121,-31,69,6,33,-8,-20,-19,38,-7,-256,-545,-642,-120,251,190,-176,66,826,1271,781,-39,-770,-753,-554,-199,149,514,521,154,267,381,373,83,-38,-78,20,172,291,111,-115,-103,-77,-30,-89,-56,-328,-388,-268,-152,-195,-123,-42,4,24,8,-5
27,3,-0.03885599225759506,740,22,14,31,-22,20,24,0,-11,82,286,237,-195,-642,-312,323,262,-250,-701,-545,-258,-38,92,230,322,163,-176,-336,-137,163,214,79,-171,-270,-256,-187,-257,-565,-760,-672,-435,-281,-314,-149,112,472,375,116,-81,-114,-177,-90,161,421,433,251,204,16,-12,-27,-29,-22,-24,4,20,95,336,446,77,-654,-955,-533,26,356,367,234,143,82,-13,-243,-485,-649,-563,-247,-45,-94,-178,-171,-55,20,-48,-36,244,708,811,554,176,-67,-145,94,453,600,198,-322,-577,-372,111,399,237,12,-95,-74,32
28,1,0.2854340374469757,737,13,24,-3,-8,6,-2,19,117,536,1153,1206,604,-195,-586,-487,-163,-34,-51,-101,-70,29,79,43,-83,-243,-231,-81,10,53,37,4,1,23,46,29,-58,-118,-191,-135,-47,19,41,8,-2,44,89,46,-16,-71,-63,-11,27,32,7,-39,-76,-16,6,-6,-13,-22,-2,6,33,251,675,979,943,510,261,146,24,-97,-72,19,15,-54,-167,-211,-206,-309,-395,-313,-129,57,134,138,143,94,-106,-348,-463,-208,141,310,140,-88,-179,-73,60,155,188,140,64,-26,-116,-81,-13,8,-20,-28,7
28,2,0.36182618141174316,738,-1,-40,-20,-45,-30,-8,-45,-105,-321,-387,-142,262,347,279,39,-212,-519,-788,-655,-180,322,621,486,230,-214,-684,-761,-313,148,221,-202,-601,-606,-48,438,213,-6,-25,313,464,194,-115,-186,-39,201,421,390,324,246,129,-23,-113,-140,-136,-79,-89,3,-37,-8,9,-56,-14,-21,2,224,664,842,645,103,55,340,520,194,-657,-999,-736,20,402,475,447,303,287,33,-270,-293,-510,-318,40,282,27,-272,-349,-251,-421,-423,-296,-52,229,197,91,-41,25,46,43,2,102,196,81,9,40,93,131
28,3,-0.08575958013534546,740,15,27,23,-6,9,1,6,15,173,424,313,-351,-887,-428,341,576,92,-299,-299,-115,62,76,33,-52,-273,-435,-317,-31,172,101,8,-160,-194,-258,-237,-157,-168,-230,-334,-343,-282,-307,19,451,634,256,-163,-413,-235,-3,176,338,357,243,153,180,12,-13,-51,-28,-22,-14,-6,19,82,178,277,68,-443,-863,-898,-602,-119,241,449,335,68,-102,-300,-565,-490,-257,-26,-26,-213,-256,-89,92,84,-28,29,484,982,1030,698,290,39,35,193,364,243,-59,-327,-438,-166,202,367,112,-182,-222,-183,-36
29,1,0.278732031583786,741,8,1,3,0,9,4,43,226,821,1433,1354,510,-253,-573,-341,-77,-36,-102,-124,-81,-9,19,-47,-180,-347,-256,-93,41,83,109,77,67,63,-4,-88,-210,-202,-155,-53,-12,7,31,37,62,121,144,70,-16,-110,-72,-9,19,21,-5,-61,-62,-2,4,5,-9,2,-12,2,35,175,409,606,560,321,232,126,25,-48,2,86,41,-58,-175,-217,-217,-314,-361,-291,-113,44,119,157,147,52,-203,-417,-401,-36,281,312,82,-109,-137,-12,89,109,124,112,45,-52,-115,-85,-19,-27,-36,-26,20
29,2,0.2586382329463959,741,2,5,12,33,-23,-37,16,-5,-250,-507,-369,-93,135,-215,-742,-634,95,1038,1128,589,-104,-455,-480,-459,-346,-334,-53,244,338,609,380,-39,-265,-43,287,384,281,459,408,240,-7,-199,-146,-34,13,-59,-115,-74,-50,-154,-201,-114,-30,-17,-96,-118,-4,-55,-23,-1,-3,17,-12,-67,-211,-87,409,589,142,-537,-787,-451,-273,-542,-594,-289,137,572,529,247,-102,-551,-632,-302,114,256,-137,-543,-497,-32,353,249,-11,13,361,474,259,-65,-138,-47,95,360,300,297,225,153,-1,-111,-97,-40,-47,-54
29,3,-0.08441995829343796,739,-16,43,27,-7,4,19,-1,-17,103,277,290,-166,-740,-342,630,1313,859,19,-445,-286,45,132,68,-50,-208,-266,-255,9,286,196,9,-234,-237,-202,-203,-238,-298,-357,-441,-342,-352,-275,-94,216,568,362,1,-267,-265,-95,6,163,319,296,233,199,-21,-16,-29,-18,-41,-30,-9,-3,30,157,249,123,-434,-826,-703,-145,294,311,257,179,147,78,-113,-435,-560,-338,-85,2,-195,-290,-125,90,126,-31,-57,234,808,955,674,282,84,20,167,293,329,21,-303,-484,-282,87,317,104,-140,-235,-202,-65
30,1,0.25997114181518555,738,-9,-6,3,-16,-19,-17,-9,46,291,814,1131,941,277,-81,-76,21,-25,-79,-42,-27,-35,-73,-130,-206,-367,-530,-435,-202,32,162,199,195,192,41,-228,-443,-339,-16,220,180,15,-58,-6,87,139,141,112,24,-67,-154,-105,-20,16,-32,-91,-64,0,1,10,0,-3,7,4,-48,-271,-777,-1062,-751,-25,421,502,254,89,80,132,129,2,-109,-121,-12,100,102,-63,-106,-69,-47,7,54,40,-58,-160,-148,-8,189,269,191,61,-42,-47,-32,-6,-47,-12,36,43,2,-44,-55,-50,-50,-13,36
30,2,0.521298348903656,738,15,2,7,-30,16,-9,-122,-140,238,784,701,-88,-671,-617,-66,553,811,499,46,-114,-203,-254,-305,-389,-192,171,363,390,254,-114,-287,-141,234,338,287,324,474,394,89,-150,-141,-99,-3,16,29,34,-21,-160,-233,-153,-32,30,-2,-102,-169,-279,-16,-18,13,4,-25,-44,-123,-225,-398,-610,-784,-761,-309,58,-125,-612,-974,-585,34,461,517,445,144,-230,-567,-411,-99,50,-143,-416,-299,-38,181,67,-147,-99,139,378,268,91,-48,-38,79,266,313,307,227,194,83,51,48,30,-29,-70,-9,129
30,3,-0.057616546750068665,736,17,0,-33,15,17,-4,24,26,23,-227,-358,-75,560,719,-204,-1373,-1369,-399,301,220,-59,-188,-13,180,240,374,268,63,-184,-196,-58,192,266,247,239,209,249,287,382,352,310,261,166,-130,-597,-575,-144,185,255,142,12,-103,-240,-307,-204,-221,12,13,-1,1,25,36,24,-11,-6,-63,-124,-144,-3,382,434,2,-442,-470,-217,-87,-106,-115,17,283,502,438,122,17,184,308,198,-50,-183,-81,1,-95,-606,-976,-787,-410,-183,-96,-158,-204,-158,42,294,506,407,70,-221,-132,69,260,201,91
31,1,0.1755441576242447,740,9,-9,-8,-1,-5,-3,-11,-24,-124,-347,-527,-440,-163,-30,-189,-314,-219,6,70,9,-24,58,150,214,266,304,271,137,-45,-155,-167,-176,-164,-63,123,303,294,58,-139,-165,-38,69,68,-18,-121,-174,-111,-23,70,122,100,25,-24,1,40,39,-3,-6,-13,1,-2,-8,-11,27,228,569,745,534,-67,-428,-334,-91,-21,-92,-154,-144,-73,7,30,-46,-135,-152,-87,-1,69,68,44,-8,-35,-19,27,63,29,-42,-101,-118,-85,-17,-9,-3,23,33,28,-51,-112,-68,-4,49,88,84,23,-75
31,2,0.5655223727226257,739,0,8,-9,-15,-6,1,5,28,40,106,248,415,506,502,416,324,441,782,861,419,-238,-542,-494,-344,-217,40,262,263,136,128,166,142,2,-105,-41,151,286,259,93,-51,-120,-134,-127,-112,-127,-212,-255,-237,-211,-231,-198,-122,-46,16,23,10,-5,3,14,3,8,11,-13,-81,-300,-635,-863,-779,-510,-393,-420,-333,-13,323,423,336,233,216,92,-141,-338,-315,-94,137,306,329,60,-202,-205,97,301,252,181,312,344,170,-87,-240,-175,8,145,177,134,75,11,-31,-31,30,79,43,-5,-60
31,3,-0.057616397738456726,737,32,21,-19,20,26,19,-9,13,-64,-402,-471,51,945,1082,60,-827,-904,-419,-78,17,-1,-33,-42,27,296,535,432,84,-211,-185,53,266,298,259,173,48,38,90,269,412,470,397,160,-140,-499,-316,8,316,269,117,-42,-54,-198,-169,-152,-276,27,2,2,-9,35,36,3,6,-41,-59,-211,-218,-89,240,297,199,-10,-163,-182,-169,-211,-217,57,456,692,435,103,-90,22,186,132,-127,-271,-124,79,-58,-559,-889,-626,-309,-154,-88,-217,-181,-107,249,607,760,442,-94,-380,-220,80,266,284,198
32,1,0.22244878113269806,744,2,-1,10,8,-2,-1,-13,-110,-495,-1131,-1235,-633,177,516,385,148,57,97,123,135,60,-33,-55,42,210,248,120,12,-77,-92,-35,34,1,-51,-110,-59,23,123,133,95,73,80,94,52,-69,-157,-109,24,112,111,47,-19,-62,-42,24,91,-2,-21,-10,0,6,3,-11,-34,-186,-560,-852,-878,-601,-476,-439,-303,-102,2,-20,-30,-10,95,186,227,269,299,232,82,-38,-94,-132,-142,-63,155,400,463,191,-138,-262,-118,75,137,16,-81,-80,-8,51,71,131,159,84,-15,-30,30,38,6
32,2,0.30018284916877747,742,5,-19,-13,-19,10,54,25,1,59,300,418,184,-79,-385,-182,286,624,342,-435,-885,-558,-64,163,94,247,544,687,322,-237,-690,-731,-225,257,412,-41,-392,-413,-214,-269,-391,-345,-106,132,104,-127,-287,-296,-144,29,144,221,163,88,3,49,107,-22,14,9,85,-3,18,4,27,82,194,396,200,-52,-505,-300,209,523,761,988,811,259,-465,-722,-609,-351,-55,408,442,151,11,116,198,228,67,-144,-68,213,427,240,-198,-396,-336,-49,88,91,-78,-333,-488,-387,-273,-179,-165,-56,-47,-38,-23
32,3,-0.052254803478717804,737,1,56,27,-3,5,-17,26,-5,49,211,349,22,-703,-1128,-686,-186,20,-127,-326,-166,-189,-175,-48,127,160,-127,-357,-173,70,148,27,-211,-359,-314,-214,-87,-148,-354,-563,-533,-415,-399,-260,-26,413,566,434,248,144,1,-16,18,262,378,345,350,-10,11,-3,-7,-23,-24,-8,-11,27,216,367,224,-135,-270,387,1023,839,69,-311,-65,175,212,-15,-412,-745,-701,-376,-52,41,-93,-128,-55,50,12,-126,-49,315,701,576,242,-24,-113,21,241,378,96,-413,-779,-712,-289,96,169,-12,-183,-210,-107
33,1,0.22914905846118927,740,-1,1,12,11,-2,-7,-20,-59,-260,-603,-886,-1000,-503,-103,82,16,-132,-211,-181,-101,-64,43,196,308,471,493,353,146,-66,-120,-153,-146,-74,163,391,465,194,-204,-399,-242,-1,56,-41,-76,-31,22,37,61,141,171,79,-24,-23,63,112,47,3,5,-4,-9,0,-3,10,154,721,1454,1480,847,-66,-226,-70,-46,-222,-307,-225,-143,-51,-21,-44,-180,-390,-260,-72,-2,49,78,51,31,25,52,107,42,-61,-187,-153,-78,-46,-24,-40,-19,82,171,104,-37,-174,-170,-99,-83,-11,-9,-60,-132
33,2,0.3685273826122284,737,-6,26,40,-9,-47,-6,-27,7,-6,168,455,524,310,246,140,66,251,1017,1415,715,-169,-740,-731,-614,-543,-255,151,401,464,497,292,-7,-193,-132,123,337,353,431,228,1,-60,-3,-5,-15,-18,-206,-281,-285,-332,-393,-272,-135,-67,-166,-174,-59,-25,11,25,24,47,23,-52,-73,-437,-830,-761,-338,249,406,116,-259,-527,-436,7,238,109,7,-91,-314,-512,-598,-306,108,413,372,-31,-417,-412,82,400,304,186,143,245,235,-30,-115,-63,74,127,182,109,126,161,73,40,54,82,69,7,-68
33,3,-0.05761672183871269,735,1,-25,-30,21,10,25,-23,-27,-37,-238,-451,-185,652,1199,673,194,192,328,127,-158,-276,-188,-66,82,351,367,195,-79,-317,-134,172,366,381,317,305,223,125,33,203,458,455,355,130,-210,-573,-412,102,484,511,168,-153,-320,-367,-231,-120,-156,26,29,11,4,23,18,1,16,-8,38,1,-146,-241,162,638,510,19,-280,-206,-92,-85,-54,208,561,669,208,-99,-174,-5,79,-158,-387,-437,-305,-129,-135,-521,-837,-810,-640,-529,-308,-127,-18,112,225,319,418,403,43,-209,-213,156,467,499,365
34,1,0.2733738124370575,736,0,4,-17,-11,-6,-16,1,39,241,718,1106,964,330,-163,-432,-410,-231,-101,-34,-42,-12,31,47,-11,-108,-144,-42,14,59,67,49,20,14,67,145,166,22,-125,-214,-157,-101,-128,-165,-159,-59,20,48,8,-49,-70,-53,-71,-52,-7,-4,-58,-11,3,-9,1,-13,-4,-26,9,200,643,1061,1050,556,192,164,118,-73,-238,-150,-54,-32,-65,-153,-271,-386,-429,-272,-82,71,78,86,139,156,48,-172,-333,-271,-14,185,202,58,-65,-61,28,118,121,33,-65,-113,-136,-84,-21,15,-1,-35,-36
34,2,0.6151054501533508,740,18,11,-44,-22,-4,-51,-1,60,181,46,-249,-204,317,943,1064,610,84,-201,-304,-182,-79,-59,-27,66,426,660,398,-21,-384,-466,-22,391,379,-51,-332,-199,-78,-300,-517,-366,12,219,55,-148,-268,-370,-374,-229,-33,56,52,21,-64,3,56,91,29,63,13,-6,-3,6,-9,-16,-156,-519,-684,-752,-346,-135,216,277,421,1221,1463,842,-75,-538,-522,-269,-202,59,197,214,198,241,212,85,-117,-119,7,222,200,302,136,-39,-72,-136,-114,-117,64,-68,-116,-213,-193,-238,-154,37,31,-10,41,32
34,3,-0.07235915213823318,742,-6,8,-14,3,18,-13,19,35,-91,-409,-424,85,698,125,-1022,-1046,-74,521,186,-111,-50,78,26,14,202,387,238,-53,-201,-33,190,282,247,279,286,154,-16,7,111,234,250,283,9,-335,-629,-238,177,352,194,-65,-185,-118,-144,-168,-272,-249,-40,13,26,-5,20,11,-3,-17,4,23,-120,-241,-207,-94,-246,-607,-766,-379,-126,-99,-182,-87,343,729,719,106,-245,-301,-25,154,42,-226,-376,-241,-97,-215,-679,-948,-872,-545,-309,-266,-285,-201,-18,219,379,509,403,-19,-273,-123,212,313,319,193
35,1,0.2693515121936798,740,-18,8,18,5,-1,13,-9,-132,-547,-1097,-1254,-869,-311,-165,-167,-121,-8,40,59,86,88,124,206,321,474,367,175,0,-99,-90,-116,-150,-116,44,195,288,134,-89,-159,-44,78,81,12,-72,-87,-59,-28,5,53,51,3,-36,-32,30,39,13,4,0,-10,-5,6,2,28,173,572,1034,1003,449,-150,-423,-432,-251,-91,-14,-41,-76,-43,-23,-11,-71,-134,-68,-28,13,55,81,19,-50,-18,77,150,90,-40,-137,-121,-26,-3,-51,-101,-85,29,91,35,-43,-69,-36,-43,-57,-25,4,-30,-70
35,2,0.3618260324001312,743,23,-6,-39,10,-30,-10,16,127,380,669,672,218,47,30,54,133,474,1060,1021,306,-336,-629,-425,-149,144,581,553,271,0,80,279,407,194,-227,-394,-94,200,204,-175,-349,-299,-147,-138,-183,-240,-401,-418,-337,-296,-171,-91,-139,-125,-103,17,113,10,37,43,41,-8,-14,-63,-143,-396,-663,-625,-438,109,304,53,-23,342,1026,1192,718,16,-211,-155,-242,-597,-531,-265,244,398,522,87,-355,-490,14,289,336,222,335,377,305,96,-99,-54,-26,77,50,11,-25,-110,-125,-49,7,2,-18,-35,-75
35,3,-0.09513989835977554,742,-16,31,12,-14,-9,-17,-39,31,253,539,453,-247,-742,-195,563,657,203,69,238,275,154,82,-10,-201,-310,-170,16,131,-38,-148,-142,-79,-187,-397,-316,37,468,365,7,-339,-525,-448,71,657,777,196,-472,-786,-458,71,411,398,198,93,63,54,11,-2,11,0,-7,-34,28,-27,-117,-224,50,382,325,-86,-235,36,138,12,34,134,196,105,-199,-459,-308,143,342,130,-223,-179,261,733,740,363,136,330,729,825,563,304,318,362,211,-56,-237,-248,-328,-337,-122,82,58,-306,-517,-424,-327,-250
36,1,0.21976926922798157,743,-3,4,4,-5,-3,2,-13,-24,-135,-395,-511,-255,146,151,-62,-138,59,249,208,45,-71,-121,-195,-230,-204,-152,-135,-119,-64,-13,53,127,150,28,-219,-400,-323,8,304,310,120,-33,-31,51,59,-30,-103,-55,-2,20,-10,16,5,-48,-86,-39,-3,1,0,-4,-1,-12,-9,-51,-315,-931,-1423,-1304,-603,-58,-18,-71,17,120,94,76,107,118,167,270,397,445,318,125,-93,-180,-169,-124,-90,-47,71,204,244,90,-86,-102,79,205,153,26,-145,-242,-202,-61,66,138,130,69,7,-32,24,116
36,2,0.18359261751174927,737,6,8,18,5,-15,-25,-19,-6,-88,-237,-236,30,323,306,-162,-566,-454,106,761,874,516,101,-124,-162,-207,-300,-232,-58,145,302,304,71,-226,-270,-74,77,115,103,205,221,107,-64,-190,-170,-47,97,130,90,16,-23,-52,-39,5,27,0,-30,9,-3,-18,-18,-17,-20,3,-10,-38,-122,-158,-45,317,646,519,-14,-509,-601,-534,-315,66,344,393,315,158,-35,-201,-209,-80,-5,-145,-298,-262,-42,174,164,-54,-213,-118,70,130,45,4,-9,-2,89,185,252,249,190,91,-29,-66,11,69,39
36,3,-0.10318101942539215,741,-6,-14,5,9,24,40,2,-18,-49,-75,-191,-174,172,374,211,-309,-438,-260,-94,-85,-189,-168,118,544,594,133,-171,-113,249,290,-59,-388,-430,-126,34,-197,-656,-747,-626,-475,-393,-346,-361,-277,-32,228,477,548,309,-80,-221,27,280,382,428,338,24,2,47,8,-4,-12,-5,33,199,473,383,-235,-748,-88,766,592,-199,-566,-239,5,-14,-132,-177,-248,-458,-569,-379,-37,18,-85,-289,-240,-204,-367,-458,-342,-223,-257,-329,-335,-484,-582,-303,157,491,221,-160,-310,-127,56,247,400,515,372,271,87
37,1,0.2318287044763565,739,15,25,11,2,-22,-2,13,51,315,950,1303,942,59,-444,-364,-123,-56,-107,-105,-21,86,114,57,-45,-124,-123,-34,1,11,27,10,-35,-97,-77,8,59,-1,-122,-168,-87,-42,-51,-75,-49,62,179,138,-8,-95,-82,-52,-72,-49,-15,-15,-93,-7,0,5,-15,-22,-19,-24,10,131,454,805,959,747,498,231,59,-14,15,78,53,-12,-93,-157,-179,-267,-375,-353,-184,60,199,214,170,139,48,-145,-330,-278,-15,174,89,-100,-188,-72,84,199,150,42,-15,-61,-97,-85,-30,50,24,-38,-36
37,2,0.42481160163879395,741,-59,-33,-36,-27,-46,15,-1,58,209,596,778,622,-210,-476,-452,-216,-461,-1179,-1163,-296,437,558,241,132,112,-86,-310,-285,-327,-449,-343,-8,223,145,-122,-342,-393,-258,29,105,94,156,130,154,190,202,173,134,120,108,-11,14,70,142,82,3,35,38,-35,-15,6,19,-7,111,297,333,-191,-1066,-1164,-179,556,749,123,-401,-436,-260,-85,-71,-59,218,444,491,216,-204,-397,-140,311,627,400,-21,-261,-182,1,-109,-232,-243,2,218,259,68,-193,-236,-244,-183,-75,104,173,51,-158,-109,-67,30
37,3,-0.15812566876411438,740,5,68,63,7,27,3,7,10,77,222,147,-106,-212,618,1519,1537,615,-287,-387,-155,-85,-75,-33,23,38,-126,-151,-76,12,1,-118,-198,-282,-228,-163,-173,-301,-528,-364,-349,-466,-445,-247,57,299,249,71,7,25,61,86,131,301,272,133,102,10,30,-7,10,-19,-21,-14,1,115,144,246,56,-306,-794,-791,-865,-746,-67,493,472,273,-6,-177,-396,-587,-201,148,244,49,-123,-68,94,301,53,-94,94,462,689,316,85,93,18,143,61,-40,-194,-262,-294,-249,22,229,178,-9,-163,-102,-27
38,1,0.2479114830493927,743,-2,10,-8,-19,-14,-7,-10,38,243,663,892,662,162,-113,-316,-365,-222,-84,-98,-204,-140,6,84,20,-83,-71,73,131,103,77,27,-51,-88,-16,121,206,98,-118,-264,-241,-154,-143,-152,-163,-51,67,89,22,-33,-44,-34,-74,-53,2,-18,-89,3,6,-4,2,-20,-12,8,53,298,868,1283,1128,284,-264,-272,-24,23,-73,-67,12,33,-40,-170,-274,-429,-503,-365,-143,105,187,150,105,95,68,-57,-237,-268,-64,170,191,9,-118,-67,46,163,181,136,25,-92,-171,-146,-66,-4,5,-21,-54
38,2,0.14606985449790955,735,-1,34,-24,-40,-9,-33,6,14,-117,-232,-31,609,725,67,-816,-1043,-600,-63,804,935,479,-91,-270,-221,-209,-443,-492,-128,337,418,408,-72,-461,-393,200,548,439,166,222,312,130,-57,-218,-190,-39,109,243,251,106,16,-89,-149,-71,-45,-82,-93,43,-23,-71,-32,-28,46,7,-13,-53,-137,-95,-84,-89,18,-102,-368,-641,-867,-1041,-687,-85,366,667,509,198,-71,-415,-375,-123,-39,-77,-307,-406,-226,138,173,-113,-236,-115,107,157,8,-117,-112,-39,42,235,344,415,333,63,-52,-66,19,115,12
38,3,-0.12998373806476593,739,4,-7,1,-4,29,33,18,-6,4,25,-93,-181,63,699,759,403,-259,-477,-264,5,30,-36,38,281,209,-211,-398,-242,80,162,-31,-349,-487,-366,-217,-268,-654,-888,-647,-457,-333,-344,-302,-128,78,175,195,280,256,115,71,111,188,236,225,191,-4,11,50,-18,-3,8,6,-8,145,302,210,-41,-139,691,1542,1498,238,-463,-205,101,204,49,-112,-248,-346,-374,-213,-40,57,-44,-100,-202,-226,-260,-154,-82,-92,-248,-165,-317,-388,-455,-223,89,366,280,-11,-233,-191,17,150,149,116,32,-8,91
39,1,0.2197684943675995,739,1,11,18,-7,-6,2,17,34,158,473,732,650,105,-370,-450,-146,103,193,152,70,-25,-169,-222,-193,-172,-272,-299,-183,10,149,147,116,77,-22,-182,-285,-133,171,338,225,2,-62,24,136,189,192,145,65,-42,-123,-110,5,84,54,13,23,-12,-14,4,-6,-14,-10,-7,-87,-422,-1060,-1263,-702,114,533,491,260,134,104,94,56,6,-44,-15,55,159,222,144,42,-64,-146,-130,-9,61,51,-70,-124,-45,57,84,71,79,79,58,53,-26,-155,-143,-30,86,116,54,18,-13,-15,57,130
39,2,0.07102402299642563,737,34,15,-15,-10,-24,-7,-5,16,13,64,148,150,-57,-239,-44,399,590,277,-370,-1023,-1000,-308,264,485,483,435,303,38,-149,-212,-279,-260,-119,57,110,40,-156,-331,-419,-336,-170,-18,115,157,138,69,60,151,208,185,114,80,38,16,50,72,-2,2,10,20,-3,-3,-16,-19,-2,122,151,-48,-285,23,809,1229,905,410,238,280,202,8,-86,-139,-130,-15,148,275,136,-111,-271,-87,257,369,74,-262,-302,-102,-46,-158,-305,-244,-86,6,95,58,-33,-107,-161,-180,-144,-66,19,8,-55,-66
39,3,-0.10184033215045929,738,6,1,6,0,17,-5,-2,-23,-12,0,-40,-55,177,775,1135,871,193,-170,-140,-56,-94,-78,79,363,370,138,-95,-95,55,168,26,-208,-330,-264,-150,-152,-314,-422,-353,-255,-179,-166,-164,-107,-74,-20,4,74,32,-48,-96,-29,44,149,151,129,-4,7,8,6,-8,19,14,19,85,236,199,-174,-838,-1246,-1185,-785,-236,150,206,146,141,102,69,-125,-304,-339,-167,43,139,65,-52,-147,-211,-273,-280,-184,-104,-92,-150,-179,-279,-359,-214,47,310,191,-36,-227,-207,-111,14,104,171,110,63,51
40,1,0.26667124032974243,743,4,13,-9,-19,-15,-1,12,83,381,988,1262,809,-34,-540,-564,-267,-19,68,32,-32,-27,-14,-71,-193,-334,-337,-137,4,83,80,38,-13,6,57,94,55,-44,-132,-106,-46,-72,-91,-56,2,100,169,95,-40,-90,-46,2,-23,9,42,3,-66,-12,-2,5,8,-6,1,-3,30,173,492,784,911,664,364,42,-68,21,81,46,7,5,-41,-115,-178,-294,-393,-363,-246,-64,69,129,170,166,19,-208,-304,-137,159,277,127,-114,-224,-128,13,107,88,34,-15,-90,-164,-130,-38,27,-11,-52,-60
40,2,0.2586382031440735,741,2,-14,-11,-5,-5,-1,-3,24,111,258,331,347,490,720,719,537,269,-153,-681,-805,-418,70,284,311,371,464,324,13,-222,-333,-268,-4,222,180,-74,-240,-266,-299,-307,-242,-101,85,241,244,120,-27,-85,-60,-16,23,59,-17,-74,-27,79,119,1,11,11,-3,2,17,12,12,81,168,132,23,-42,48,295,531,571,521,526,421,76,-270,-373,-252,-19,216,346,234,23,1,189,439,446,120,-189,-105,165,239,23,-164,-158,-82,-55,-44,-49,-136,-251,-323,-276,-149,26,129,98,-12,-93,-61
40,3,-0.0924597904086113,737,5,-3,-15,35,20,17,40,-42,-165,-472,-463,87,668,262,-361,-261,342,437,102,-47,-35,-97,-166,165,688,836,395,-132,-249,-85,73,128,146,301,358,195,-1,30,256,438,623,634,235,-315,-756,-486,71,382,278,39,-213,-278,-322,-261,-180,-179,-4,-5,-1,-5,24,49,16,16,-15,-64,-151,-128,112,337,71,-372,-420,-180,-64,-76,-62,17,154,403,642,425,109,64,248,331,-8,-383,-462,-180,82,-72,-594,-872,-803,-643,-472,-243,-79,-12,56,204,419,498,324,-32,-137,28,318,459,458,324
41,1,0.2599709928035736,739,-3,-1,-12,-24,-18,-5,15,109,553,1230,1511,1223,538,140,-36,-99,-155,-108,-25,-32,-58,-72,-111,-242,-457,-432,-201,0,97,54,23,35,53,40,-32,-111,-161,-91,19,17,-68,-109,-68,37,145,147,28,-78,-155,-159,-84,-61,-23,-5,-21,-15,0,-9,-11,-10,-6,8,14,-10,-39,14,76,-98,-533,-725,-329,142,376,260,88,-2,-37,-106,-157,-182,-230,-315,-309,-173,-6,77,103,131,104,-42,-242,-310,-62,251,312,118,-71,-85,17,122,121,79,19,-22,-86,-95,-34,63,78,29,9,28
41,2,0.6057247519493103,738,-20,10,-4,-15,-8,-7,-84,-134,115,616,845,347,-486,-853,-522,-115,-53,-88,-9,97,130,68,-90,-280,-372,-192,58,116,-51,-280,-316,-106,135,164,31,-71,-12,110,148,72,-29,-24,38,138,177,132,66,44,16,-8,23,32,22,-53,-73,-6,3,-1,-10,-11,8,17,63,174,339,492,536,328,80,-14,-104,-373,-757,-705,-218,221,323,308,303,273,98,-88,-187,-250,-213,-75,80,82,4,-84,-133,-182,-200,-176,-54,96,154,78,-48,-64,27,124,125,96,74,11,-27,25,70,65,47,103
41,3,-0.08307924121618271,736,-11,-10,-43,3,-18,-27,-19,27,-63,-125,-38,201,566,389,-62,-210,-64,256,370,266,171,106,-32,-319,-441,-192,77,164,14,-98,50,312,400,261,131,340,728,917,822,536,420,295,161,-90,-386,-355,-250,-198,-194,-29,55,-95,-369,-418,-326,-234,-2,30,26,-7,11,1,-12,-18,-82,-356,-458,-32,769,1259,927,255,-326,-712,-595,-141,-20,-9,43,276,677,615,183,-137,-206,80,268,197,154,232,237,55,-154,-174,7,144,288,414,180,-157,-527,-342,-39,206,199,-51,-194,-156,-163,-92,-49,-27
42,1,0.2572910487651825,741,1,6,5,-17,-12,-15,-10,26,180,459,754,886,967,857,426,16,-144,-47,72,45,-60,-121,-158,-221,-397,-437,-321,-110,35,94,113,116,75,-100,-318,-338,-32,238,243,45,-132,-119,27,149,161,95,23,-42,-102,-123,-52,-16,-50,-79,-17,37,-5,4,14,4,6,-6,-18,-178,-682,-1224,-1144,-326,396,466,184,67,130,159,109,27,-38,-32,45,157,288,184,28,-70,-125,-77,-12,7,-17,-63,-88,-3,109,136,84,54,122,145,101,-8,-93,-75,11,70,101,55,19,26,4,14,52,73
42,2,0.23987683653831482,739,19,26,3,-9,-7,-2,-10,4,-37,-151,-246,-338,-539,-756,-692,-348,-161,-170,-70,173,310,172,30,3,-26,-135,-228,-158,21,172,187,-5,-277,-367,-157,87,174,130,113,199,206,73,-96,-162,-102,72,182,180,111,57,-9,-36,-16,2,17,27,5,-4,-2,1,13,6,12,-1,-2,-6,-11,126,461,920,945,305,-330,-628,-556,-452,-331,-63,166,183,133,50,-48,-106,-105,-73,-148,-206,-222,-111,30,72,-7,-135,-133,-8,83,62,10,45,58,59,84,115,111,79,83,63,27,-16,2,18
42,3,-0.0844186395406723,738,-4,3,-3,-5,5,4,14,18,71,234,237,-102,-407,-16,837,1115,532,-124,-260,-13,125,77,-14,-69,-195,-326,-227,-16,112,33,-139,-211,-179,-168,-202,-194,-196,-218,-278,-344,-412,-396,-193,135,348,253,54,-81,-144,-158,-59,103,243,263,185,148,14,1,-2,9,-1,-4,1,10,71,156,204,24,-415,-822,-985,-747,-250,219,408,285,139,28,-84,-321,-494,-304,44,172,67,-115,-89,88,181,63,-54,63,341,451,269,128,74,129,290,325,249,23,-142,-219,-206,-98,12,33,2,-58,-61,-40
43,1,0.25058990716934204,740,-21,-8,6,10,1,-17,-7,-52,-283,-929,-1472,-1361,-547,173,405,163,14,-37,-10,15,27,20,51,182,355,478,323,109,-83,-180,-189,-129,-80,-4,66,126,171,95,-29,-104,-47,37,57,0,-114,-180,-145,-65,1,71,74,34,-16,-18,34,82,-9,-5,-1,-5,-5,-10,-8,13,89,253,310,17,-401,-712,-757,-359,7,139,49,-31,-5,53,70,64,102,160,212,165,50,8,-69,-122,-112,-53,129,267,188,-88,-315,-271,-98,-20,-74,-150,-95,12,61,-19,-69,-29,8,-19,-35,17,47,-8
43,2,0.23451784253120422,742,-4,-8,-18,-17,1,-4,-14,15,107,261,371,379,427,491,422,270,113,-198,-627,-759,-438,60,306,307,359,419,243,-60,-295,-417,-315,-32,221,193,-57,-209,-236,-243,-284,-265,-114,54,165,162,54,-44,-54,-16,87,186,143,10,-51,35,109,49,6,-10,20,9,-7,9,-1,13,78,167,40,-315,-719,-829,-387,272,702,691,512,323,116,-133,-284,-270,-64,212,374,269,40,-46,129,458,587,272,-132,-222,-31,66,-36,-186,-123,16,46,4,-70,-129,-186,-188,-117,-51,4,22,37,-16,-50,-45
43,3,-0.09514010697603226,741,-46,-9,-5,6,46,40,-5,22,-6,-11,-64,-154,4,222,-131,-756,-927,-434,-46,12,-135,-93,229,574,573,120,-35,29,230,257,20,-259,-285,-112,-7,-170,-603,-745,-601,-380,-346,-322,-114,46,263,294,278,308,228,0,-30,103,250,254,190,80,18,2,39,-41,-46,-7,-19,29,201,434,176,-209,-349,435,1407,774,-414,-755,-120,260,263,21,-128,-360,-581,-483,-92,201,217,-36,-204,-244,-174,-193,-76,-32,24,-106,-247,-403,-626,-587,-120,358,577,252,-164,-430,-338,-90,107,291,354,263,211,199
44,1,0.2157459259033203,743,-2,5,-4,-8,-4,-6,-1,131,604,1301,1458,937,142,-268,-211,-112,-104,-96,-76,-55,-47,-78,-135,-223,-352,-345,-229,-83,63,117,106,73,65,10,-69,-151,-126,-37,24,16,-45,-55,-10,27,79,99,34,-52,-106,-111,-70,-40,-24,-28,-56,-68,-4,-11,-11,-17,-11,-10,-25,-46,-118,-171,-11,353,683,916,641,109,-162,-66,183,234,84,-120,-240,-199,-192,-193,-125,-17,47,44,42,37,4,-90,-206,-207,-15,210,239,59,-65,-89,-34,16,35,53,66,36,-7,-60,-39,-12,-65,-105,-55,32
44,2,0.18359264731407166,737,10,6,-19,0,19,5,-11,-2,63,201,393,594,749,768,542,103,-385,-732,-863,-664,-228,192,372,395,349,162,-83,-181,-198,-311,-338,-210,-31,62,41,-10,-78,-142,-182,-153,-71,-1,74,111,70,29,17,69,115,112,44,-38,-40,39,67,31,-4,-1,15,-4,-1,-8,4,39,190,340,231,-74,-155,172,551,602,436,229,-8,-187,-183,-86,9,44,164,358,366,70,-241,-296,-27,334,386,5,-362,-294,-66,-45,-256,-344,-149,136,245,129,-88,-210,-123,27,98,109,63,9,-15,-20,-23,-12
44,3,-0.0924605131149292,741,5,-36,-43,42,32,40,29,51,-125,-410,-413,21,572,81,-1165,-1336,-519,214,217,-14,-174,-140,15,278,582,513,161,-41,-37,145,282,176,36,28,128,96,-127,-132,82,355,563,643,315,-163,-556,-366,79,481,537,195,-150,-284,-372,-199,-145,-89,9,16,0,-23,14,40,1,22,88,122,94,-219,-407,-191,-70,-231,-253,-37,34,-168,-288,-84,363,632,491,-30,-235,-182,84,187,-26,-271,-300,-97,-25,-254,-640,-835,-698,-411,-298,-285,-215,57,412,446,270,166,144,13,25,208,386,381,227,70
45,1,0.24791072309017181,739,-12,11,1,8,-4,-8,-15,-142,-545,-1091,-1053,-399,270,432,231,9,-58,21,116,126,49,-29,-43,-2,67,45,-7,-15,0,20,32,18,-28,-59,-78,-32,71,178,145,55,-7,-1,37,38,-28,-52,14,59,57,13,16,37,-3,-21,19,53,-22,-8,19,17,6,5,-2,-72,-381,-860,-1110,-902,-481,-276,-169,-49,5,-34,-104,-80,14,119,198,295,476,514,338,99,-66,-110,-121,-136,-133,8,206,292,101,-147,-228,-130,51,93,19,-93,-141,-92,-17,63,163,177,120,68,58,59,39,10
45,2,0.30554184317588806,740,-14,44,-14,-2,15,18,-9,61,219,526,517,127,-126,-258,-25,346,521,413,205,-33,-153,-264,-173,13,399,797,874,404,-78,-252,133,775,866,153,-500,-409,-92,3,-190,-542,-300,-16,63,42,-110,-256,-232,-203,-78,-37,-37,15,24,30,-17,43,-24,30,12,23,28,-2,11,9,-80,-303,-458,-408,-72,24,-66,-315,-195,513,1201,1010,161,-357,-530,-667,-579,-387,87,404,252,385,399,262,-124,-245,-93,207,308,581,428,255,47,-41,-119,-75,5,-70,-150,-125,-129,-195,-146,-82,39,-35,-107,-47
45,3,-0.09514027088880539,740,2,-19,-6,-9,-6,13,13,6,-111,-266,-195,234,463,-58,-1032,-1252,-785,-20,450,598,404,-30,-408,-380,5,367,389,104,-108,-53,151,247,288,226,205,229,269,361,447,413,494,466,239,-247,-495,-260,58,179,283,182,-50,-344,-446,-274,-104,-56,-1,7,-9,15,13,6,8,17,-16,-136,-198,-72,179,46,-614,-938,-744,-297,-229,-217,-98,88,375,537,530,149,-175,-269,-63,85,38,-157,-218,-73,7,-86,-358,-371,-297,-194,-136,-173,-309,-337,-204,63,237,323,345,80,-88,-62,49,115,100,95
46,1,0.24255090951919556,743,-7,4,11,1,-21,-26,-18,-119,-490,-921,-854,-284,198,177,-25,-53,42,85,86,89,64,21,5,16,30,-43,-66,-24,-2,-12,18,50,29,-65,-150,-124,17,181,150,14,-93,-40,66,90,12,-57,-49,-67,-76,-54,4,63,13,-38,-4,57,-2,8,9,19,10,3,-11,-113,-521,-1108,-1344,-1053,-390,-50,-17,-94,-115,-43,-6,34,15,41,128,257,428,430,267,66,-67,-74,-88,-134,-136,3,176,258,109,-120,-218,-127,42,125,47,-75,-170,-130,-47,62,152,149,101,79,57,62,61,39
46,2,0.2894601821899414,743,-14,32,-11,-44,-1,-4,-18,10,203,498,454,225,-50,25,323,606,504,-62,-717,-834,-446,-150,59,221,529,720,499,16,-368,-577,-258,347,617,235,-350,-368,-127,-194,-320,-405,-189,69,191,143,-18,-169,-118,-63,66,100,99,75,99,142,151,122,-10,18,80,75,37,49,27,44,93,71,-92,-328,-554,-602,-427,-34,356,833,998,568,-164,-669,-624,-418,-141,208,496,294,-5,53,409,596,373,-120,-415,-114,207,362,86,-204,-201,-19,89,134,36,-195,-277,-248,-191,-104,17,78,143,43,-73,25
46,3,-0.10184159874916077,739,34,26,-7,39,35,17,7,-14,-38,-162,-193,-177,94,170,-12,69,491,518,-116,-567,-412,110,569,708,519,74,-254,-223,82,189,44,-244,-298,-112,-40,-287,-670,-548,-272,-38,-77,-304,-413,-304,-16,269,380,392,295,79,-29,101,248,311,246,113,-1,-28,23,-11,5,1,2,19,154,412,347,-214,-597,71,1071,780,-376,-982,-610,-263,-165,11,236,246,-208,-532,-459,-26,177,79,-220,-260,-157,-148,-107,-123,-96,-234,-303,-401,-495,-548,-342,164,544,279,-141,-411,-375,-193,49,240,423,275,197,157
47,1,0.24120938777923584,739,-16,-6,-11,-11,-19,-13,-2,13,59,243,535,724,623,307,51,-90,-135,-107,-13,60,37,-15,-75,-121,-147,-254,-249,-149,18,100,133,135,135,67,-132,-304,-296,-17,241,221,17,-131,-119,-7,82,111,74,-21,-113,-215,-170,-67,-18,-7,-2,19,1,-17,-10,6,9,-7,-14,-53,-272,-908,-1420,-1307,-422,258,488,299,46,-99,-63,-6,13,22,50,98,177,315,262,161,14,-62,-108,-88,-85,-80,7,47,94,55,7,-51,-54,-12,39,58,-3,-75,-68,20,68,79,55,63,46,25,30,48
47,2,0.3216238021850586,738,-47,24,43,81,25,-49,-21,-22,5,-60,-244,-409,-146,96,492,420,293,695,1316,1122,155,-563,-764,-550,-360,-86,277,302,143,257,502,470,168,-75,-20,150,257,387,175,-75,-140,-98,-14,54,70,-74,-205,-253,-284,-313,-111,93,104,80,35,46,8,-5,-6,17,2,-11,-4,-70,-292,-684,-709,-292,75,339,151,-176,-460,-284,163,529,426,199,38,-168,-439,-630,-456,-74,289,374,109,-428,-630,-152,357,385,214,134,278,415,233,-79,-188,-155,63,184,134,31,-21,-72,-33,-95,-43,-131,-65,-63
47,3,-0.06967656314373016,737,-14,-1,16,0,13,27,-18,12,55,80,60,-176,-284,116,582,467,-14,-351,-458,-277,-194,4,293,505,474,62,-227,-141,90,145,-103,-405,-537,-348,-193,-314,-658,-760,-619,-412,-380,-351,-262,-30,244,273,182,151,88,-8,-31,119,423,467,390,211,-25,54,38,-17,-27,-8,-12,-22,104,361,467,50,-553,-255,883,1414,744,-180,-330,18,142,-2,-104,-238,-471,-587,-464,-94,54,-19,-166,-199,-216,-144,-133,-64,143,146,27,-138,-329,-544,-364,53,425,187,-287,-538,-508,-117,203,209,285,104,38,6
48,1,0.25997182726860046,743,-1,-1,-10,4,-17,-11,17,71,289,815,1194,1073,470,-50,-240,-179,-81,-50,-24,-3,20,-29,-94,-149,-225,-338,-308,-193,-17,90,136,189,170,18,-174,-352,-248,25,228,193,14,-81,-26,109,195,156,64,-10,-62,-132,-134,-82,-27,-28,-39,-19,-11,-17,6,6,-2,-16,-3,-53,-309,-802,-961,-492,273,651,463,21,-222,-143,69,168,63,-40,-101,-34,96,187,117,46,-32,-44,-10,16,1,-30,-60,-65,-19,68,51,-9,-85,-45,51,76,11,-64,-17,33,42,28,15,19,-13,-23,4,35
48,2,0.2680189311504364,741,1,-30,-33,-39,11,-9,7,3,-353,-691,-573,-65,148,-49,-649,-978,-700,-280,-57,98,181,275,198,-69,-433,-720,-534,-104,260,297,-146,-614,-654,-14,461,297,182,204,425,538,274,-28,-120,-148,51,215,313,210,113,-22,-122,-151,-73,-72,-41,-14,20,-42,-31,-90,-12,43,31,8,59,200,309,327,-71,-258,-351,-126,-183,-797,-1292,-953,-111,492,641,512,430,198,-169,-271,-196,-422,-498,-261,151,283,148,-99,-158,-325,-175,8,166,190,154,-11,-59,22,182,203,200,271,128,23,21,28,-11,-81
48,3,-0.09513935446739197,736,-3,30,35,6,-31,-16,-10,-30,35,311,512,177,-468,-624,236,1219,974,156,-141,2,57,-28,26,-40,-316,-606,-483,-60,163,23,-131,-278,-284,-287,-323,-179,-13,227,115,-148,-387,-586,-430,51,582,578,55,-461,-615,-323,-10,176,252,157,42,42,22,-20,-21,10,-13,-1,-2,16,-31,-66,-94,93,327,146,-72,94,473,454,242,144,233,101,-314,-657,-573,-169,169,65,-133,-183,92,376,488,332,196,160,540,808,637,335,176,238,287,130,-152,-344,-369,-371,-251,-16,158,38,-276,-477,-487,-380
49,1,0.2693517208099365,739,-4,-3,-4,3,5,1,-1,62,299,640,586,0,-566,-931,-646,-119,184,146,-32,-89,-19,52,54,13,-59,-36,21,30,23,59,28,-26,-19,55,160,158,47,-86,-99,-12,79,21,-78,-72,21,116,70,7,-7,-2,2,6,24,30,-21,-65,-1,-1,-10,-14,-12,-6,13,113,491,1096,1308,877,158,-316,-179,68,100,-93,-160,-90,19,-21,-125,-221,-327,-389,-295,-120,53,128,147,157,111,-55,-239,-350,-192,70,226,155,-2,-114,-84,66,139,152,60,-32,-97,-150,-126,-78,-22,-30,-19,17
49,2,0.2961612641811371,736,-3,-42,-60,-57,-26,12,-25,-51,-212,-361,-119,364,531,251,-222,-527,-648,-796,-937,-617,-47,347,433,418,126,-370,-620,-315,87,29,-362,-594,-391,134,363,32,-161,-90,265,394,203,-37,-141,-88,74,290,377,314,320,333,87,-70,-235,-107,-16,-11,-10,-4,-3,-16,-3,12,19,40,309,608,599,213,-266,-304,22,298,173,-210,-571,-660,-250,124,349,595,697,557,224,-210,-448,-593,-306,189,521,281,-150,-283,-284,-407,-415,-348,-96,86,180,57,-55,-117,-11,101,92,168,209,169,136,117,55,10
49,3,-0.10184074193239212,736,-1,32,2,-21,-10,6,-11,53,228,449,171,-433,-744,-175,266,110,-207,-134,-1,-30,-13,98,279,121,-270,-425,-155,178,227,-3,-273,-392,-381,-399,-377,-496,-376,-365,-340,-443,-661,-598,-82,550,758,345,-158,-385,-303,-93,233,431,421,267,195,203,-5,5,8,-22,-24,-35,-1,14,107,175,189,61,-288,-13,559,1036,732,122,0,171,251,103,-270,-565,-576,-150,65,105,-134,-153,36,231,196,-44,-38,358,875,836,414,-3,-139,-49,130,187,24,-285,-514,-543,-376,-37,62,-92,-286,-349,-272,-78
50,1,0.2599703371524811,742,11,1,1,-1,7,9,38,166,594,1001,874,175,-376,-606,-356,-35,102,-25,-106,-74,-12,11,-5,-91,-207,-137,-10,65,96,93,28,0,39,100,137,46,-73,-113,-40,23,19,-39,-110,-89,-5,79,47,-35,-95,-90,-64,-7,34,13,-62,-95,-11,1,-15,-12,-12,-22,3,151,566,1041,1109,626,119,-12,160,218,78,-94,-71,-16,-43,-137,-192,-204,-304,-304,-229,-51,82,127,109,116,39,-169,-363,-349,-49,214,257,110,-55,-127,-58,86,176,128,23,-60,-159,-167,-140,-77,-46,-39,-1,19
50,2,0.2680189907550812,739,-71,-18,45,46,58,18,6,1,16,39,16,-252,-434,-357,-111,369,565,723,954,1040,661,-98,-405,-529,-426,-221,166,360,259,54,208,405,316,99,-195,-218,60,192,233,56,-58,-141,-71,19,48,-70,-212,-331,-294,-376,-398,-157,48,149,-1,-59,-2,32,-18,-21,18,-13,19,48,-80,-376,-588,-416,-45,279,-45,-794,-1183,-786,34,529,454,145,-69,-222,-403,-567,-436,-119,242,362,308,-104,-471,-447,19,309,231,134,244,452,389,154,-105,-202,-88,66,94,90,-77,-117,-126,-163,-138,-118,-62,-7
50,3,-0.08575860410928726,737,40,7,25,-19,3,25,13,51,205,434,211,-399,-642,117,683,312,-311,-499,-163,149,205,149,120,-42,-273,-482,-268,81,269,170,-95,-250,-337,-433,-459,-521,-482,-437,-317,-224,-433,-565,-230,370,655,350,6,-168,-87,61,302,537,491,218,90,88,32,-9,-11,-28,-32,-30,9,37,166,315,363,18,-493,-588,-354,-9,220,443,474,279,49,-173,-404,-642,-603,-238,167,197,-66,-304,-159,27,72,-162,-249,138,767,872,468,21,-269,-173,107,213,137,-94,-347,-469,-365,-13,218,70,-151,-219,-163,-21
51,1,0.26667216420173645,739,11,18,5,6,-4,-7,4,110,466,1051,1185,687,-81,-594,-635,-309,-62,32,14,-30,-19,2,-6,-117,-261,-273,-116,-4,49,70,73,65,39,29,25,-35,-69,-82,-24,42,27,-64,-103,-81,1,80,70,2,-53,-70,-43,-42,9,31,-2,-59,-7,-14,-18,-13,-6,-5,-3,28,222,614,870,853,654,688,651,316,-40,-181,-57,35,6,-99,-195,-186,-185,-205,-166,-92,6,63,97,121,90,-65,-276,-375,-185,98,212,113,-26,-85,-38,51,127,125,74,-15,-128,-209,-142,-68,-42,-62,-44,5
51,2,0.3122430443763733,742,41,-15,-60,2,-1,-14,14,-30,-103,-101,79,197,61,-309,-728,-920,-1041,-1096,-920,-345,164,609,531,397,276,-105,-320,-204,-126,-328,-620,-559,-241,172,249,-39,-152,-246,-72,95,97,-12,-99,-58,10,255,306,209,314,330,153,51,-47,28,108,19,-30,21,10,1,-7,-12,-5,97,369,663,588,357,186,257,382,272,-21,-489,-667,-475,-42,28,0,158,445,541,250,-213,-405,-428,24,494,457,-85,-373,-239,-149,-390,-424,-309,-1,321,286,73,-115,-166,-52,64,174,179,166,99,44,64,50,50
51,3,-0.0629761666059494,741,-15,-40,-26,28,33,4,-2,-10,-40,-295,-485,-273,431,790,183,-345,-324,-14,-6,-147,-117,-34,4,199,521,696,452,64,-134,55,171,159,22,131,338,305,-66,-457,-340,-79,261,451,234,-191,-555,-437,94,477,457,149,-277,-456,-385,-147,108,156,8,16,30,-21,-8,-11,11,33,43,134,143,-74,-409,-394,-332,-552,-768,-647,-342,-202,-119,197,504,585,413,-23,-282,-150,158,402,250,-91,-327,-277,-92,-120,-470,-873,-842,-405,-118,-138,-233,-70,340,489,384,295,170,29,-16,98,382,440,356,226
52,1,0.2760520279407501,743,-19,-7,-10,3,-4,6,4,-88,-438,-997,-1244,-948,-450,-292,-334,-295,-127,33,47,21,2,65,140,207,297,282,164,36,-21,-73,-107,-119,-59,104,271,354,127,-147,-259,-152,12,95,38,-93,-167,-157,-50,58,174,179,114,58,34,47,56,10,1,7,-5,-3,5,0,3,94,414,829,819,231,-415,-794,-681,-258,39,91,-29,-110,-72,-15,25,-60,-203,-194,-72,49,82,91,37,7,21,76,119,69,-44,-139,-66,41,71,10,-50,-53,-16,57,42,-18,-44,-49,-42,-24,30,14,-46,-107
52,2,0.3082215189933777,737,61,-24,-48,-28,-7,-43,9,-34,-185,-205,32,305,285,50,-508,-831,-986,-1158,-1064,-457,205,606,609,319,82,-277,-321,-148,-42,-263,-574,-563,-247,170,246,-31,-138,-154,127,260,168,-73,-157,-80,6,199,260,168,217,250,97,20,-85,-8,-7,-78,-43,-14,-11,-45,11,8,-21,53,309,594,504,344,87,128,345,443,97,-644,-911,-616,31,290,196,185,433,430,195,-206,-383,-575,-176,218,323,-10,-202,-135,-78,-330,-447,-313,-105,179,222,79,-114,-159,-63,19,122,174,187,119,85,176,163,105
52,3,-0.11256178468465805,740,-20,-16,-38,7,7,-22,-6,-27,-46,-233,-339,-45,442,249,-747,-1527,-1154,-9,427,85,-185,-323,-316,-170,-23,308,413,60,-372,-477,-167,196,334,243,178,120,324,403,459,241,259,374,396,57,-418,-544,-180,99,278,229,52,-93,-439,-470,-268,-104,8,5,0,1,48,60,31,4,-43,-144,-236,-178,83,449,487,191,153,200,132,-153,-418,-415,-4,390,702,530,207,-26,-106,37,128,37,-52,18,122,63,-324,-749,-670,-333,-118,-23,-92,-173,-229,-9,257,508,550,222,-115,-190,-75,114,182,112
53,1,0.24791070818901062,739,27,9,-4,-7,-4,-5,-3,84,411,847,843,306,-303,-563,-443,-119,91,59,-74,-132,-46,26,29,-48,-156,-138,-32,27,56,62,42,-5,6,59,132,92,4,-75,-42,-2,-10,-49,-111,-135,-76,7,38,6,-36,-53,-40,-23,26,29,-11,-56,-8,10,2,-6,-20,-21,-5,91,451,1035,1277,1008,393,125,166,202,111,-3,-22,-22,-61,-139,-195,-235,-336,-336,-221,-96,32,99,149,176,116,-51,-225,-312,-154,96,242,175,62,-19,12,112,206,221,120,1,-119,-187,-152,-77,-29,-39,-24,5
53,2,0.2894599139690399,739,-5,1,-33,-27,-25,-8,9,26,108,401,624,552,282,-47,-45,236,327,10,-498,-763,-562,-132,102,159,375,602,558,132,-330,-522,-520,-71,403,434,2,-259,-179,-142,-348,-468,-389,-151,90,179,136,17,-50,-65,-33,106,296,305,201,114,123,127,-25,-25,7,23,21,-8,2,-5,66,172,166,-65,-254,-117,267,735,892,890,976,939,407,-154,-515,-486,-307,-130,157,247,154,36,199,469,456,164,-231,-289,-61,45,33,-113,-123,-15,124,114,2,-81,-196,-214,-168,-226,-204,-36,40,68,-1,-23
53,3,-0.08441988378763199,739,12,23,44,-8,-31,17,0,15,66,324,460,167,-518,-860,-472,-231,-418,-473,-262,41,317,469,410,49,-457,-686,-454,27,398,283,-37,-203,-195,-190,-213,-117,131,399,208,-123,-527,-734,-509,86,629,552,59,-310,-542,-275,50,305,452,281,67,62,29,7,-20,3,-16,-32,-43,-27,-40,-84,-116,134,379,235,107,287,669,581,208,-50,-186,-190,-197,-252,-336,-131,146,82,-79,-202,-72,152,308,263,127,146,546,885,659,263,115,339,488,285,-152,-406,-440,-339,-320,-83,87,-61,-391,-440,-266,-99
54,1,0.25058937072753906,743,-19,-3,15,0,-8,-13,-29,-160,-664,-1321,-1410,-775,75,486,252,-85,-184,-20,106,140,68,54,111,227,411,380,231,72,-67,-138,-149,-140,-112,-16,72,182,112,-13,-164,-169,-28,102,97,-14,-125,-164,-82,33,122,135,93,35,-25,-12,41,57,18,13,8,1,-3,4,3,-3,-45,-145,-363,-538,-541,-564,-451,-264,-99,-27,-72,-55,-15,49,86,102,126,200,202,117,-5,-84,-142,-155,-87,100,298,317,57,-208,-282,-180,-37,5,-74,-127,-111,-66,-32,-6,45,86,61,22,30,51,14,-65
54,2,0.2680191695690155,742,-49,-15,7,7,-3,5,18,25,144,531,728,452,73,-137,68,478,642,420,256,75,-198,-289,-388,-171,170,436,497,126,-182,-439,-224,334,740,493,-217,-546,-296,-133,-243,-475,-447,-45,185,224,18,-188,-269,-262,-152,15,140,193,66,32,76,102,-76,-37,40,46,26,16,8,-19,-1,-90,-285,-446,-482,-331,-165,36,146,525,1311,1343,566,-267,-691,-515,-399,-349,-38,225,308,282,436,401,189,-19,-47,74,187,346,330,137,26,-105,-81,-90,-114,-109,-147,-38,-84,-186,-257,-82,32,45,-106,-96
54,3,-0.09379925578832626,738,18,-11,-18,20,-11,17,2,-10,57,301,445,88,-567,-661,66,315,-158,-672,-689,-246,154,277,149,62,-180,-449,-466,-179,37,115,46,-108,-265,-385,-478,-472,-463,-372,-312,-309,-429,-629,-505,-42,562,644,196,-151,-359,-203,2,289,461,369,133,91,-9,1,7,36,13,-9,-10,34,23,115,171,212,41,-400,-698,-718,-488,-149,53,100,34,99,20,-289,-674,-550,-115,118,15,-228,-206,70,307,295,130,171,546,839,749,382,125,54,126,176,44,-148,-287,-353,-346,-72,164,183,-111,-301,-261,-133
55,1,0.24120956659317017,739,-15,-2,-5,6,-4,-11,-30,-141,-598,-1229,-1399,-929,-273,-8,-98,-209,-219,-89,4,56,75,138,204,288,420,424,309,153,-34,-146,-166,-109,-50,102,228,302,136,-94,-245,-200,-79,51,6,-140,-230,-204,-97,12,95,146,133,78,0,-20,-25,-24,10,-6,-7,4,0,-3,7,85,317,552,446,-31,-446,-656,-524,-225,-49,-83,-173,-130,15,107,95,-7,-95,-42,17,34,26,41,-12,-56,-18,65,176,157,-9,-173,-167,-46,26,-47,-150,-148,-57,41,34,8,14,10,7,-6,12,8,-35,-77
55,2,0.2961612045764923,737,33,7,5,-26,-5,-17,-19,-2,-149,-529,-677,-369,-62,3,-385,-836,-848,-355,-39,142,196,210,226,3,-264,-505,-594,-217,86,319,201,-366,-742,-438,222,514,243,130,272,453,317,42,-36,-114,30,197,306,251,-1,-192,-305,-241,-114,-84,-75,-67,66,24,-40,-61,6,-19,10,6,-1,52,213,414,363,270,82,-29,-71,-532,-1391,-1290,-384,356,664,501,392,348,49,-222,-253,-248,-434,-439,-212,-24,7,-111,-160,-325,-262,-94,30,104,66,97,95,98,207,121,130,210,281,138,21,-20,68,11
55,3,-0.0763777643442154,737,-13,-2,0,-5,-3,-24,12,24,-59,-204,-282,39,544,388,-375,-645,-165,490,748,423,31,-244,-266,-352,-217,173,382,171,-110,-272,-121,230,434,447,367,375,526,655,506,262,225,580,682,240,-326,-426,-71,196,150,6,-103,-235,-504,-567,-335,-162,23,-35,18,12,20,8,33,-24,-48,-251,-372,-227,282,634,396,41,19,11,5,-62,-131,-148,-44,284,740,696,223,-126,-53,266,238,32,-187,-57,184,91,-402,-739,-482,-61,210,282,12,-278,-411,-259,143,495,617,245,-298,-450,-195,140,308,186
56,1,0.2599699795246124,743,-12,-6,2,2,7,-2,-6,-98,-464,-1113,-1453,-1153,-381,180,238,44,-67,-21,52,90,52,40,66,196,392,499,392,195,-16,-139,-171,-151,-103,8,107,192,174,59,-82,-90,18,112,102,18,-122,-161,-110,-24,45,88,87,47,-12,-50,-40,0,-13,-3,12,12,14,7,-8,12,26,-82,-266,-426,-437,-421,-412,-292,-148,-76,-112,-123,-37,97,182,153,71,23,24,29,-4,-10,-45,-113,-85,62,308,400,181,-177,-320,-200,-5,71,8,-76,-111,-80,-68,-44,19,91,75,27,6,50,35,-23
56,2,0.33100447058677673,740,27,4,-25,-58,-2,8,-38,31,-76,-420,-488,-165,138,-17,-634,-1299,-1222,-757,-637,-480,-246,118,365,286,118,-103,-488,-326,-127,25,-149,-465,-526,-252,282,355,-27,-73,111,291,304,39,-228,-244,-85,87,304,194,114,121,61,-81,-49,-94,-84,-36,-3,-20,-63,-35,-47,40,30,21,55,320,502,398,232,-93,-32,286,313,-206,-1155,-1332,-579,140,360,347,407,518,409,42,-316,-372,-451,-82,286,311,-113,-320,-215,-201,-309,-243,-77,113,208,103,-70,-92,-108,3,120,215,234,143,49,116,194,184
56,3,-0.12328159064054489,736,-4,28,26,-21,29,36,-4,12,145,380,282,-190,-712,-423,46,-144,-635,-646,-178,281,478,394,238,59,-161,-395,-229,-13,195,54,-169,-300,-239,-169,-170,-210,-273,-276,-337,-453,-658,-679,-238,270,632,417,44,-253,-270,-157,128,371,532,435,266,254,53,21,12,4,-17,-19,1,4,95,185,271,94,-316,-438,6,492,540,215,80,157,227,29,-285,-642,-771,-429,-61,73,-77,-279,-95,147,215,-30,-195,8,582,885,684,355,38,-82,38,192,165,-121,-487,-646,-356,156,351,164,-143,-281,-295,-153
57,1,0.23853003978729248,738,-1,-8,-6,-8,-9,-5,-3,-6,25,208,455,572,529,200,127,191,167,25,-36,39,64,-22,-89,-18,217,441,321,-17,-254,-232,-115,23,68,12,-111,-200,-144,130,264,122,-121,-230,-120,-7,30,-42,-110,-108,-53,18,108,129,116,19,-42,-15,-9,-8,-10,11,9,8,2,-20,-259,-1000,-1614,-1587,-1055,-94,159,38,-80,-109,-56,-19,-11,32,124,230,301,402,310,228,156,1,-83,-159,-189,-114,59,228,398,113,-191,-313,-154,27,20,-69,-240,-235,-143,-32,43,110,108,82,34,-21,-12,0
57,2,0.28678059577941895,743,-62,-19,-2,-14,-5,4,27,31,269,633,737,429,-47,100,557,1068,921,718,926,1079,453,-29,-393,-593,-464,-101,241,292,192,178,362,505,319,-82,-274,-230,58,73,-36,-102,2,97,63,18,-4,-39,-71,-80,-159,-254,-215,15,93,36,-72,-137,41,25,29,45,45,21,1,-14,-125,-435,-609,-561,-174,329,477,141,-229,-177,270,630,609,75,-204,-270,-365,-444,-356,3,432,622,523,52,-236,-62,299,384,189,138,240,241,106,6,-28,-35,23,50,48,-68,-215,-260,-253,-143,-51,-186,-179,-77
57,3,-0.12060220539569855,735,-11,40,44,-15,-3,20,6,-26,84,276,361,10,-581,-402,448,934,425,-79,-108,114,116,-32,-60,-9,-71,-310,-358,-157,103,169,60,-227,-302,-209,-107,-148,-363,-577,-683,-614,-555,-520,-338,12,484,444,116,-163,-167,-103,37,222,493,473,291,207,-16,19,-10,-31,-32,-17,-22,8,28,199,292,153,-250,-571,-290,296,292,-202,-462,-195,218,359,126,-366,-725,-559,-187,129,64,-180,-186,26,283,207,33,55,507,898,782,358,-33,-251,-85,188,303,17,-400,-714,-642,-190,172,194,80,-88,-134,-42
58,1,0.2358497679233551,742,-9,-27,-15,-9,-17,-2,1,-1,63,312,550,642,499,222,145,110,56,-33,-17,39,38,-13,-18,99,329,485,343,72,-133,-173,-75,41,48,-25,-126,-162,-60,233,322,107,-154,-216,-75,20,22,-74,-109,-76,1,58,113,94,33,-60,-122,-74,10,2,-15,-10,11,-1,-3,-46,-368,-1198,-1622,-1494,-722,62,188,4,-109,-89,-62,-68,-22,114,248,256,244,257,230,209,119,-38,-174,-242,-225,-98,114,338,404,48,-275,-284,-79,50,0,-99,-236,-221,-182,-60,54,144,104,68,21,-10,-1,7
58,2,0.3403852581977844,738,5,-14,-4,-18,-1,16,2,-40,-197,-488,-614,-333,219,560,235,-452,-692,-363,21,186,193,144,57,-8,-170,-360,-349,-55,318,456,207,-119,-183,69,301,274,143,126,232,229,121,-36,-144,-174,-98,-15,15,-52,-145,-169,-177,-201,-230,-233,-133,-29,28,9,4,0,-28,-5,-21,-32,-191,-356,-326,-57,76,-149,-516,-773,-670,-615,-761,-765,-408,-3,286,372,287,53,-160,-205,-213,-264,-353,-335,-174,-23,-59,-159,-193,-117,1,42,18,-3,27,83,114,121,133,123,170,234,166,21,-36,28,89,69
58,3,-0.08575903624296188,734,2,2,2,16,-17,-20,-36,17,-11,62,85,165,89,-282,-333,62,428,246,-41,-91,51,160,-23,-418,-692,-514,-42,230,120,-208,-212,53,374,330,44,7,361,794,742,380,41,-94,34,196,169,-122,-413,-589,-565,-190,105,114,-180,-397,-355,-250,-9,-29,-27,4,0,-15,5,-15,-61,-291,-480,-167,569,808,61,-414,-3,502,409,-140,-531,-404,-105,87,322,511,465,155,-137,-69,119,371,325,263,298,310,374,306,253,222,388,681,624,88,-551,-669,-161,439,511,227,-94,-369,-580,-511,-259,-116
59,1,0.2224481999874115,738,-6,6,-10,-4,-22,-20,-29,29,251,772,1165,1075,515,107,78,173,174,42,34,61,65,-45,-135,-90,25,86,10,-112,-155,-97,-8,75,107,13,-124,-245,-101,200,297,86,-160,-204,-66,45,40,-50,-105,-99,-80,-41,39,70,58,-14,-48,-37,-10,-5,-1,-2,-15,-1,-11,-61,-283,-796,-1059,-792,-199,81,88,55,71,123,79,22,-11,37,116,216,322,331,221,97,-20,-118,-186,-195,-128,-14,100,224,218,119,-48,-115,-50,13,13,-53,-137,-152,-90,20,95,141,134,134,72,20,-11,-12
59,2,0.3122430443763733,741,-27,4,3,6,-3,-2,8,22,192,621,794,653,186,-188,-136,344,680,338,-246,-529,-430,-50,143,172,401,508,332,-119,-525,-733,-396,80,303,-68,-501,-568,-307,-288,-354,-296,-115,63,180,179,86,3,-5,144,331,369,270,147,93,251,207,119,-29,11,17,-13,3,-18,31,53,332,725,737,270,-203,-134,220,719,782,634,718,721,321,-68,-308,-549,-497,-43,336,328,225,232,383,508,298,21,-101,-36,131,128,-23,-100,26,90,-9,-27,-103,-154,-193,-123,-121,-211,-112,29,83,65,-41,-67
59,3,-0.08441946655511856,741,-1,19,9,-4,-4,5,-34,-2,50,295,529,278,-494,-924,-327,301,260,-13,-51,109,80,73,119,10,-405,-709,-569,-109,80,-84,-256,-247,-49,9,-109,-155,38,320,320,27,-363,-672,-590,-20,489,494,-42,-591,-688,-280,214,497,533,298,70,41,-17,-28,-31,37,21,-18,-22,42,-19,-50,-72,145,293,-10,-443,-309,197,512,358,91,-64,-21,16,-263,-450,-234,223,330,113,-235,-256,65,364,400,251,272,592,889,819,498,292,222,223,47,-241,-417,-415,-418,-394,-163,117,98,-195,-404,-368,-302
60,1,0.2572906017303467,743,-14,6,6,-1,-14,-16,-35,-163,-593,-1137,-1142,-636,-174,-121,-177,-108,41,83,24,3,51,140,216,273,393,391,279,89,-60,-151,-202,-201,-121,72,255,365,245,60,-96,-85,-17,-10,-82,-170,-171,-114,-30,39,93,130,123,84,40,9,-8,-17,-6,7,1,-2,-8,1,0,-84,-371,-787,-909,-676,-321,-258,-268,-140,71,138,28,-77,-33,80,129,20,-113,-135,1,143,157,104,-26,-64,-24,130,229,215,-72,-282,-220,33,196,136,0,-75,-15,55,74,77,59,4,-86,-102,-15,49,34,-12
60,2,0.32430338859558105,736,20,-8,22,-22,-9,-38,8,-2,-9,-186,-306,-474,-414,-247,-31,70,115,332,788,840,449,-149,-506,-517,-519,-413,-96,373,589,721,602,271,-102,11,317,430,192,180,249,302,175,-106,-296,-276,-135,31,-44,-126,-196,-239,-194,-104,-156,-280,-259,-128,-8,1,1,29,24,5,3,-113,-410,-962,-1020,-510,138,436,178,-179,-440,-518,-574,-419,12,367,369,296,14,-484,-614,-211,194,294,-147,-536,-492,33,393,278,-9,-37,139,190,62,-138,-159,-131,50,253,241,153,17,-11,-6,-158,-217,-278,-116,-76
60,3,-0.10318116843700409,740,-25,-16,-30,19,-9,-11,37,8,-119,-358,-376,55,723,435,-381,-786,-298,113,26,-162,-230,-204,-238,35,474,678,384,65,-41,147,223,198,165,229,306,254,158,35,108,245,462,621,279,-230,-675,-424,14,333,151,-81,-264,-270,-275,-187,-113,-142,-23,10,24,0,55,65,-18,10,5,-73,-158,-201,54,365,247,-277,-624,-550,-391,-376,-341,-151,228,557,671,347,-130,-300,-110,218,190,-65,-290,-192,-79,-282,-750,-959,-648,-317,-180,-279,-317,-163,195,439,528,495,344,15,-230,-151,163,307,253,122
61,1,0.2318289875984192,738,-10,-19,4,10,10,-3,-9,-76,-354,-902,-1120,-773,-69,333,265,-16,-176,-80,-5,-18,-64,-15,87,175,283,374,293,120,-51,-127,-115,-115,-116,-21,123,257,220,79,-57,-99,-17,57,65,16,-62,-95,-26,70,148,216,186,148,40,-18,-2,39,11,-6,4,0,7,-11,1,-41,-247,-755,-1050,-924,-513,-399,-412,-216,106,238,60,-101,-105,26,72,-2,-174,-247,-142,65,186,153,30,-56,-83,19,186,292,130,-137,-224,-70,118,151,12,-115,-112,-35,15,58,95,94,-4,-67,-43,26,33,-29
61,2,0.3310045003890991,739,36,-44,10,28,4,22,-18,-77,-394,-957,-977,-379,291,337,-241,-980,-968,-603,-451,-354,-28,176,275,173,-49,-479,-498,-97,283,331,-150,-514,-368,238,552,312,92,91,200,340,111,-223,-261,-183,12,62,113,119,42,16,-70,-158,-203,-266,-86,-72,-10,12,-24,15,-43,12,-2,-51,-138,-115,-24,186,57,-220,-427,-280,-105,-454,-1058,-1120,-304,89,384,475,459,246,-59,-305,-381,-414,-520,-219,44,73,-141,-236,-136,-194,-200,-181,-99,34,162,97,30,2,127,256,356,339,183,1,23,123,131,64
61,3,-0.07637889683246613,740,36,21,-2,-23,-28,-30,4,60,201,353,304,-268,-745,-395,330,454,170,81,342,492,240,-124,-438,-706,-608,-236,182,293,46,-182,-158,-3,22,-116,-48,379,788,616,267,-31,-170,-48,242,402,186,-225,-617,-606,-235,209,375,261,-32,-201,-215,-108,-31,-67,20,9,-38,0,32,-16,-159,-265,7,437,306,-453,-977,-517,168,339,71,-295,-329,-171,-107,-138,54,312,339,151,-78,-85,240,409,334,217,189,336,547,567,409,322,495,543,170,-290,-478,-249,-71,-79,-152,-197,-252,-543,-551,-325,-159,-98
62,1,0.21306654810905457,742,-1,-10,-4,-6,-16,1,4,12,189,756,1173,1192,723,245,185,277,236,23,-121,-83,-53,-68,-93,-10,166,328,207,-65,-234,-187,-18,156,184,58,-162,-327,-273,170,401,247,-51,-164,-65,85,111,3,-63,-72,-29,10,56,41,25,-13,-6,8,-12,-13,-10,-5,12,-7,-3,-37,-270,-910,-1300,-1085,-311,324,499,227,-54,-176,-113,-59,-53,9,176,303,383,471,339,186,40,-84,-87,-97,-117,-89,35,228,340,187,-42,-166,-131,-97,-78,-98,-166,-167,-143,-25,91,195,165,113,15,-46,-64,-31
62,2,0.3216237425804138,742,20,11,-23,-13,-26,-2,21,-20,-186,-286,-230,-21,-27,-199,-437,-519,-470,-710,-1049,-1020,-171,269,690,656,502,189,-175,-381,-334,-456,-640,-370,52,171,-13,-148,-147,-220,-177,-117,-42,71,199,172,100,100,191,221,305,367,164,-44,36,79,118,58,-40,2,6,-16,-15,-25,-5,76,348,852,958,524,-102,-401,-122,278,463,229,-35,-112,-134,-15,-215,-187,182,637,550,55,-435,-514,-52,377,381,-142,-625,-479,-206,-166,-285,-185,24,254,297,218,63,-41,-57,18,55,67,69,197,157,283,228,196
62,3,-0.10184026509523392,738,-30,-12,-36,-56,-29,-26,2,7,-17,-38,11,184,177,-171,-292,6,512,817,877,674,491,210,-18,-212,-284,-105,134,74,-164,-361,-148,213,484,416,169,228,606,855,565,236,128,278,311,84,-279,-457,-422,-288,-243,1,229,83,-251,-385,-339,-161,11,-14,-16,-4,14,10,44,38,-84,-361,-479,-67,621,671,-127,-768,-515,-24,128,69,73,-19,-173,-74,393,709,482,30,-106,45,135,130,27,151,303,212,-64,-301,-169,27,281,583,444,-91,-602,-528,35,464,471,182,-151,-260,-282,-143,-7,-61
63,1,0.2425518035888672,738,0,14,11,2,6,-9,7,-1,55,26,-67,-232,-327,-395,-456,-371,-191,-95,-113,-130,-86,-17,-55,-168,-360,-460,-282,11,218,246,150,40,4,84,184,208,48,-125,-103,91,238,221,82,14,-3,39,-11,-90,-183,-231,-216,-170,-91,-4,34,22,12,1,3,12,-18,1,4,120,624,1496,1624,1383,410,-19,77,178,89,-35,13,116,115,-100,-288,-327,-276,-196,-182,-190,-114,-20,60,143,160,12,-175,-380,-242,85,250,97,-152,-171,-5,156,231,153,48,-52,-129,-137,-81,-48,19,0,-16,-12
63,2,0.34976595640182495,737,-10,-25,-21,-30,23,-36,-27,45,162,271,151,-86,-20,211,398,192,15,583,1258,1252,241,-258,-574,-563,-365,-61,275,416,430,529,628,411,12,-90,82,217,164,279,258,227,124,-15,-221,-223,-115,-158,-194,-115,-173,-253,-205,-62,-82,-135,-126,-32,40,15,14,2,7,26,-17,-76,-326,-831,-899,-573,-33,169,-141,-582,-727,-524,-309,-96,250,187,166,52,-213,-431,-254,150,549,463,2,-389,-395,79,460,403,161,138,270,322,129,-72,-130,-63,-20,105,94,67,-99,-146,-167,-187,-177,-252,-149,-104
63,3,-0.10451984405517578,737,34,-12,8,-30,5,11,41,-8,-23,-193,-377,-278,192,708,319,-437,-569,-8,391,276,53,-143,-43,186,576,706,445,88,-67,112,240,162,-53,-53,166,192,-89,-582,-551,-327,-146,71,189,32,-186,-145,326,762,794,348,-122,-304,-188,-16,108,64,5,6,25,6,9,36,1,-11,5,209,325,101,-458,-430,324,831,624,86,-251,-295,-285,4,341,557,449,-25,-416,-312,-34,207,128,-183,-359,-328,-247,-208,-320,-497,-556,-498,-436,-508,-447,-99,424,682,489,149,-47,-125,-99,106,390,518,362,266
64,1,0.19430524110794067,742,-8,0,5,16,9,1,-5,-182,-793,-1564,-1615,-1268,-407,-105,-206,-203,-34,30,-33,-100,-42,84,149,61,-51,-15,134,238,174,28,-151,-245,-174,82,277,430,141,-193,-265,-44,200,189,33,-145,-253,-194,-102,-12,70,119,113,90,28,54,75,56,11,20,9,-10,5,-3,4,39,221,399,289,-2,-227,-298,-262,-191,-114,33,150,183,112,-9,-152,-346,-551,-497,-196,112,235,179,59,5,43,62,19,-82,-154,-154,-48,52,53,22,1,31,49,35,-43,-93,-142,-184,-202,-142,-10,92,66,-9
64,2,0.3149225413799286,740,-11,12,6,-21,18,-26,-3,34,115,123,-75,-335,-198,-47,201,123,202,764,1277,1141,267,-180,-525,-530,-357,-64,250,406,385,445,521,260,19,124,377,421,191,236,188,119,61,55,-48,-96,-88,-101,-242,-333,-336,-344,-154,-29,-98,-149,-179,-58,60,14,59,8,3,10,26,-82,-394,-889,-883,-457,-136,-139,-478,-871,-658,-451,-321,-131,184,120,173,46,-187,-519,-451,6,349,285,-145,-504,-358,179,470,326,187,136,228,298,211,56,-93,-100,-3,23,53,25,41,2,-70,-192,-176,-153,-94,-73
64,3,-0.1045200303196907,736,29,3,3,17,28,10,11,-16,-11,-211,-405,-335,205,789,440,-193,-326,94,199,-80,-217,-251,-51,251,675,843,500,49,-186,-42,155,116,-73,-95,166,262,6,-445,-526,-362,-122,143,155,-183,-448,-226,367,852,877,428,-58,-373,-182,122,214,120,1,45,32,-8,11,17,14,-20,7,172,330,79,-433,-489,200,606,360,-86,-258,-190,-152,-86,67,367,438,37,-443,-434,-115,191,125,-228,-434,-395,-291,-280,-444,-568,-478,-310,-221,-386,-471,-182,365,681,508,143,-94,-165,-146,80,374,516,336,229
65,1,0.23853018879890442,738,-21,-20,-16,-13,-8,-10,-6,-40,-184,-413,-381,-79,250,408,419,200,17,28,104,28,-79,-83,38,215,405,480,284,9,-161,-149,-74,-23,-46,-88,-49,57,115,112,-29,-139,-107,21,114,101,30,-36,-53,-17,48,161,182,105,-29,-95,-74,-8,3,11,5,13,3,-4,-6,-105,-577,-1448,-1623,-1384,-518,-170,-268,-238,-33,127,23,-91,-95,111,247,170,27,-27,88,170,139,48,-110,-220,-186,32,237,417,149,-246,-392,-163,131,186,-3,-212,-309,-228,-137,-38,75,162,125,99,36,44,59,38
65,2,0.32430344820022583,743,53,-16,53,7,29,0,2,-83,-400,-926,-906,-399,80,176,-275,-777,-715,-345,-39,144,302,116,99,-113,-422,-611,-367,121,476,361,-54,-452,-396,152,476,356,242,275,368,402,173,-86,-169,-136,-145,-95,-29,29,35,7,-22,-108,-120,-197,-143,-103,3,7,-8,13,-27,-11,5,-86,-287,-447,-311,90,55,-106,-318,-222,-154,-636,-1212,-1211,-259,187,587,519,274,-73,-335,-349,-294,-327,-511,-361,-119,-102,-256,-346,-173,-168,-7,-16,-20,-9,70,71,100,144,251,303,298,248,69,-104,-12,58,96,55
65,3,-0.08441908657550812,735,3,37,17,-8,-1,10,-25,-38,64,324,548,164,-598,-838,-2,748,536,-15,-177,2,56,62,71,-54,-381,-680,-639,-316,-157,-84,-65,-99,-118,-246,-407,-338,-107,141,89,-8,-143,-381,-341,39,479,476,12,-482,-506,-217,98,290,338,239,127,139,-2,-3,-11,25,-36,-23,-11,4,-19,12,70,193,166,-258,-435,-75,401,424,248,240,330,250,-83,-519,-695,-462,23,209,-10,-272,-229,146,411,337,114,182,615,948,838,534,331,258,178,27,-271,-440,-436,-437,-389,-101,167,148,-163,-355,-294,-241
66,1,0.22914861142635345,742,-5,0,-9,14,12,9,-15,-128,-545,-1156,-1317,-889,-183,117,39,-89,-104,-40,-53,-88,-19,126,150,48,-55,-55,53,142,83,-23,-108,-111,-69,74,209,284,69,-127,-158,-32,62,36,-43,-144,-121,-109,-94,-62,23,44,0,-35,-25,10,-5,-32,5,9,-2,5,2,-26,-18,71,362,764,744,335,-33,-33,110,193,159,91,92,59,-60,-150,-221,-284,-403,-450,-311,-80,71,102,97,78,52,-36,-162,-255,-224,-115,18,81,70,-14,-17,100,162,136,23,-73,-154,-194,-169,-103,-25,15,-7,-46
66,2,0.3243033289909363,738,-45,-49,-43,-3,-9,-41,1,118,449,912,981,638,303,151,383,544,329,-67,-319,-378,-405,-160,-193,-120,132,415,342,-91,-449,-351,103,429,305,-278,-590,-392,-204,-133,-97,-58,35,121,211,177,108,66,50,99,89,69,69,214,234,261,106,106,34,-23,39,-8,9,-19,11,121,307,484,360,-26,-99,137,562,420,154,490,1089,1129,344,-136,-567,-619,-438,-16,336,352,246,295,424,248,-70,-108,115,338,247,242,198,195,176,134,-18,-73,-116,-198,-219,-232,-301,-344,-159,22,-41,-60,-124,-58
66,3,-0.08441925048828125,735,17,57,-5,19,39,1,1,45,29,40,-120,-232,-27,206,5,-528,-809,-614,-287,-203,-129,11,258,400,332,-74,-223,-239,27,139,18,-221,-318,-173,-126,-465,-852,-717,-368,-183,-315,-400,-168,154,388,360,283,238,143,-127,-137,76,324,333,247,114,-30,5,-19,-9,4,-27,-42,-12,217,471,231,-396,-794,-66,920,1131,737,266,192,328,361,137,-229,-529,-683,-429,-40,77,-52,-152,-179,-86,-120,-289,-176,1,285,198,-24,-126,-209,-149,142,430,277,-164,-663,-640,-362,40,261,336,203,18,19,109
67,1,0.21976877748966217,738,24,18,14,4,-1,11,-4,-93,-492,-1024,-1160,-925,-230,52,78,56,186,223,123,-43,-63,13,55,-64,-246,-275,-60,220,252,163,2,-96,-44,118,257,316,35,-225,-214,-12,117,54,-56,-132,-100,-24,2,-14,-28,-85,-105,-62,1,52,26,-34,17,32,11,-3,-7,-2,18,157,690,1323,1335,831,35,-206,-190,-72,2,125,179,182,29,-137,-273,-336,-484,-473,-375,-211,-8,94,146,179,172,-6,-143,-291,-150,-37,33,-9,-62,-15,-3,35,84,104,22,-104,-231,-252,-200,-120,-19,9,-32,-73
67,2,0.3269827365875244,741,-17,4,-4,6,29,27,51,49,18,41,-170,-325,-337,-439,-453,-310,51,926,1429,1129,234,-355,-465,-241,-236,-237,-23,247,441,621,477,49,-164,-66,211,391,296,277,111,-12,-68,-83,-126,-122,-131,-155,-182,-136,-171,-298,-126,-60,-53,-170,-156,-85,35,20,48,33,23,3,-39,-155,-508,-1049,-963,-303,163,250,-88,-512,-483,-480,-363,-98,237,383,327,91,-208,-651,-566,-49,335,276,-98,-379,-292,168,284,63,-38,77,177,143,-33,-181,-206,-181,-86,6,-6,-86,-90,2,23,-109,-212,-234,-75,-37
67,3,-0.09513993561267853,741,30,1,-64,3,-18,-4,12,-18,-18,-277,-476,-295,435,889,364,-237,34,419,212,-266,-506,-181,117,352,629,727,367,-91,-278,-32,257,334,95,-86,21,26,-203,-515,-451,-213,28,231,195,-96,-362,-271,249,763,785,341,-145,-390,-406,-161,27,100,-4,22,32,-18,18,34,12,-22,25,114,165,-43,-354,-124,515,819,451,81,-12,104,361,255,64,48,317,264,-23,-157,-74,95,80,-215,-426,-457,-286,-205,-417,-736,-787,-632,-449,-389,-334,-51,277,515,455,277,106,-67,-121,17,366,510,350,193
68,1,0.23182958364486694,743,1,11,1,-16,1,-9,10,2,-71,-293,-613,-707,-516,-283,-240,-231,-207,-106,-33,45,70,78,32,-77,-279,-445,-364,-99,125,132,16,-75,-43,49,158,210,154,-63,-167,-106,30,66,-5,-91,-139,-128,-120,-109,-74,-45,-87,-135,-127,-27,41,15,-9,-10,-5,-7,-7,-1,-5,40,265,851,1340,1221,601,38,-91,-117,-194,-221,-106,28,86,-30,-192,-289,-281,-255,-221,-173,-96,-5,73,151,149,42,-134,-308,-351,-142,72,151,85,11,26,66,104,111,78,32,-43,-134,-169,-134,-38,25,16,-7
68,2,0.3149226903915405,736,3,-21,24,-18,20,-13,1,94,368,706,612,263,12,189,600,725,446,493,787,818,236,-245,-558,-554,-231,178,396,246,213,369,662,576,194,-45,17,290,324,267,-103,-191,-35,81,-85,-256,-214,-239,-286,-243,-188,-192,-63,61,-10,-69,-89,-5,28,-4,-12,-16,6,26,6,-57,-337,-748,-862,-556,25,495,460,138,-151,-162,4,237,315,137,76,-1,-165,-331,-305,87,500,580,134,-430,-422,63,439,318,238,255,412,197,-89,-222,-231,-112,-46,17,-50,-140,-161,-146,-143,-190,-266,-404,-352,-182
68,3,-0.07637904584407806,739,18,6,-17,2,-3,-35,21,7,-86,-146,-94,181,361,-154,-556,-387,182,407,195,-115,-209,-53,-80,-239,-293,-9,342,264,-54,-242,-90,165,385,358,190,214,451,614,514,280,346,663,637,160,-440,-529,-286,-64,-60,60,46,-230,-484,-397,-224,-78,22,-19,9,33,11,1,1,6,-106,-362,-403,4,684,618,-174,-766,-676,-389,-244,-227,-260,-212,-35,395,767,677,189,-115,-125,92,95,-2,-50,177,305,173,-169,-430,-286,-81,78,161,-61,-339,-443,-31,594,948,769,226,-251,-316,-189,-62,-69,-110
69,1,0.26667237281799316,738,2,-14,-8,-7,-6,-20,-27,-112,-446,-920,-926,-400,229,405,249,130,165,153,21,-95,-54,79,185,246,311,335,245,80,-68,-89,-73,-85,-86,-17,83,183,152,77,6,6,-6,-57,-92,-95,-60,-15,45,90,131,158,140,91,5,-54,-38,4,1,15,10,6,3,-4,-18,-97,-407,-957,-1145,-853,-331,-184,-297,-399,-282,-22,77,50,-2,49,99,25,-102,-124,19,152,141,22,-115,-142,-53,166,324,333,42,-222,-268,-101,64,89,20,-55,-97,-82,-86,-48,38,64,39,-10,1,68,104,83
69,2,0.2961611747741699,738,-17,23,13,30,20,11,2,-7,54,110,-6,-185,-405,-336,66,326,286,169,497,1137,1063,395,-223,-414,-536,-514,-371,-39,240,460,426,386,60,-79,135,423,416,273,128,16,115,101,-16,-149,-121,-44,-59,-214,-384,-446,-361,-133,19,-35,-169,-118,13,-3,15,45,-12,5,8,-20,-156,-615,-1008,-676,86,666,411,-238,-833,-717,-362,-249,-113,35,197,225,45,-370,-665,-401,51,415,221,-275,-574,-341,166,295,51,-46,62,171,177,-85,-216,-130,0,83,79,146,163,163,44,-14,-94,-285,-253,-75
69,3,-0.09380057454109192,739,7,-1,26,-32,2,18,-8,-10,41,193,244,-65,-460,-140,557,804,398,2,-166,-115,-67,70,258,367,329,-19,-284,-241,-62,152,159,-72,-374,-427,-262,-192,-249,-488,-640,-624,-514,-451,-204,70,531,614,369,50,-67,-108,3,183,451,484,344,244,-23,28,20,-42,-19,-9,-12,7,71,262,409,222,-451,-815,-218,496,431,8,-143,41,235,337,199,-200,-701,-800,-338,148,265,-21,-291,-240,-75,-54,-134,-15,389,701,534,154,-57,-42,149,397,461,42,-457,-766,-746,-418,45,237,276,164,22,6
70,1,0.24791008234024048,742,5,-3,3,-10,-12,1,-9,-116,-524,-1100,-1244,-814,-138,167,31,-218,-269,-114,-13,9,-6,75,199,276,348,386,306,120,-65,-151,-142,-141,-102,3,154,302,257,91,-44,-31,56,110,73,-12,-126,-151,-72,70,170,195,140,46,-8,-16,23,58,-21,-4,10,0,2,9,0,-50,-227,-608,-791,-660,-302,-275,-479,-568,-320,39,121,3,-48,46,100,-14,-213,-263,-107,72,130,89,-21,-70,-35,88,199,245,0,-233,-270,-138,-29,14,-6,-54,-88,-63,-35,-13,0,-9,-52,-63,-15,56,63,-8
70,2,0.3216237425804138,741,6,-12,-13,-11,-5,5,-2,-3,-78,-210,-195,140,600,810,399,-82,-320,-444,-714,-894,-605,-86,274,355,365,277,73,-138,-204,-239,-365,-404,-285,-110,-29,-119,-251,-299,-175,-22,48,38,31,46,63,101,125,143,165,206,198,91,-13,-1,67,62,0,1,8,-15,2,10,6,0,90,357,599,453,-38,-397,-121,455,731,345,-143,-323,-166,-19,-17,-113,-105,101,340,300,-34,-300,-255,91,362,272,-56,-224,-167,-136,-195,-207,-58,99,144,79,21,4,35,28,27,26,13,26,94,165,154,47
70,3,-0.08441857248544693,738,2,4,-28,-13,-14,-30,2,-21,16,99,186,152,-6,37,772,1490,1403,349,-210,-179,33,72,-187,-396,-613,-397,-8,259,127,-240,-362,-54,171,238,33,87,372,691,643,301,224,153,157,146,30,-167,-284,-341,-366,-170,50,40,-139,-249,-257,-147,-2,-22,35,30,2,0,-4,15,-64,-321,-439,17,630,644,-28,-390,-76,474,674,289,39,-83,-7,122,358,591,505,177,6,1,72,176,243,317,327,254,201,43,-30,-15,154,419,255,-163,-616,-550,-96,222,312,196,15,-164,-290,-262,-94,-95
71,1,0.1943061202764511,738,-20,3,13,-6,-4,-5,-8,-121,-601,-1431,-1622,-1450,-601,-170,-175,-82,238,393,223,53,6,118,231,173,-13,-150,-59,104,199,163,24,-94,-86,62,206,384,260,-122,-311,-187,18,83,10,-69,-130,-96,-77,-41,49,109,42,-27,-56,0,49,34,9,10,4,-14,7,1,-3,30,200,486,489,238,-54,-143,-94,45,201,290,240,90,-83,-195,-210,-231,-414,-522,-378,-84,187,247,190,98,70,25,-25,-151,-255,-284,-175,-68,-87,-120,-79,1,78,106,39,-49,-84,-67,-69,-99,-45,36,47,2
71,2,0.5561416745185852,737,-6,-14,-3,5,3,-7,-44,-117,-295,-466,-500,-425,-240,-198,-240,-273,-408,-734,-905,-568,12,354,409,250,85,-89,-153,-125,-150,-316,-395,-232,-35,-16,-164,-300,-232,-107,22,51,39,66,129,150,126,137,162,183,222,206,51,-82,-49,18,56,101,-4,18,-9,7,-6,-7,6,84,286,571,869,1014,741,107,-289,-198,106,142,-177,-374,-269,-33,24,12,89,184,77,-184,-320,-201,19,212,230,146,28,-53,-206,-249,-185,-56,47,100,93,78,58,55,46,24,27,52,91,110,147,130,90,72
71,3,-0.10451994091272354,737,29,-50,8,21,26,7,-9,-17,-102,-309,-308,-11,598,455,-398,-775,-392,-165,-247,-259,-84,44,140,325,565,546,194,-110,-202,53,267,277,167,86,129,36,-147,-300,-233,-71,113,239,4,-318,-565,-171,307,544,451,194,-71,-135,-246,-174,-105,-65,19,15,55,16,44,19,25,39,-7,20,-76,-127,49,749,1425,1337,499,-161,-381,-398,-454,-315,-19,346,637,314,6,-173,-51,117,97,-73,-317,-317,-192,-246,-534,-747,-518,-308,-332,-336,-330,-219,74,280,328,392,311,107,-80,-42,82,175,166,143
72,1,0.2599703073501587,742,7,-10,4,-8,3,4,16,41,192,481,698,667,443,297,181,180,231,173,84,55,67,70,79,187,336,338,115,-88,-106,-19,42,14,-75,-165,-184,-120,123,263,167,-24,-87,-10,66,88,33,10,5,-8,-36,-5,56,95,36,-57,-73,-7,-7,-4,4,17,-1,-22,-27,-169,-647,-1275,-1255,-548,206,510,393,168,-21,-96,-65,4,94,155,207,216,243,247,207,95,18,-14,-61,-105,-85,61,216,306,161,-51,-165,-93,11,25,-21,-88,-97,-76,-9,49,90,81,28,-29,-34,11,49,54
72,2,0.8308619260787964,741,37,3,-1,-14,-7,-40,-166,-417,-682,-973,-1051,-753,-444,-401,-395,-439,-511,-403,-129,223,307,261,165,21,-98,-91,-29,-40,-193,-263,-205,-69,-26,-93,-106,2,120,141,66,-24,-15,51,82,129,155,183,204,199,110,-19,-90,-94,-11,21,56,77,-14,-33,-5,-1,-5,19,9,119,456,973,1127,560,-260,-394,54,269,-109,-512,-380,-46,199,191,137,155,100,-79,-253,-347,-289,-115,6,-60,-249,-304,-278,-240,-165,-46,2,21,36,52,66,74,125,145,145,173,153,109,102,152,126,33,41,153
72,3,-0.12998276948928833,736,-5,-54,-38,-6,-17,-15,6,18,-113,-422,-460,12,875,746,-187,-598,-166,187,21,-70,73,213,69,46,324,555,259,-149,-423,-229,58,291,217,156,160,136,188,153,140,100,245,466,314,-115,-507,-361,107,364,243,102,-51,-172,-369,-344,-163,-20,32,10,-5,-13,14,15,31,-6,-76,-184,-209,-169,289,801,793,410,198,94,-78,-328,-541,-282,239,772,1056,689,79,-206,-101,215,260,-100,-316,-209,10,-66,-599,-994,-833,-425,-163,-47,-34,-108,7,238,368,517,456,174,-99,-232,-96,109,203,191
73,1,0.22914956510066986,737,-12,-10,-6,-4,8,-3,-3,-28,-172,-583,-866,-704,-112,269,327,139,-24,-14,41,-12,-75,-6,93,156,297,501,495,340,87,-48,-51,-25,-48,-88,-53,65,213,233,176,91,95,114,74,41,6,-40,-47,17,60,92,87,39,-49,-122,-88,0,16,-11,-8,14,25,4,1,-39,-297,-992,-1517,-1454,-690,-78,-127,-383,-485,-396,-203,-155,-77,76,187,171,64,-65,-92,57,124,57,-46,-92,-45,75,220,388,402,-20,-289,-219,54,172,53,-45,-87,-47,-25,-24,11,47,21,-36,-47,56,114,91
73,2,0.29616105556488037,742,2,8,12,-13,-16,11,27,88,335,638,611,197,-274,-289,152,632,698,488,251,104,-43,-134,-173,-92,115,312,279,54,-144,-134,126,388,358,58,-167,-124,-50,-134,-239,-180,57,197,169,64,-40,-142,-206,-166,-110,-85,-15,124,255,244,93,-50,-15,14,18,8,-6,-4,-4,25,93,239,515,836,764,259,-215,-262,112,704,933,653,136,-188,-281,-220,-171,-88,31,113,175,260,293,207,110,87,149,234,219,116,48,6,-25,-23,-42,-54,-36,-56,-146,-221,-250,-264,-148,-47,-77,-158,-134,-53
73,3,-0.0790577158331871,735,-44,-15,-16,6,-39,-28,-39,-7,29,85,101,168,-143,-775,-1045,-742,-137,190,276,233,215,149,1,-471,-804,-469,20,185,41,-238,-200,34,226,237,141,236,619,866,732,459,320,177,105,9,-174,-311,-378,-487,-366,-126,127,105,-88,-257,-267,-199,0,-17,-51,-2,13,7,-21,-21,-84,-398,-427,21,650,259,-884,-1160,-219,417,339,55,21,91,90,162,367,520,202,-102,-260,-9,244,266,157,204,264,168,59,-70,-90,-27,139,391,232,-200,-691,-441,88,416,330,75,-49,-125,-241,-264,-134,8
74,1,0.35779914259910583,743,-13,0,10,15,6,15,51,240,634,893,595,-23,-344,-289,-90,82,149,92,7,-70,-84,-104,-145,-244,-311,-245,-99,29,52,43,61,72,47,-23,-116,-153,-128,-58,-43,-118,-152,-119,-35,34,84,45,-22,-87,-126,-122,-80,-11,23,-12,-50,-53,-15,-11,-8,-9,-19,-9,28,224,668,1160,1228,914,583,434,438,395,222,-53,-133,-72,-26,-102,-125,-12,99,78,-38,-67,-30,34,22,-26,-117,-186,-246,-133,127,289,232,57,-54,-7,86,108,27,-26,-41,-39,-55,8,56,10,-71,-101,-43,4
74,2,0.27739980816841125,736,42,-25,-31,-23,-16,-3,1,-36,-106,-470,-715,-390,354,419,-62,-778,-930,-798,-966,-1126,-531,-116,223,417,234,-187,-456,-412,-105,14,-155,-577,-657,-377,-15,12,-161,-218,-93,196,198,67,-16,-2,16,58,151,378,378,339,252,75,-45,-103,-8,96,18,-34,-44,-33,-43,12,-17,-22,40,219,511,856,827,492,-265,-492,-168,188,56,-441,-678,-435,68,117,61,136,181,120,-163,-354,-468,-420,-120,55,-65,-312,-396,-331,-253,-200,-22,123,283,259,79,20,55,170,290,269,226,136,64,161,270,202
74,3,-0.09246048331260681,741,-33,-4,17,-31,11,17,9,16,38,-101,-200,-190,191,596,323,-242,-642,-638,-391,-271,-298,-203,154,571,786,514,-119,-326,-159,231,294,3,-226,-114,117,-8,-435,-796,-604,-358,-313,-325,-285,-131,61,316,571,689,583,217,-119,-124,77,199,211,149,28,30,20,-5,-4,21,-4,2,83,404,466,-10,-855,-728,284,904,551,4,-145,9,62,-7,-45,-233,-482,-646,-359,38,183,-32,-237,-280,-177,-116,-60,-13,-10,12,44,47,-79,-396,-311,96,502,372,-139,-467,-437,-196,41,150,332,274,72,-69
75,1,0.19430629909038544,737,-10,-4,-19,-21,-16,-5,5,52,416,1234,1590,1348,18,-739,-287,462,487,-14,-179,-60,59,-35,-231,-218,-77,62,30,-82,-116,-76,49,114,88,-25,-117,-298,-222,129,437,438,142,-79,-72,-35,59,101,10,-100,-189,-153,-40,29,37,-46,-165,-176,-4,-9,-19,-18,-15,4,7,-10,-101,-338,-476,-458,-230,7,335,382,65,-203,-174,16,105,118,137,175,293,445,383,164,-64,-160,-153,-110,-73,-40,-10,59,153,280,275,187,116,98,83,71,28,-15,-20,66,118,74,26,-4,-20,-66,-52,-5
75,2,0.3939899802207947,739,12,4,-6,6,-2,-1,-5,-17,-56,-90,112,702,1166,934,163,-185,-76,351,716,656,260,-64,-145,-92,-98,-211,-199,7,149,266,216,32,-97,-68,112,242,217,191,143,92,-3,-101,-141,-86,-21,-49,-110,-124,-146,-205,-184,-130,-122,-166,-94,10,7,-4,-9,0,16,24,-5,-47,-203,-461,-672,-750,-724,-535,-294,-343,-529,-731,-774,-552,-192,130,284,293,138,-126,-290,-139,129,160,-61,-280,-284,-65,50,-62,-166,-101,90,147,22,-100,-45,70,76,87,99,134,140,158,64,-68,-142,-103,-16,41
75,3,-0.08307985216379166,741,45,7,23,-24,-30,-35,-5,-21,92,305,262,-184,-857,-671,254,796,668,297,249,305,435,324,-196,-704,-868,-352,139,273,-27,-244,-170,79,133,-120,-114,160,564,645,325,203,93,57,181,337,194,-166,-600,-776,-530,-29,178,88,-59,-81,-16,-34,-11,-39,4,-17,-41,-12,14,-2,-129,-357,-94,368,377,-502,-1170,-657,57,335,246,364,407,281,47,23,213,387,187,-27,-100,-10,129,156,172,196,170,308,449,499,233,69,164,310,57,-381,-558,-291,84,238,183,130,-37,-281,-426,-311,-125,-16
76,1,0.2103874385356903,740,2,-8,16,18,4,2,7,7,26,24,-42,-258,-444,-440,-287,-20,205,306,196,63,-37,-68,-69,-79,-243,-460,-464,-238,40,165,188,120,82,70,86,70,-52,-347,-504,-397,-253,-194,-154,-140,-90,-63,-51,-111,-166,-134,-65,-18,29,111,139,55,-5,3,0,-1,-27,-14,0,32,248,991,1619,1568,679,-296,-423,-94,-8,-167,-101,35,132,-24,-209,-238,-126,-19,-14,-89,-191,-120,0,121,126,19,-106,-225,-303,-29,284,332,143,-12,-45,-34,22,74,65,-31,-87,-124,-71,-33,-18,-32,-109,-133
76,2,0.23049604892730713,741,-23,-9,7,1,18,16,-4,13,107,363,540,119,-486,-680,-62,526,831,887,971,810,322,-92,-249,-302,-219,4,356,345,5,-367,-296,87,342,259,-77,-185,11,188,45,-194,-230,-30,141,43,-101,-90,-32,-57,-108,-123,-83,66,207,309,213,40,-33,-17,35,24,41,40,18,2,15,36,-73,-363,-591,-561,-72,225,208,155,587,1067,933,439,-91,-272,-247,-186,-99,67,218,371,384,443,244,2,2,247,458,531,261,108,-8,-90,-131,-108,-86,-132,-149,-231,-256,-250,-269,-123,-31,-58,-137,-115
76,3,-0.09246070683002472,740,-13,-56,-21,-8,-30,-10,-17,-3,-100,-340,-266,60,342,-363,-1271,-1210,-266,139,80,-28,1,99,45,146,399,597,368,88,-106,-17,128,248,196,274,293,269,336,359,132,71,109,278,86,-240,-556,-301,87,365,351,211,-3,-142,-302,-260,-118,-36,-3,16,17,1,28,36,14,-5,-37,-172,-216,-94,446,1006,1042,447,-221,-400,-301,-281,-555,-506,-137,511,815,565,54,-108,-5,204,180,-52,-205,-157,22,-22,-376,-640,-402,-274,-166,-125,-164,-187,-113,202,439,633,481,63,-227,-185,-36,84,19,20
77,1,0.17822454869747162,737,4,-12,-21,-9,-10,-12,14,164,743,1392,1516,1183,346,49,-41,-222,-505,-425,-184,-34,-5,-64,-62,78,220,186,4,-179,-167,-72,29,28,-54,-169,-262,-303,49,362,472,296,121,51,80,107,66,2,-18,-19,-87,-84,-29,34,-7,-98,-104,-17,2,4,-10,0,2,-7,-7,-115,-497,-912,-827,-260,183,146,-96,-266,-210,-65,42,52,-9,10,122,286,420,391,233,67,-28,-39,-60,-97,-98,-101,-59,85,180,216,143,124,121,117,126,92,12,-30,38,102,114,48,42,20,-24,-72,-20,54
77,2,0.17689149081707,736,19,15,-20,-34,-29,-4,-9,-18,-45,-60,38,451,829,733,-95,-613,-435,-136,-413,-918,-762,-260,158,353,268,138,23,-104,-155,-244,-285,-385,-206,-33,-54,-203,-267,-248,-164,-99,-36,4,25,55,81,64,74,159,207,186,166,52,-15,56,83,74,-20,-10,-7,10,-1,-15,-7,21,100,330,433,109,-487,-803,-227,587,1003,658,200,87,105,49,-49,-166,-130,74,246,147,-127,-286,-143,138,259,148,-74,-146,-75,-13,-93,-162,-108,52,98,21,-88,-87,-10,-9,-20,7,36,43,105,163,117,34
77,3,-0.05761610344052315,739,12,-4,2,0,-2,14,2,6,119,223,73,-177,-19,619,769,419,-128,-251,-135,-92,-68,3,120,65,-121,-245,-134,30,102,-6,-104,-226,-246,-250,-269,-344,-399,-315,-123,2,-76,-179,-92,181,352,258,95,-77,-138,-88,40,186,234,171,107,82,1,-2,-9,-11,-8,-2,-33,-21,85,242,171,-7,170,1049,1490,1162,258,-119,67,273,254,102,-147,-445,-557,-369,-86,29,-53,-177,-109,-61,-32,-77,-44,146,305,272,72,-6,-8,62,189,242,137,-81,-247,-364,-214,44,166,126,66,57,30,33
78,1,0.23585021495819092,740,-7,7,4,-20,-17,-8,4,79,359,854,921,381,-294,-485,-216,16,11,-91,-55,47,51,-33,-156,-224,-304,-356,-267,-95,70,101,76,58,55,42,-12,-159,-213,-177,-68,-33,-48,-63,-36,12,48,66,-20,-90,-85,-59,-44,-80,-34,45,53,-21,-12,0,-2,-14,-8,-5,7,71,386,969,1247,999,354,-3,-97,-131,-239,-184,-21,85,22,-63,-67,79,212,204,57,-119,-154,-92,7,24,-29,-118,-209,-226,-27,228,346,244,110,25,28,43,22,13,19,35,-18,-63,-38,18,31,-57,-91,-53
78,2,0.245235875248909,739,-8,-22,-61,78,17,25,-10,14,-16,-151,-287,-740,-1171,-1024,151,595,146,-186,187,780,553,140,-200,-282,-212,-157,-205,114,373,543,424,173,-45,13,345,495,422,238,217,159,63,-47,-103,-120,-133,-67,-89,-180,-137,-34,-26,5,-51,-209,-114,-48,37,5,-4,-14,-12,6,-3,-59,-230,-577,-599,-37,548,568,-164,-1051,-1100,-747,-707,-612,-220,196,242,402,253,-95,-298,-163,57,93,-165,-549,-494,-8,297,125,-161,-192,31,168,87,-92,-116,-112,11,16,28,48,26,-21,-35,-107,-140,-79,35,146
78,3,-0.09245961159467697,738,23,-23,1,-27,7,22,-44,-3,125,434,419,-138,-565,-146,330,258,74,204,354,87,-171,-123,170,124,-177,-552,-561,-210,100,77,-132,-337,-380,-383,-341,-318,-405,-544,-407,-148,-147,-296,-245,81,409,298,-32,-342,-407,-324,-1,421,600,423,184,61,-5,16,17,-20,-14,-41,-3,-21,83,253,370,139,-382,-510,-36,328,121,-211,-159,134,311,256,-51,-547,-943,-738,-132,236,127,-169,-193,-29,190,179,110,377,927,971,452,123,42,111,248,340,294,-17,-397,-759,-631,-123,347,329,171,-4,-58,-53
79,1,0.2197691947221756,744,-15,-21,-7,-22,6,2,2,75,408,921,1128,823,212,-49,-97,-228,-427,-332,-65,68,-9,-80,-20,177,311,250,52,-128,-148,-107,-39,-11,-18,-105,-218,-256,-38,198,261,153,55,45,128,198,122,17,-34,-73,-138,-136,-51,-11,-20,-63,-66,-4,-6,6,4,19,10,1,-19,-138,-521,-1018,-1091,-592,-30,101,26,-29,94,149,31,-95,-72,60,180,237,311,312,230,81,-55,-114,-109,-80,-8,77,115,180,114,21,-71,-81,-35,0,-12,-39,-38,-18,39,64,68,72,74,81,36,-16,-16,-1
79,2,0.3497658967971802,742,1,17,-1,13,11,29,3,-62,-158,-247,-375,-676,-1028,-1064,-600,-139,-31,-297,-671,-655,-264,153,349,379,369,219,-19,-138,-177,-252,-304,-147,34,139,62,-87,-171,-149,-76,-39,-22,-7,50,49,7,26,125,205,187,126,61,1,-1,36,34,28,-9,-21,2,-11,-7,4,0,51,236,466,439,137,-54,61,265,411,483,438,235,-26,-223,-273,-230,-132,44,187,124,-145,-370,-351,-77,227,233,-131,-372,-281,-95,-87,-187,-159,2,141,104,42,14,29,20,-3,-6,25,78,118,139,139,61,-19
79,3,-0.0750381350517273,737,29,21,-15,-33,-37,-42,-32,-29,23,193,240,86,-163,91,731,955,664,246,287,561,555,157,-410,-757,-837,-457,-79,124,-2,-174,-172,9,79,-16,-50,235,618,610,492,296,145,23,117,229,94,-255,-507,-578,-439,-34,211,179,-7,-105,-111,-63,-17,-47,-8,-17,11,-15,19,26,-109,-362,-265,248,670,57,-1068,-1092,-408,-33,-124,-165,54,185,59,26,374,621,345,19,-249,-128,166,258,209,150,114,226,361,456,259,113,159,352,200,-181,-587,-405,-56,178,270,149,-95,-269,-369,-258,-136,-52
80,1,0.24791057407855988,739,-21,-18,-7,-10,-7,4,-3,17,155,561,989,1080,748,367,76,-188,-414,-389,-104,36,28,-76,-92,-21,144,228,158,-19,-133,-137,-62,-5,-15,-62,-109,-148,-121,65,179,155,43,-34,12,38,31,-42,-75,-41,-29,-47,-12,28,6,-57,-72,-17,-3,-2,-8,-8,8,-6,-18,-46,-242,-741,-1133,-945,-278,132,111,-25,-41,80,7,-149,-207,-27,169,304,355,355,266,112,-45,-125,-109,-93,-82,-23,71,196,248,100,-76,-107,13,139,110,-10,-125,-127,-51,72,131,154,118,79,8,-42,-36,11
80,2,0.3430648148059845,736,3,19,21,-46,60,-4,-32,9,131,583,1014,900,313,-6,160,617,945,809,687,582,182,-199,-406,-391,-174,130,397,218,-100,-315,-138,277,533,386,-59,-127,115,271,33,-256,-230,52,239,111,2,-76,-78,-162,-157,-146,-49,90,170,161,124,-19,-27,-8,14,8,22,-6,42,6,66,27,-10,-276,-679,-940,-527,91,190,30,267,815,770,278,-286,-408,-441,-385,-168,113,310,435,507,549,279,4,-41,129,190,220,200,126,74,-1,17,-5,-46,-47,-110,-174,-221,-186,-174,-146,-82,-13,-78,-60
80,3,-0.08307928591966629,736,-16,-5,19,-1,37,31,16,5,-102,-344,-391,-31,517,468,-140,-435,-311,-264,-455,-501,-253,36,279,585,811,639,117,-257,-161,146,175,-17,-124,100,230,-89,-553,-639,-376,-131,50,120,-93,-241,-205,141,520,737,556,99,-267,-263,-87,2,25,3,19,43,-10,35,11,9,12,-5,98,316,163,-249,-335,448,1185,697,-136,-275,22,1,-217,-204,107,356,73,-377,-422,-171,148,131,-135,-309,-312,-365,-452,-545,-619,-600,-401,-272,-260,-364,-218,113,495,465,226,-3,-26,-95,-17,216,348,327,221,167
81,1,0.22914838790893555,743,-8,0,15,6,24,10,7,-78,-393,-1026,-1266,-1084,-189,315,389,298,331,215,1,-69,-13,124,124,-98,-333,-357,-128,91,148,94,-54,-130,-87,70,154,250,19,-219,-258,-110,-19,-22,-42,-74,-33,40,122,127,132,53,-54,-103,-50,41,72,31,9,17,0,4,-4,-9,-10,80,503,1194,1307,949,118,-107,3,124,21,-115,-75,6,34,-61,-178,-291,-415,-389,-228,-63,69,108,140,141,88,-62,-195,-401,-256,-44,112,60,-72,-81,23,144,170,145,66,-22,-125,-150,-90,-38,11,0,-40,-70
81,2,0.27069851756095886,739,26,-12,7,3,-4,-2,-13,-71,-306,-754,-864,-316,495,1135,477,-270,-805,-829,-693,-485,-148,207,288,135,-82,-275,-333,-54,220,348,4,-283,-483,-60,305,190,-73,-38,150,193,0,-306,-284,-149,6,147,130,154,98,111,18,-84,-191,-224,-131,-19,-11,25,8,-66,-24,-9,-28,-34,-54,-38,123,413,674,649,187,-38,-79,-369,-974,-1109,-549,-1,414,342,426,372,152,-124,-322,-446,-364,-165,153,206,-81,-287,-379,-298,-226,-1,57,25,63,106,61,19,85,128,181,192,204,149,138,166,105,-16
81,3,-0.09246017038822174,735,-16,30,-9,5,8,-6,-18,-33,140,414,309,-218,-648,-10,1092,1137,340,-52,80,127,15,-63,36,-37,-373,-616,-425,-78,149,63,-210,-276,-292,-355,-397,-350,-213,-208,-121,-147,-251,-404,-226,176,491,281,-85,-346,-399,-231,101,388,504,265,72,13,-1,-4,-24,-23,-31,-62,-15,-52,8,148,209,135,-143,-80,283,517,329,174,353,472,386,82,-236,-558,-713,-440,-10,227,80,-157,-136,98,226,86,-63,239,757,844,494,165,92,158,280,216,-89,-428,-630,-654,-463,-37,224,117,-88,-135,-82,3
82,1,0.21976859867572784,738,7,6,9,-9,-9,-12,-8,-11,60,216,339,159,-206,-416,-394,-116,248,394,165,-51,-44,43,32,-136,-394,-580,-425,-119,137,188,73,-9,-5,83,111,60,-57,-163,-166,-49,30,27,-53,-97,-52,45,83,49,-17,-76,-139,-164,-134,-20,68,48,3,-10,-4,-2,-12,-8,-9,12,244,978,1601,1590,1106,284,96,105,21,-193,-182,-67,43,19,-134,-203,-91,89,102,-6,-118,-112,6,143,170,47,-168,-381,-517,-121,218,283,99,-26,19,132,218,181,70,-49,-129,-158,-28,25,31,-2,-49,-64
82,2,0.3122430443763733,742,13,-12,11,20,-3,0,-33,-117,-413,-735,-574,-54,506,465,-53,-588,-789,-939,-1100,-911,-267,270,434,286,15,-258,-282,-59,78,-34,-267,-462,-277,139,268,91,-102,-47,128,146,-68,-260,-185,-48,107,160,120,87,112,186,41,-111,-175,-127,-65,-46,4,3,-24,-51,0,-20,-23,-29,43,201,408,616,799,747,377,167,18,-222,-627,-641,-331,87,316,300,338,228,-48,-268,-392,-496,-336,-61,114,-32,-306,-386,-387,-316,-245,-54,93,144,139,53,16,36,87,141,163,170,164,130,181,229,106,20
82,3,-0.04823632538318634,742,-8,-24,-47,5,-15,-30,22,-4,-75,-262,-178,201,502,-27,-597,-409,286,714,407,117,31,34,-91,-182,-73,217,224,35,-173,-129,149,334,351,264,225,347,555,588,420,294,292,409,283,-57,-404,-334,-158,14,36,104,-50,-285,-486,-310,-171,-108,-16,-26,28,26,34,20,-5,34,-54,-325,-330,-27,546,371,-406,-900,-751,-513,-438,-385,-219,46,210,467,783,719,122,-254,-276,79,222,43,-154,-37,66,-138,-610,-774,-507,-222,-47,5,-116,-252,-213,124,588,813,597,85,-289,-242,-42,108,177,103
83,1,0.2036856859922409,743,10,15,5,-4,-6,-2,-6,-105,-495,-1125,-1325,-1007,-434,-250,-308,-260,-12,190,124,-4,-70,24,86,20,-176,-238,-92,83,151,76,-71,-133,-56,128,263,302,34,-235,-285,-106,91,103,10,-80,-105,-39,26,89,114,55,-35,-42,11,82,83,40,-16,-2,4,-10,-16,-4,1,76,313,677,656,247,-180,-220,33,302,327,87,-67,-60,2,-25,-133,-282,-409,-371,-187,20,129,111,86,100,95,38,-74,-198,-174,-84,55,79,21,-33,-56,-14,77,101,42,-28,-89,-167,-177,-134,-54,8,7,-20
83,2,0.28946009278297424,736,-10,3,9,-1,-13,-6,-1,-15,-42,-197,-423,-555,-563,-501,-420,-272,-115,4,125,247,336,214,-8,-163,-265,-319,-261,-26,282,455,416,138,-126,-84,188,313,246,175,200,139,17,-86,-99,-80,-33,12,-2,-65,-100,-106,-97,-118,-148,-182,-158,-52,14,16,9,11,-13,-13,-6,-10,-156,-387,-542,-403,-111,-83,-412,-676,-564,-463,-653,-806,-479,13,378,424,265,74,-81,-99,-36,-39,-149,-269,-205,11,173,60,-145,-157,-31,81,15,-85,-76,10,59,100,153,151,141,145,127,12,-91,-81,-34,11
83,3,-0.04957639053463936,740,16,45,20,-4,8,6,-25,-17,49,319,518,154,-636,-739,64,619,307,-137,19,364,352,-21,-110,-207,-368,-523,-376,15,235,39,-155,-268,-170,-173,-276,-233,-39,166,129,38,-93,-298,-242,127,517,441,-69,-575,-574,-301,95,368,432,246,40,-79,-7,2,-55,0,-25,-30,21,-25,-33,38,106,213,78,-260,-233,239,619,723,615,471,291,-34,-270,-450,-628,-493,-23,299,277,-32,-123,31,299,298,99,163,649,984,723,351,217,293,363,231,-41,-327,-511,-572,-510,-130,259,235,-67,-267,-212,-131
84,1,0.24791087210178375,738,5,4,-10,-12,-1,-7,-14,-53,-185,-411,-474,-209,194,435,411,89,-223,-263,-146,-79,-76,-9,132,307,444,471,315,73,-101,-142,-100,-78,-106,-101,-15,136,194,157,39,-45,-52,-47,-33,-2,-20,-80,-115,-84,15,143,214,181,67,-41,-59,-22,8,17,18,10,11,-4,-11,-86,-418,-1015,-1354,-1125,-481,-191,-353,-458,-212,123,154,-5,-100,10,130,99,-100,-220,-123,37,132,89,-38,-125,-81,90,267,352,165,-123,-237,-83,125,155,20,-116,-166,-78,18,106,114,70,-28,-58,-1,66,78,31
84,2,0.3216237723827362,739,-19,8,31,11,15,-13,10,61,312,663,654,195,-295,-398,-11,505,771,729,917,885,399,-285,-521,-598,-454,-146,96,131,174,292,459,449,116,-104,-20,145,205,208,46,58,267,352,166,14,-39,-193,-203,-244,-268,-258,-129,43,55,24,1,-92,-2,-12,-13,22,16,-8,-12,-33,-143,-506,-684,-499,-75,356,178,-369,-805,-529,-6,391,434,180,-129,-189,-334,-446,-327,83,389,545,365,19,-80,232,547,466,210,135,237,236,87,-20,-51,-54,-13,-41,-202,-214,-165,-53,-80,-149,-177,-292,-172,19
84,3,-0.08441980183124542,740,9,25,-26,6,16,-16,-23,24,188,476,305,-345,-825,-228,570,554,2,-221,185,483,311,-6,-196,-415,-638,-483,-58,232,176,-85,-250,-128,-58,-157,-160,1,312,325,234,104,-120,-209,58,394,420,-11,-557,-772,-570,-100,278,415,296,51,-110,-48,21,-25,-15,-8,-30,6,23,-16,-31,-68,114,189,-15,-332,-90,458,790,682,356,205,2,-247,-421,-476,-379,42,177,176,-52,-147,47,296,352,181,74,359,748,730,564,442,512,437,191,-109,-418,-522,-572,-551,-291,134,215,-43,-299,-298,-232,-141
85,1,0.24121034145355225,743,-10,2,9,2,1,5,10,-27,-163,-481,-800,-822,-516,-274,-338,-437,-258,57,223,173,17,-58,-119,-194,-369,-495,-353,-87,153,148,21,-56,-6,95,122,66,-87,-237,-217,-55,145,224,129,-1,-88,-26,49,91,45,-71,-186,-177,-77,33,93,59,-7,-17,-17,8,-2,-8,5,39,277,804,1192,1016,354,-45,73,359,342,74,-64,26,144,66,-116,-211,-139,-22,-30,-70,-87,-23,46,151,163,26,-184,-383,-341,-95,154,192,36,-94,-74,-1,67,71,46,-13,-91,-133,-104,-71,-26,-18,-21,-11
85,2,0.3055417537689209,742,4,-16,-40,32,-16,15,1,-147,-630,-1195,-1265,-656,181,412,125,-218,-410,-477,-702,-848,-328,210,515,512,383,58,-113,-31,-87,-221,-371,-250,51,144,-33,-164,-136,-75,-46,-174,-410,-362,-47,77,107,92,101,151,195,271,95,-107,-179,-167,-63,63,-11,22,34,30,-5,-2,-10,-29,20,151,272,199,-57,-233,-110,180,412,367,26,-292,-380,-110,216,271,298,438,364,-41,-496,-754,-483,-63,6,-268,-617,-524,-204,-134,-242,-259,-147,-20,140,235,208,158,308,407,349,103,-95,8,129,349,250,75
85,3,-0.04689592495560646,737,-6,-33,-49,-31,5,5,47,40,-81,-258,-387,-10,514,346,-342,-715,-192,337,484,312,188,29,-202,-201,23,258,293,71,-140,-98,63,228,235,205,259,300,317,249,227,229,306,505,355,-73,-580,-618,-287,87,199,141,57,-122,-339,-307,-182,-100,-9,0,45,56,40,17,-12,29,11,-155,-279,-209,196,515,176,-547,-891,-857,-727,-486,-263,114,353,529,670,612,219,-189,-191,92,191,76,-161,-100,30,-129,-547,-858,-609,-262,-70,-6,-78,-143,-187,0,365,659,561,118,-323,-297,5,198,210,157
86,1,0.23853030800819397,737,-14,-19,-37,-28,-2,0,7,42,185,591,892,835,402,127,94,113,-12,-188,-264,-241,-141,15,185,320,402,406,258,46,-122,-135,-66,-39,-82,-106,-15,112,235,242,102,-53,-146,-134,-92,-63,-48,-59,-51,26,113,205,260,202,78,-47,-90,-71,-9,4,4,-3,2,2,3,-44,-292,-794,-1130,-946,-270,73,-77,-358,-361,-64,102,29,-112,-33,125,142,-19,-186,-120,34,141,89,-34,-147,-160,-46,139,298,202,-73,-275,-193,93,276,199,58,-47,-47,31,91,120,98,34,6,11,32,50,26
86,2,0.40872982144355774,737,-18,-37,9,-15,-10,-69,-34,-153,-471,-712,-631,-367,-257,-242,-101,307,726,786,497,-160,-354,-215,31,41,98,256,242,-92,-378,-469,-359,-197,-310,-508,-470,-224,56,81,-166,-287,-235,79,256,302,186,267,386,470,305,3,-39,-1,86,167,104,133,-31,-2,-47,-51,-41,-42,22,272,725,1211,1118,511,33,192,583,551,323,447,801,685,81,-378,-586,-439,-109,127,38,-138,-80,-21,39,-130,-316,-270,-126,-42,-13,-40,95,339,411,168,27,-44,-9,30,33,-3,-162,-194,-85,152,133,118,-50,-79
86,3,-0.10184034705162048,738,-8,11,32,42,58,48,-4,30,-42,-276,-307,-61,359,258,-308,-685,-581,-438,-473,-419,-268,-59,245,619,839,555,35,-259,-102,147,184,-32,-190,-27,55,-206,-669,-804,-530,-187,24,77,-115,-257,-233,140,614,796,508,-51,-342,-194,120,222,233,128,-11,48,24,12,10,3,-15,-11,143,333,194,-246,-459,96,729,655,142,-129,-279,-379,-246,-11,164,137,-115,-324,-259,-84,135,134,-71,-243,-308,-263,-214,-306,-339,-378,-375,-422,-527,-508,-143,319,642,437,153,-60,-94,-126,-43,183,379,322,238,188
87,1,0.22244758903980255,741,-2,-23,-25,6,-11,-19,7,45,275,699,863,613,165,168,467,693,442,0,-218,-140,12,35,-53,6,237,374,213,-19,-135,-63,19,59,24,-94,-179,-216,-32,187,314,121,-198,-307,-187,-68,-12,-50,-79,-46,15,80,71,38,-50,-77,-106,-65,-9,-36,-37,-7,-3,-8,7,85,485,1189,1446,1135,225,-136,-185,-166,-200,-249,-196,-254,-131,89,301,358,268,129,14,-55,-80,-56,-64,-118,-166,-103,31,161,200,146,62,4,-53,-120,-105,-73,46,70,76,61,112,226,250,173,-46,-144,-112,-27
87,2,0.39666947722435,739,16,2,-14,-26,-17,5,16,55,167,327,318,168,-21,-35,20,-22,-230,-621,-823,-664,-150,236,316,304,224,-21,-181,-89,139,258,236,224,322,494,499,308,41,-66,24,122,122,-9,-169,-251,-169,-114,-202,-337,-278,-61,72,23,-88,-140,-98,-74,4,4,9,-2,7,-7,-1,-70,-315,-814,-1133,-964,-419,-78,-34,16,211,272,5,-309,-334,-95,137,240,226,112,77,89,45,-74,-92,19,115,50,-104,-141,-16,62,-11,-258,-401,-309,-76,47,1,-80,-79,44,150,196,142,57,-31,-57,-28,15
87,3,-0.08575856685638428,737,9,-8,6,32,19,17,-20,-2,24,71,-8,-230,-133,225,325,-22,-384,-696,-812,-560,-288,1,317,509,488,134,-128,-178,50,200,74,-174,-343,-246,-154,-346,-775,-915,-650,-370,-284,-280,-131,112,302,359,421,414,291,-94,-219,29,336,377,296,175,25,-24,-13,-3,-22,-33,-9,9,116,380,386,-90,-520,-159,609,718,25,-725,-807,-374,-8,96,-31,-345,-487,-407,-151,95,69,-87,-226,-159,-47,-122,-177,-92,190,274,154,-33,-211,-234,44,380,608,311,-226,-605,-465,-117,208,366,317,143,13,28
88,1,0.2733737826347351,737,9,9,12,7,-5,-9,-8,-47,-190,-352,-375,-215,93,256,311,192,52,-47,8,97,17,-123,-225,-85,149,268,120,-18,-50,4,89,140,92,-90,-253,-272,-70,177,231,10,-161,-152,-35,-12,-62,-105,-66,-9,-21,-44,-47,-4,38,20,-19,-5,-15,-34,-24,-11,2,-15,19,226,858,1556,1550,841,31,7,391,535,207,-216,-275,-155,84,177,206,228,274,190,49,-133,-132,-86,-41,-87,-158,-107,-63,73,200,289,280,92,-147,-201,-155,-79,-27,-15,7,55,131,184,159,8,-149,-211,-154,-38
88,2,0.33100447058677673,742,11,29,42,-13,13,15,14,145,579,1201,1348,837,-25,-189,93,297,-106,-658,-705,-267,221,337,88,-93,-184,-145,-101,-21,155,296,135,45,84,245,315,210,-56,-124,48,315,441,182,-62,-161,-35,22,-51,-204,-305,-196,-79,-6,35,13,-25,-109,9,-29,-17,7,-1,24,28,24,51,-2,-101,-48,97,202,2,-324,-596,-896,-1009,-723,-65,272,436,489,352,2,-159,-68,84,183,250,354,441,451,318,167,13,-36,16,-29,-115,-220,-271,-279,-110,-135,-303,-405,-291,-57,56,26,-20,-98,-109,-123
88,3,-0.08441899716854095,736,-19,4,-8,2,-8,-15,-12,-16,109,400,489,-12,-538,-276,511,874,239,-469,-711,-404,16,289,270,-159,-559,-589,-281,88,92,-74,-167,-113,-4,-108,-276,-172,180,348,203,-21,-130,-214,-33,278,466,200,-285,-616,-508,-112,221,376,315,154,67,81,-22,-17,-11,0,-26,-47,-3,10,-48,-105,-52,235,319,-99,-473,-338,-15,53,88,189,246,162,-147,-446,-445,-53,280,353,31,-240,-177,127,327,290,192,371,730,868,711,504,475,479,338,-12,-399,-539,-547,-485,-344,2,192,60,-251,-363,-308,-227
89,1,0.24120885133743286,742,3,-14,-18,-3,-16,-11,2,76,347,815,876,594,173,246,523,559,182,-270,-347,-176,62,123,110,152,236,252,136,-13,-63,-23,26,9,-42,-80,-108,-95,75,311,426,234,-58,-230,-195,-144,-106,-105,-27,50,73,85,95,9,-53,-109,-142,-111,-12,-12,-18,-6,-11,-14,13,127,586,1325,1439,960,34,-294,-136,166,201,-47,-164,-241,-9,212,278,191,58,-48,-38,-22,-2,24,-33,-115,-157,-53,82,167,124,38,43,163,218,126,16,-14,35,41,46,33,51,53,47,-74,-171,-184,-59,50
89,2,0.34976595640182495,737,4,-49,-49,20,30,-23,-34,-139,-624,-1240,-1399,-1094,-261,-111,-14,192,843,1290,1007,363,-272,-274,-221,-152,-3,62,166,95,-129,-203,-148,-242,-277,-281,-364,-189,28,66,-29,-119,-347,-91,169,317,157,172,197,260,277,0,-4,-42,-41,10,69,157,-48,14,31,-27,-9,-24,-56,-76,-106,0,166,177,5,-145,12,244,317,405,763,797,189,-222,-460,-546,-440,-75,98,67,-32,-94,-234,-360,-411,-254,-13,52,9,-46,-47,168,391,277,149,172,98,234,355,289,68,-29,-102,-73,-13,66,145,169
89,3,-0.14070367813110352,741,-25,-9,18,19,-3,0,-28,5,6,241,461,351,-266,-687,-116,797,866,204,-274,-308,-229,-2,142,68,-302,-598,-568,-240,-16,-37,-126,-212,-162,-147,-225,-226,-114,186,208,-6,-247,-456,-441,-49,392,605,286,-211,-489,-339,-31,286,406,409,245,183,-10,-13,4,7,-8,-12,-31,14,10,-34,-34,107,272,110,-193,-257,-59,-46,-138,-20,255,289,129,-241,-521,-461,-54,203,237,-76,-317,-153,204,373,258,146,415,836,914,671,472,415,337,170,-104,-348,-476,-549,-511,-250,128,251,20,-271,-330,-280
90,1,0.2479112595319748,736,3,6,-8,-2,-5,-14,-15,41,285,901,1252,1075,374,83,236,414,244,-95,-283,-251,-73,91,175,182,142,142,70,-31,-100,-48,24,17,-48,-97,-111,-115,16,243,483,467,195,-98,-221,-208,-141,-114,-5,114,129,98,62,9,-95,-164,-219,-166,4,-11,-18,-11,-9,-8,-13,31,256,853,1209,1061,224,-346,-471,-213,86,152,71,-72,-82,67,218,170,13,-90,-65,22,10,-6,-47,-113,-134,-109,42,132,113,-7,-103,-10,177,247,146,63,42,79,123,81,46,57,56,19,-78,-111,-43,56
90,2,0.34976592659950256,739,9,-17,21,45,-20,12,-24,-59,-12,134,358,460,-44,-224,-187,108,325,272,354,608,529,132,-338,-590,-578,-276,35,72,45,57,-43,-257,-429,-364,-76,118,64,-40,-33,70,395,469,163,103,168,94,284,343,194,-21,-81,-113,-29,-3,110,157,43,9,5,42,-31,17,13,43,310,992,1394,1293,350,-121,31,99,-46,-722,-1161,-1081,-315,259,367,364,202,-71,-201,-198,14,251,228,226,321,446,406,314,20,-111,-49,65,233,275,-65,-244,-260,-185,-237,-303,-387,-326,-76,-66,-48,-52,-88,-114
90,3,-0.08843868970870972,742,10,-24,-28,-1,4,52,13,-6,-153,-384,-400,108,573,235,-515,-809,-378,168,340,251,-28,-233,-30,480,806,558,170,-116,6,198,201,69,27,170,245,12,-544,-685,-392,-16,263,315,-41,-367,-464,-85,420,671,449,24,-394,-398,-170,21,14,-110,8,14,3,-8,8,22,17,4,129,278,133,-322,-460,95,642,413,-93,-261,-158,-157,-159,-135,39,216,80,-247,-287,-151,88,159,-47,-278,-350,-296,-249,-373,-625,-680,-512,-376,-411,-442,-215,286,614,507,294,82,-40,-219,-232,79,388,413,318,248
91,1,0.24791008234024048,742,7,4,15,-9,-12,6,-17,-89,-431,-917,-1003,-616,130,514,448,137,-96,-141,-38,51,-27,-134,-137,-11,166,223,98,-7,-55,-15,53,82,83,21,-80,-105,-5,151,160,-52,-293,-300,-178,-92,-100,-140,-103,-26,17,6,-27,26,110,117,-12,-101,-10,-18,-13,-7,-12,-16,1,128,599,1326,1405,905,138,53,217,164,-80,-227,-150,-56,69,180,215,143,57,52,12,-61,-56,-19,18,-7,-97,-123,-110,-41,131,356,463,345,139,-108,-171,-156,-107,-44,67,121,91,77,56,-23,-130,-206,-174,-67
91,2,0.3457440435886383,742,-6,-48,14,-21,19,-50,-45,-77,-239,-694,-761,-653,-174,-43,-76,60,300,749,958,1007,358,-152,-413,-555,-479,-144,113,121,-67,-152,-167,-268,-402,-493,-207,-125,-37,-29,-46,31,150,183,157,229,221,208,245,330,304,173,-57,-57,25,56,60,98,5,0,-9,-10,-31,29,1,25,179,656,1122,1149,388,18,107,456,331,-366,-653,-234,301,276,-34,-445,-477,-317,8,66,99,146,96,-169,-310,-80,178,269,-17,-73,10,317,515,442,165,-14,12,43,26,18,-72,-130,-91,-55,5,84,83,51
91,3,-0.06833803653717041,739,-10,-26,-13,-24,15,35,11,-9,35,132,131,-128,-382,-86,296,365,14,-40,116,141,20,-89,-42,189,286,36,-237,-268,-25,243,223,-60,-294,-261,-178,-212,-600,-892,-729,-439,-295,-322,-374,-116,344,507,478,323,191,-101,-340,-260,149,385,362,216,-30,-18,-8,-21,-19,-13,-31,-13,50,325,483,172,-529,-558,227,1010,868,418,209,153,110,94,46,-271,-666,-729,-462,-81,96,-34,-158,-236,-160,-238,-336,-239,82,426,282,-27,-334,-502,-229,242,629,480,-75,-530,-531,-211,117,394,362,217,83,135
92,1,0.23853015899658203,738,9,-2,16,19,14,12,10,-58,-361,-1037,-1244,-983,-275,-149,-324,-318,-77,173,190,143,48,-45,-139,-149,-83,-46,-9,46,84,49,31,30,62,91,82,61,-74,-288,-491,-404,-107,195,244,209,123,78,-25,-130,-118,-85,-40,14,83,118,139,102,21,14,5,15,10,11,2,-71,-366,-1017,-1250,-972,-74,398,422,138,-134,-220,-121,-7,-36,-144,-240,-132,86,220,109,4,-44,-26,33,71,83,29,-65,-140,-67,38,73,-101,-302,-282,-150,-42,-36,-114,-116,-29,66,74,10,-3,99,143,84,-38
92,2,0.3243033289909363,738,13,23,-20,25,-25,48,28,69,307,812,886,765,203,58,57,-46,-271,-750,-1057,-1067,-328,184,371,487,370,29,-194,-167,53,116,107,257,443,498,240,175,80,87,104,-11,-95,-126,-158,-281,-216,-197,-184,-249,-274,-196,18,-37,-82,-75,-68,-101,-3,7,26,4,16,-20,2,-27,-206,-642,-1017,-986,-312,-16,-165,-507,-293,331,475,-31,-427,-252,177,543,480,205,-95,-107,-141,-171,-82,220,377,125,-196,-272,74,164,69,-351,-588,-432,-104,81,-7,9,-30,-10,108,193,121,47,-53,-88,-53,-31
92,3,-0.07637906074523926,739,2,7,1,-11,27,31,3,-4,49,66,-40,-225,-210,139,289,11,-285,-188,-100,-121,-197,-166,142,462,450,78,-169,-240,-2,210,135,-123,-261,-151,-63,-257,-762,-967,-716,-359,-239,-277,-284,3,360,488,498,392,201,-106,-284,-94,255,358,296,150,-28,-18,-8,-20,5,-16,0,-7,150,458,375,-172,-703,-235,689,1040,711,441,291,113,10,63,25,-300,-665,-587,-223,68,64,-79,-201,-197,-152,-282,-277,-131,193,304,124,-120,-396,-468,-29,457,709,280,-318,-598,-393,-17,253,333,285,161,122,232
93,1,0.21976931393146515,743,-4,4,14,-1,2,17,8,-5,-110,-353,-501,-435,-232,-287,-419,-369,-54,240,261,153,52,-19,-60,-92,-104,-149,-80,36,93,46,-33,-46,-13,45,80,103,17,-216,-421,-376,-55,216,278,219,164,134,45,-94,-156,-124,-47,-11,23,51,100,124,9,2,12,4,1,-10,-5,-58,-393,-1172,-1607,-1472,-463,255,328,137,80,80,39,51,32,-100,-257,-265,-42,146,95,17,-15,-19,17,84,122,87,-14,-90,-143,-129,-206,-349,-421,-287,-38,78,103,5,-78,-88,-22,-1,-34,-11,119,201,169,36
93,2,0.3658478260040283,740,-10,-34,-4,-29,26,-52,-35,-84,-338,-893,-988,-869,-216,-76,-68,55,318,988,1239,1098,302,-196,-297,-460,-381,-50,190,191,-23,-149,-110,-270,-468,-537,-310,-262,-70,-17,-11,111,112,162,173,344,275,271,224,268,300,111,-58,23,34,63,69,79,10,-1,-19,7,-3,38,-11,-6,156,543,753,728,151,-60,58,269,145,-338,-303,134,531,312,-182,-574,-507,-149,179,165,183,231,66,-252,-382,-216,58,183,-139,-213,-71,324,534,377,99,-44,45,35,121,134,-74,-154,-123,-81,50,36,31,-9
93,3,-0.08575880527496338,736,14,-11,10,-23,-22,-2,-3,-41,-179,-295,-23,490,433,-215,-597,-253,87,14,-29,35,81,11,-194,-240,6,280,223,89,-105,-176,18,240,308,241,182,359,602,637,484,344,442,486,130,-421,-675,-441,-84,57,97,131,25,-278,-428,-328,-266,-251,28,35,-4,11,1,39,0,-17,-191,-407,-266,260,549,56,-668,-856,-611,-355,-237,-129,-78,-69,240,637,763,394,10,-150,72,268,259,56,29,192,142,-165,-676,-685,-334,22,308,252,-171,-529,-435,152,670,725,355,-75,-343,-297,-97,37,-17,-226
94,1,0.22914841771125793,743,-8,-11,-17,-23,-23,-19,0,162,755,1517,1576,1062,17,-291,-54,157,88,-64,-144,-197,-42,150,260,117,-148,-197,-63,28,39,13,-48,-97,-116,-34,64,140,131,158,285,416,389,105,-62,-98,-16,63,66,11,-13,8,47,-46,-174,-231,-117,6,18,9,4,-10,8,-4,-12,-40,-129,-323,-338,-254,-179,-310,-425,-318,-7,280,291,145,-31,-69,-31,-36,-90,-126,2,122,105,21,-24,16,31,63,118,127,-46,-303,-434,-213,107,291,273,237,194,159,-9,-154,-185,-96,5,57,59,76,107,68
94,2,0.3470863997936249,742,19,-1,9,47,-30,10,18,57,297,1019,1432,1312,355,-103,-103,29,-43,-723,-1249,-1131,-209,385,352,133,-91,-231,-157,-177,-45,200,210,170,192,384,487,459,89,-148,-81,46,254,251,-80,-284,-294,-225,-190,-205,-316,-364,-79,-71,-9,-15,-20,-29,1,-6,-41,-35,14,29,13,60,123,258,175,-31,11,-108,-321,-311,-215,-197,-467,-771,-526,-1,442,527,540,238,-100,-130,-64,-24,66,254,460,522,325,89,55,116,107,-2,-218,-318,-187,-180,-215,-136,-212,-305,-228,-27,63,92,-52,-66,-60,-58
94,3,-0.05761616677045822,738,39,14,28,28,25,32,18,6,-46,-253,-398,-213,306,386,-133,-680,-658,-403,-380,-473,-465,-304,-52,377,696,626,285,-49,-90,175,283,205,25,71,194,118,-336,-708,-562,-192,139,310,63,-303,-573,-244,392,786,678,200,-248,-372,-215,-2,90,-8,-18,33,57,-3,36,12,-5,-8,79,243,289,-56,-550,-309,351,621,148,-230,-332,-237,-206,-66,104,205,40,-223,-356,-218,18,191,147,-65,-227,-250,-225,-253,-434,-541,-462,-352,-321,-504,-489,-67,547,699,382,-17,-115,-115,-80,57,348,423,319,261
95,1,0.23182886838912964,738,-6,9,4,18,17,0,-5,-26,-254,-932,-1577,-1547,-832,54,180,-168,-404,-280,17,184,243,4,-225,-290,-120,110,107,64,43,6,-4,40,107,124,75,-5,-74,-161,-306,-443,-443,-236,61,150,147,39,-18,-83,-112,-92,-59,-41,67,165,194,108,-10,-17,0,14,15,-4,-6,-17,-58,-263,-450,-451,-150,239,379,319,188,27,-129,-178,-69,17,-5,-54,-3,140,124,-50,-167,-155,-66,17,43,20,-71,-140,-124,46,243,221,-51,-294,-271,-199,-203,-215,-177,6,156,160,72,3,-2,16,25,-34
95,2,0.34976595640182495,737,-6,9,11,-1,-11,7,-5,10,196,546,810,791,429,262,263,184,-145,-525,-533,-178,228,232,-47,-284,-348,-239,-137,-92,6,128,152,43,-68,38,181,154,-45,-162,-49,193,378,307,113,3,27,49,3,-76,-205,-217,-152,-70,35,74,79,31,4,24,20,-16,-7,-3,14,63,286,577,650,432,2,-119,-127,-225,-536,-885,-952,-705,-143,184,282,273,227,95,-55,-74,49,116,157,210,321,390,295,104,-34,-41,33,30,-3,-79,-145,-224,-168,-169,-230,-265,-221,-16,99,25,-48,-65,-39,-33
95,3,-0.13132229447364807,737,-21,44,49,1,16,4,-12,-5,77,263,328,-22,-583,-377,358,732,216,-323,-562,-411,-247,-8,143,169,5,-223,-325,-140,85,224,175,-65,-234,-288,-300,-347,-413,-415,-319,-223,-277,-536,-494,-55,569,675,300,-143,-190,-106,23,151,385,448,325,273,-15,27,-10,-29,-31,-4,-13,-6,43,216,297,232,-183,-304,102,582,570,315,192,277,357,294,71,-426,-806,-662,-168,142,66,-273,-396,-240,33,70,-43,38,481,881,733,278,-51,-223,36,317,497,189,-383,-722,-635,-191,218,272,93,-58,-114,-44
96,1,0.22914855182170868,742,-5,8,-1,-9,-12,0,-4,-5,-108,-295,-419,-356,-193,-207,-378,-536,-494,-156,251,385,204,-23,-96,-94,-102,-151,-92,46,100,74,46,28,51,74,133,168,26,-231,-456,-376,-48,246,298,259,204,181,89,-72,-151,-126,-42,12,36,23,24,33,2,4,12,15,8,8,7,-48,-388,-1165,-1602,-1433,-386,302,286,-46,-213,-143,-42,53,89,-58,-246,-255,0,248,201,99,17,-20,9,41,103,112,57,-35,-118,-144,-190,-325,-405,-267,-31,72,35,-61,-90,-69,-21,-4,-11,-13,98,186,150,25
96,2,0.3363634943962097,740,-2,-22,-54,-24,59,6,-8,-53,-440,-954,-1307,-1203,-270,-29,-18,13,439,1027,1009,469,-203,-252,-35,252,376,213,66,146,-11,-190,-102,-27,13,-162,-345,-256,58,101,-38,-332,-630,-464,-100,117,62,100,94,138,209,168,65,50,-38,-71,-14,2,-6,-4,2,18,-13,-63,-91,-160,-358,-641,-551,-292,96,222,69,50,314,863,1015,852,56,-337,-403,-467,-498,-183,59,92,-18,-164,-167,-196,-346,-362,-230,-122,-5,7,-50,20,79,133,98,268,48,295,309,289,160,-100,-150,-56,29,107,110,134
96,3,-0.12328148633241653,736,-1,-1,-21,-6,-19,-7,-20,15,-21,7,17,176,218,-22,-219,-67,318,521,530,369,280,128,-32,-347,-559,-405,28,176,6,-302,-331,-73,205,226,66,126,546,967,784,404,183,238,371,302,79,-202,-441,-552,-492,-191,157,182,-125,-338,-322,-166,28,-39,-39,27,22,-4,13,2,-76,-313,-453,-171,535,574,-252,-961,-592,33,263,-9,-129,-142,-121,100,462,634,386,9,-164,-11,135,214,133,135,219,190,40,-159,-88,85,252,509,393,-108,-694,-654,-23,575,631,255,-126,-284,-398,-345,-205,-188
97,1,0.22512784600257874,738,6,-1,9,8,14,9,-6,-80,-417,-1002,-1242,-899,-238,37,-153,-374,-269,22,217,250,132,-70,-204,-172,-23,108,127,121,82,16,2,46,89,99,91,53,-83,-267,-375,-344,-183,7,127,127,98,42,-38,-126,-129,-70,-11,50,139,166,119,37,-7,-1,1,-3,1,16,11,-30,-151,-441,-598,-427,-14,293,513,635,465,69,-211,-204,-48,-3,-54,-14,146,240,103,-58,-110,-50,-7,14,18,-28,-126,-148,-15,187,229,5,-268,-312,-162,-62,-84,-128,-74,27,78,49,1,12,50,52,-2,-59
97,2,0.3524455726146698,743,-14,2,22,-28,9,13,-13,85,430,997,1226,581,-42,-129,229,641,180,-546,-725,-208,120,139,-164,-499,-454,-293,-88,-99,71,221,159,-38,-106,93,341,244,-5,-74,137,539,643,435,118,-91,-43,-125,-174,-197,-166,-136,-100,-57,22,66,57,-46,13,22,-2,-8,0,55,27,110,400,638,634,468,73,100,187,-88,-562,-1108,-1080,-558,85,355,366,381,406,140,-52,-118,68,178,167,218,418,394,189,15,-76,-79,-2,-49,-43,-110,-104,-309,-161,-293,-247,-183,-132,110,165,20,-75,-181,-138,-47
97,3,-0.10318049788475037,735,-14,8,20,-19,-45,-11,-22,11,-28,-12,-39,150,226,-1,-234,-60,377,632,718,639,430,123,-182,-446,-523,-340,87,255,58,-257,-313,-84,198,263,164,227,574,926,785,465,230,229,307,282,85,-179,-344,-459,-455,-217,112,142,-115,-299,-266,-128,16,-30,10,-9,12,10,33,21,-56,-276,-448,-198,435,578,-105,-703,-410,272,692,523,197,-109,-185,-4,408,611,417,61,-138,-47,50,159,105,144,230,260,42,-173,-104,12,146,381,255,-159,-596,-602,-58,513,564,258,-116,-338,-383,-329,-174,-173
98,1,0.26399195194244385,742,-6,-3,9,5,-4,-8,-11,-32,-168,-560,-796,-691,-101,325,594,659,446,56,-206,-147,-14,-43,-146,-90,179,378,249,47,-56,-55,-10,11,3,-34,-81,-98,-1,197,282,32,-303,-373,-197,-38,-22,-100,-96,-33,22,38,35,14,39,28,-36,-89,-10,1,-3,-12,-17,-14,-6,50,365,1073,1468,1266,394,27,191,496,477,113,-225,-362,-179,101,236,173,29,-109,-87,-124,-113,-69,-59,-90,-142,-150,-128,-93,50,257,455,450,286,30,-117,-150,-117,-86,-3,109,151,118,57,-3,-110,-177,-166,-62
98,2,0.3779081106185913,738,-3,3,14,-3,-10,8,21,126,401,723,707,464,192,213,369,316,-121,-768,-960,-579,11,273,351,336,227,16,-85,-16,109,154,177,247,336,365,220,0,-98,-23,88,115,79,-14,-142,-261,-261,-295,-311,-252,-128,0,14,-56,-94,-96,-79,-76,5,-1,-26,-13,15,13,0,-51,-262,-595,-740,-477,-73,56,-23,26,250,386,203,-78,-137,55,262,382,339,182,55,-26,-106,-170,-82,126,197,22,-157,-113,50,85,-126,-370,-417,-270,-89,-19,-15,1,22,61,116,113,81,-6,-92,-112,-66,15
98,3,-0.08709884434938431,734,-21,-12,2,12,29,20,0,13,-56,-244,-372,-172,316,382,-103,-595,-458,25,167,-34,-244,-268,-60,393,685,518,168,-156,-50,209,222,59,-133,-26,142,70,-409,-748,-579,-235,22,161,-26,-310,-479,-159,431,869,722,155,-313,-398,-181,35,111,36,6,1,-2,21,32,18,-25,-16,88,281,323,-120,-581,-254,401,499,-142,-695,-810,-500,-233,56,298,283,36,-313,-379,-102,141,193,41,-202,-298,-307,-298,-383,-518,-577,-429,-265,-281,-502,-467,-72,440,555,263,-17,-8,15,62,159,357,422,313,199
99,1,0.2599708139896393,739,-12,-15,-6,0,-7,-1,-1,35,279,940,1579,1505,665,-44,-104,214,407,229,-63,-227,-211,51,251,227,0,-246,-185,-109,-86,-52,-63,-81,-128,-122,-96,-55,-2,90,236,361,375,233,22,-57,-62,-35,15,119,188,157,51,-13,-150,-166,-198,-78,3,15,-14,-10,4,16,8,4,22,55,86,97,-11,-210,-509,-769,-786,-365,92,233,99,6,22,5,-180,-340,-277,-69,62,70,50,25,31,51,103,118,18,-178,-390,-269,97,344,263,111,31,59,73,-3,-65,-78,-62,-16,17,32,61,78
99,2,0.38460925221443176,741,11,26,17,-2,-8,7,14,139,470,819,827,582,193,229,301,182,-211,-782,-1022,-691,-38,326,477,474,280,5,-136,-124,67,145,202,304,442,486,294,-5,-143,-80,28,6,-5,-68,-159,-300,-217,-285,-361,-329,-199,39,67,-75,-161,-179,-144,-84,4,-11,2,5,2,6,13,-72,-377,-794,-990,-672,-143,-54,-140,-35,343,571,257,-149,-208,22,299,476,408,187,38,2,-111,-170,-79,136,176,-12,-227,-181,46,118,-111,-451,-564,-317,-93,22,-49,-43,-40,-4,121,129,87,-25,-150,-143,-64,63
99,3,-0.08575955033302307,740,-39,-10,-12,13,13,23,27,9,-159,-409,-416,157,713,211,-590,-686,-25,515,426,182,-23,-131,-195,134,548,660,383,-41,-169,-38,116,154,153,231,338,301,109,3,-11,74,346,592,364,-206,-640,-342,280,634,416,-27,-357,-376,-335,-213,-159,-153,-5,10,15,12,13,20,-12,9,6,-17,-159,-244,-85,171,141,-222,-406,-355,-372,-362,-293,-38,332,587,470,21,-298,-232,105,289,106,-179,-314,-160,-88,-345,-795,-882,-585,-292,-261,-355,-418,-246,51,398,611,610,358,-96,-332,-109,212,319,212,29
100,1,0.27605289220809937,739,4,14,9,11,-12,-9,-6,-84,-381,-830,-936,-511,65,341,367,279,140,36,21,48,-24,-138,-139,48,310,342,160,12,-15,14,31,42,33,17,-19,-69,-9,67,13,-175,-307,-216,-74,-23,-38,-60,-60,-46,-46,0,18,72,72,75,30,-38,-1,-2,-15,-5,-5,-6,-6,80,398,860,932,541,129,140,442,635,396,-44,-266,-202,-6,104,116,114,92,63,-11,-101,-100,-73,-64,-101,-104,-101,-87,-12,134,304,367,225,-9,-123,-114,-59,-24,-12,45,123,147,101,23,-105,-162,-169,-112,-38
100,2,0.3403852880001068,736,-46,-41,-51,1,25,-1,13,-62,-445,-1105,-1401,-1126,-124,23,-180,-407,17,788,966,563,-64,-186,-96,81,207,210,151,146,-65,-225,-138,-91,-38,-210,-342,-202,60,104,-41,-407,-526,-367,17,189,36,84,148,259,299,248,127,54,-47,-61,1,118,-32,-1,39,42,-3,-28,37,-26,-230,-460,-353,-183,-53,-144,-500,-629,-207,445,919,876,125,-251,-512,-582,-433,-104,125,136,-8,-58,-145,-286,-388,-400,-179,-2,60,-5,-36,86,181,110,69,234,108,294,406,285,86,-135,-159,-33,79,154,166,99
100,3,-0.06967683136463165,736,-21,14,7,-17,-18,-29,15,-12,-61,-98,33,265,251,-141,-329,12,342,441,426,333,172,-88,-415,-474,-229,163,333,141,-182,-252,3,269,312,169,114,326,726,831,571,302,270,345,309,12,-324,-477,-490,-396,-182,102,264,41,-238,-353,-265,-67,-14,27,-10,-28,8,22,21,0,-152,-425,-465,160,667,233,-536,-608,145,842,851,381,9,-159,-159,239,616,636,326,-84,-128,63,161,108,19,169,303,213,-72,-223,-170,-21,330,444,179,-322,-629,-222,418,755,488,-30,-359,-375,-278,-130,-53,-94
101,1,0.22244833409786224,738,-2,7,19,4,-3,2,-22,-137,-672,-1429,-1587,-1114,-114,245,49,-199,-126,89,165,148,-73,-271,-302,-112,150,242,147,75,-1,-15,39,130,157,127,50,-19,-124,-214,-316,-358,-318,-135,-6,30,8,-38,-95,-156,-169,-119,-54,68,183,219,126,4,-8,1,-6,-4,-6,-14,-10,17,95,170,135,100,127,322,601,774,516,68,-209,-199,-62,-29,6,155,347,387,171,-79,-142,-73,-23,-45,-57,-90,-130,-120,51,306,370,88,-267,-360,-201,-74,-47,-59,8,84,110,69,12,-73,-92,-107,-88,-48
101,2,0.3403852581977844,738,-45,-8,-3,-27,24,-5,-17,-59,-426,-1087,-1433,-1276,-159,153,-17,-237,-32,697,1056,819,43,-272,-199,-96,83,259,289,308,-10,-286,-217,-242,-251,-369,-440,-339,37,133,-19,-284,-486,-383,-3,206,112,120,147,295,354,277,71,44,25,-27,15,74,-13,3,20,37,-12,-15,-37,-82,-241,-361,-284,-121,-110,-19,-123,-258,-149,247,685,801,243,-154,-450,-598,-553,-261,21,55,-57,-108,-204,-277,-454,-484,-235,73,159,60,-72,27,286,302,153,211,185,233,335,350,135,-79,-135,-70,78,143,199,175
101,3,-0.10452114790678024,739,-11,-13,0,-4,-6,7,12,-9,-148,-369,-365,195,676,185,-616,-675,36,542,597,370,158,-70,-270,-100,302,648,550,106,-194,-190,41,267,309,272,292,348,377,313,169,156,437,741,532,-90,-626,-543,-84,266,220,45,-139,-274,-459,-407,-292,-172,3,-3,5,6,18,30,2,15,-32,-202,-303,-126,207,273,-49,-396,-215,157,189,-31,-145,-71,114,448,586,385,50,-133,42,296,246,11,-163,-49,72,-108,-610,-755,-532,-202,-28,45,-116,-192,-101,295,740,886,579,-5,-362,-231,46,224,192,34
102,1,0.21306683123111725,741,-15,-4,20,4,15,10,-5,-59,-381,-1065,-1344,-1093,-274,38,-199,-536,-503,-130,186,274,90,-115,-236,-228,-182,-145,-74,65,102,38,14,62,121,129,74,21,-140,-374,-529,-410,-106,148,176,106,12,-28,-81,-168,-215,-171,-71,57,190,230,167,33,18,7,3,-5,-6,-6,-5,-56,-293,-816,-1050,-890,-94,358,476,396,286,163,33,-20,-105,-185,-204,-13,306,454,263,35,-80,-58,-5,26,62,60,-2,-58,-41,22,32,-122,-332,-317,-180,-75,-71,-96,-101,-44,-4,-7,-11,-39,10,73,71,30
102,2,0.3591465950012207,741,-9,-40,2,-8,-2,-8,-21,-139,-493,-1047,-1120,-868,-143,-121,-210,-290,70,771,1235,1064,171,-240,-461,-552,-329,16,212,224,-86,-213,-256,-380,-516,-571,-397,-128,126,99,-35,-116,-98,-34,118,346,203,233,329,408,301,60,-78,-43,35,77,115,161,19,7,-14,17,-38,-9,-15,-34,112,379,603,568,29,-8,51,127,-107,-234,62,373,259,-22,-364,-532,-529,-323,-63,-108,-39,15,-61,-219,-288,-189,87,202,93,-15,21,369,567,367,53,-6,126,147,189,75,-135,-261,-222,-84,96,193,177,36
102,3,-0.09245950728654861,738,0,38,6,31,17,19,20,-4,74,211,325,50,-464,-480,183,617,198,-293,-478,-440,-388,-136,136,294,85,-302,-500,-293,33,154,81,-223,-317,-252,-212,-271,-490,-590,-521,-332,-293,-557,-703,-301,345,739,575,190,-98,-151,-134,-19,240,374,357,268,-1,27,8,18,-7,-8,-27,18,33,197,349,284,-133,-473,-118,476,536,144,-36,44,5,-51,-44,-167,-487,-706,-497,-50,114,-47,-213,-222,-46,-2,-140,-123,184,684,678,390,6,-356,-316,65,334,230,-349,-845,-780,-262,210,373,186,-43,-147,-66
103,1,0.19698593020439148,737,11,17,21,16,-3,5,-10,-102,-510,-1251,-1477,-1073,-72,364,342,182,127,119,77,82,-34,-146,-189,-37,239,349,196,80,-26,-67,-52,33,121,119,17,-68,-91,-44,-62,-223,-357,-223,-59,-17,-67,-115,-83,-28,2,21,-3,52,124,161,79,-20,-1,-4,-7,0,-5,-7,12,56,307,801,898,613,150,167,427,584,402,71,-116,-146,-34,52,120,199,281,311,153,-53,-106,-72,-22,-35,-56,-74,-71,-19,146,358,408,197,-69,-212,-161,-99,-64,-60,43,153,218,171,61,-87,-145,-161,-85,-8
103,2,0.3524455428123474,736,2,-19,-43,-28,-7,51,76,178,389,698,613,450,88,7,44,12,-140,-616,-967,-838,-103,385,551,605,422,71,-59,-70,46,157,194,355,495,502,211,-29,-75,-32,-13,-91,-108,-108,-162,-400,-198,-352,-336,-283,-94,136,158,56,-79,-173,-182,-116,-23,8,9,5,9,-33,2,-111,-496,-1050,-1237,-556,153,291,-89,-330,169,701,532,39,-253,-115,157,428,473,439,374,221,-57,-327,-152,84,154,-70,-314,-216,-16,68,-121,-485,-626,-312,-8,69,-142,-147,28,183,359,331,186,9,-122,-136,-81,21
103,3,-0.0937993973493576,738,-18,16,28,18,2,24,-36,15,-27,-91,-176,-137,118,246,38,-380,-565,-542,-304,-109,39,79,252,505,557,197,-100,-7,289,324,75,-224,-271,-48,-3,-295,-786,-716,-423,-167,-150,-265,-289,-165,108,438,654,565,198,-232,-256,69,340,345,204,11,32,13,33,-1,12,-21,9,76,276,494,223,-445,-676,85,812,464,-288,-622,-365,-239,-80,41,-16,-333,-693,-624,-195,172,134,-45,-324,-264,-170,-159,-151,-82,17,-30,-57,-221,-575,-614,-144,457,663,177,-408,-580,-312,-2,198,328,361,236,237,257
104,1,0.2572917640209198,737,-3,0,6,-6,7,11,-2,-47,-308,-842,-1167,-912,-266,-18,-168,-336,-256,-23,118,129,41,-62,-158,-158,-141,-116,-41,61,92,54,23,52,100,97,45,-4,-111,-308,-414,-321,-110,50,107,76,31,16,-39,-142,-177,-152,-47,64,155,179,97,0,-5,-13,-11,5,-2,-1,-2,-35,-193,-572,-843,-651,-59,340,470,421,237,38,-56,-17,-13,-74,-124,-60,169,347,258,55,-104,-117,-67,-2,53,57,-20,-80,-12,134,194,2,-243,-293,-142,-70,-76,-95,-67,5,34,17,-27,-2,44,77,53,14
104,2,0.38728877902030945,739,-5,-31,28,1,-25,-54,-76,-108,-305,-705,-724,-606,-94,-1,76,161,281,582,855,940,236,-208,-533,-578,-444,-125,103,177,-5,-178,-293,-356,-433,-485,-319,-161,8,-9,-21,77,192,188,97,172,139,295,389,425,264,-27,-221,-159,10,161,214,180,18,0,-15,-41,-41,45,26,33,256,777,1172,989,155,-90,52,368,160,-512,-592,-199,213,210,-53,-277,-370,-316,-211,-189,-2,184,166,-77,-225,-36,231,295,34,-78,-3,372,681,579,95,-116,-16,42,10,-57,-249,-368,-324,-147,32,178,148,29
104,3,-0.08709916472434998,741,-3,27,50,19,16,5,-19,32,126,187,2,-325,-384,128,428,67,-374,-520,-425,-350,-155,77,279,306,51,-251,-251,-20,179,209,-71,-261,-285,-181,-169,-354,-579,-595,-461,-430,-625,-729,-415,141,577,632,528,320,148,-70,-66,201,423,385,271,179,29,23,20,-15,9,-19,14,44,198,401,331,-158,-573,-142,586,647,210,8,82,-30,-147,-130,-206,-510,-807,-640,-134,143,28,-170,-310,-135,-5,-83,-162,15,398,404,219,-115,-457,-456,12,397,417,-143,-691,-791,-395,87,362,310,149,13,37,179
105,1,0.2599714994430542,737,7,-6,-6,-38,-21,-7,22,201,741,1317,1244,477,-97,-167,2,25,-69,-115,-108,-49,42,131,157,112,29,-25,-54,-44,23,64,10,-71,-110,-73,-13,99,242,336,303,184,63,-26,-41,1,16,55,81,91,88,38,-34,-153,-198,-157,-27,52,-5,3,-7,-14,-7,-4,7,27,111,246,247,37,-234,-459,-534,-340,-9,177,95,-26,-10,68,30,-163,-394,-399,-142,73,126,88,47,1,-30,-5,51,6,-164,-304,-177,92,243,182,76,66,120,99,-19,-133,-150,-88,8,42,45,22,4,10
105,2,0.28678035736083984,741,-52,-9,-30,-36,15,-5,-38,-30,-350,-1010,-1445,-1259,-265,211,89,-351,-483,288,1001,1062,243,-201,-344,-295,-174,109,300,319,80,-200,-210,-186,-153,-374,-465,-417,-109,26,-19,-201,-396,-366,-20,204,210,180,204,376,445,308,-3,-6,46,79,115,124,15,-11,39,23,-37,-5,-38,-43,-128,-108,27,272,264,211,88,16,176,223,413,552,279,-86,-490,-717,-708,-429,-51,66,7,-23,-102,-246,-463,-354,-112,62,42,11,9,205,517,486,115,-10,34,150,267,296,72,-146,-253,-180,35,130,248,211
105,3,-0.09379977732896805,736,21,23,40,32,11,10,-25,14,52,59,-84,-272,-157,186,265,-181,-532,-642,-521,-399,-177,84,366,464,373,65,-113,4,189,192,-56,-259,-310,-174,-142,-407,-714,-632,-367,-150,-185,-365,-346,-41,307,517,524,354,128,-162,-174,143,425,441,313,97,31,15,16,-20,-9,-12,18,42,240,482,318,-330,-610,64,895,736,109,-183,-77,-89,-58,42,16,-333,-768,-814,-290,129,139,-64,-354,-291,-164,-148,-160,-8,195,182,122,-143,-504,-575,-92,457,600,111,-430,-645,-365,73,313,292,184,83,138,257
106,1,0.22244717180728912,743,4,6,5,5,-6,-6,-17,-91,-380,-792,-903,-505,176,556,580,400,184,-71,-116,-32,-40,-112,-140,26,328,447,242,-8,-163,-159,-84,20,83,26,-77,-103,40,218,175,-105,-338,-280,-146,-124,-166,-191,-74,46,123,51,-16,-7,48,82,29,-25,-4,0,-6,-7,-14,-18,10,127,619,1336,1427,837,64,-54,110,52,-180,-267,-173,-101,2,106,196,187,193,174,64,-74,-68,-7,2,-38,-83,-68,-57,10,173,356,387,237,70,-81,-97,-58,-42,3,62,97,73,54,7,-108,-190,-224,-102,29
106,2,0.3430647850036621,737,25,-5,-5,-28,-25,29,67,79,199,588,809,550,-7,-320,-272,110,206,-159,-857,-1191,-629,134,592,616,486,179,-114,-189,-75,122,254,238,364,486,393,163,6,-38,-21,-15,-81,-34,-46,-107,-245,-286,-369,-387,-268,-66,205,178,-16,-149,-215,-212,-46,-8,18,30,37,16,-23,8,-86,-484,-961,-1137,-641,-138,-16,-177,-247,87,333,200,-109,-135,69,357,507,432,273,159,58,-134,-202,78,309,231,-94,-202,-107,47,-30,-325,-652,-620,-148,67,96,-43,-34,48,183,331,266,113,-15,-133,-136,-77
106,3,-0.0857592225074768,741,7,-32,-37,-20,40,18,23,4,-72,-274,-465,-227,400,619,-66,-756,-446,223,442,62,-57,-8,43,171,429,680,506,84,-201,-73,155,322,164,67,80,86,-66,-283,-227,-75,202,526,413,-66,-606,-606,-70,441,552,284,-102,-276,-303,-180,-75,-148,11,-22,15,26,24,11,0,-17,19,20,33,-121,-220,0,299,206,-340,-785,-818,-436,-224,0,144,315,426,347,40,-115,13,265,252,-7,-246,-238,-56,-39,-349,-784,-811,-566,-344,-387,-423,-269,10,295,396,441,414,196,-128,-158,159,445,393,251
107,1,0.2063669115304947,736,-12,10,9,16,-2,5,-18,-123,-595,-1393,-1607,-1152,-134,198,51,9,223,275,136,50,-7,-91,-208,-209,-100,-28,16,79,34,-42,-53,32,125,139,66,-45,-160,-245,-308,-318,-278,-130,-21,-23,-54,-85,-116,-129,-98,-90,-56,24,142,198,114,-10,2,7,12,10,4,2,-4,-19,-67,-188,-282,-216,112,437,708,654,242,-176,-261,-119,0,-12,-48,95,373,542,311,-10,-193,-173,-94,-30,22,3,-106,-163,-6,249,305,23,-283,-309,-158,-132,-161,-197,-92,56,112,66,-5,-44,-41,-23,-44,-50
107,2,0.30554187297821045,739,6,-4,29,-1,-13,-31,-22,-43,-105,-64,90,202,153,260,407,540,236,43,239,521,173,-245,-722,-856,-689,-276,63,60,26,-33,-155,-406,-483,-330,-58,53,13,-14,36,358,506,317,85,71,137,214,242,209,37,-213,-245,-133,119,243,248,134,22,51,11,4,6,38,2,114,464,1105,1227,760,-45,-98,214,465,-157,-1023,-1277,-819,-17,316,309,95,-33,-222,-286,-347,15,196,208,159,216,278,336,266,5,-5,78,249,242,153,-105,-353,-109,-177,-212,-367,-316,-145,78,2,-41,-84,-142,-169
107,3,-0.12998318672180176,742,-4,-32,23,18,9,38,-9,-25,-107,-246,-311,-10,353,295,-133,-309,23,119,-343,-756,-534,-3,408,608,638,424,109,-97,-20,238,252,56,-75,5,91,-193,-721,-907,-586,-107,297,334,-25,-308,-242,157,599,751,445,-38,-378,-220,96,222,134,-132,35,45,56,-2,0,-4,-6,30,171,336,234,-288,-586,35,734,494,-192,-469,-297,-95,19,154,252,78,-269,-399,-147,105,211,49,-249,-342,-236,-149,-127,-220,-341,-368,-301,-306,-527,-687,-387,172,626,478,124,-197,-166,23,193,348,457,360,278,252
108,1,0.23852980136871338,740,-4,-27,-19,-15,-4,-15,2,154,726,1477,1585,1019,47,-244,-152,-196,-369,-287,-114,3,67,146,196,123,0,-30,-23,-45,-1,48,26,-52,-126,-115,-58,65,200,322,352,305,215,70,5,33,48,76,115,117,91,71,22,-81,-184,-218,-107,23,-10,-8,-6,-13,-1,-11,6,29,90,206,274,164,-164,-425,-511,-348,-73,145,110,23,18,82,44,-187,-509,-601,-293,60,216,150,25,-39,-9,80,170,118,-117,-346,-316,9,259,243,125,122,179,196,47,-102,-132,-52,16,18,-8,-27,12,31
108,2,0.3055417537689209,742,0,30,34,-13,-7,27,40,171,672,1339,1306,536,-192,-482,-60,37,-301,-811,-1029,-669,95,423,288,172,-31,-275,-332,-298,139,440,210,174,248,362,407,237,-40,-139,16,196,413,151,-196,-406,-213,-233,-228,-316,-434,-219,12,21,-20,-74,-136,-153,33,-6,-36,-40,-2,3,11,109,190,244,118,69,65,311,364,288,57,-399,-671,-664,-109,239,595,739,602,244,-29,-64,-63,-99,105,333,448,337,101,-5,12,-11,-144,-345,-384,-90,16,-104,-56,-167,-224,-127,101,342,322,73,-113,-303,-300,-161
108,3,-0.060296788811683655,741,18,-2,-35,6,-4,-5,9,-46,-91,-205,-89,255,371,-125,-470,-21,614,739,468,289,251,102,-203,-341,-125,232,295,66,-141,-173,121,372,388,244,141,255,505,586,482,439,581,662,435,24,-418,-439,-335,-200,-111,69,12,-199,-457,-405,-290,-154,-30,-4,-28,28,29,54,5,-15,-153,-370,-351,59,527,179,-528,-735,-277,122,45,-127,-188,-147,56,467,848,753,273,-59,-35,181,281,116,-13,61,104,-96,-517,-581,-346,45,373,376,-13,-356,-409,58,566,737,456,0,-264,-197,17,117,15,-194
109,1,0.2479114532470703,743,2,2,-13,-6,-20,-23,-21,1,77,260,385,341,202,254,447,534,304,-71,-215,-105,7,-2,-29,57,250,434,348,41,-206,-203,-69,20,34,-14,-92,-130,9,289,490,350,-6,-207,-169,-72,-91,-153,-102,83,179,160,42,-63,-111,-82,-88,-65,-5,19,-18,-16,-35,-20,-6,38,327,1067,1587,1485,492,-217,-275,-121,-191,-278,-144,-71,-12,42,150,145,-44,-218,-174,-74,23,115,92,-8,-80,-87,-16,58,141,149,170,254,318,237,57,-12,42,114,139,88,30,15,34,5,-146,-214,-167,-16
109,2,0.2961612343788147,736,67,4,26,16,-27,6,-9,-6,196,798,1359,1299,613,26,230,584,468,-347,-1088,-1116,-486,97,266,214,150,-102,-317,-341,-196,149,260,180,175,331,408,396,142,-24,13,69,238,326,55,-241,-373,-147,-200,-240,-379,-343,-61,18,-53,-51,-118,-86,38,7,-15,-44,-28,-27,-31,5,60,76,9,-86,-28,134,609,862,480,-41,-447,-555,-340,-76,191,398,528,395,113,-29,19,-21,-38,166,324,338,201,-8,-62,-5,73,-92,-362,-399,-106,16,-33,-5,-158,-256,-130,77,292,224,12,-115,-242,-104
109,3,-0.10184141993522644,740,20,-25,16,-13,-13,-42,-18,29,164,419,401,-142,-658,-221,508,505,-322,-791,-535,-107,123,138,110,-175,-693,-818,-529,-36,110,-54,-241,-289,-163,-151,-121,-42,166,224,80,-222,-595,-666,-308,240,595,327,-197,-557,-429,-38,229,306,301,197,183,269,-14,-7,0,-19,-13,-24,17,9,-21,0,68,250,177,-113,-277,-107,31,196,382,436,362,119,-236,-535,-470,-35,265,146,-118,-305,-92,204,294,166,78,255,635,793,648,466,361,298,265,65,-203,-417,-553,-546,-373,3,130,-68,-353,-375,-251,-73
110,1,0.23852980136871338,740,-2,-9,9,0,-14,-7,-3,8,29,23,-6,71,226,417,510,388,103,-84,-46,51,58,-3,1,146,336,338,99,-158,-179,-54,19,38,12,-26,-86,-54,141,369,349,61,-225,-284,-175,-131,-158,-147,-22,115,161,106,21,-26,-37,-36,-27,-14,0,-13,-3,-32,-19,-4,18,145,605,1186,1271,621,-192,-458,-357,-284,-297,-195,-74,5,60,147,198,109,-44,-125,-104,-52,1,44,38,-22,-76,-86,-18,80,169,225,228,218,170,59,-6,-16,40,96,137,98,43,39,17,-83,-171,-175,-67,31
110,2,0.38996827602386475,740,-20,23,25,-6,-39,-38,-13,-208,-491,-595,-352,-19,155,-11,-362,-174,276,884,1094,642,-31,-359,-531,-398,-205,-45,66,36,2,-72,-236,-414,-422,-286,-175,-108,-79,-81,83,164,98,42,120,299,159,256,350,313,125,-170,-183,56,120,188,147,138,-11,-19,-16,-48,-7,-3,21,182,580,1110,1219,580,229,442,911,577,-238,-727,-537,17,158,38,-227,-315,-423,-464,-349,-49,176,288,125,-124,-17,163,242,69,-95,-102,133,390,424,80,-109,-176,-28,-107,-189,-187,-194,-175,-93,11,119,90,45,-32
110,3,-0.0857582539319992,738,3,-11,-1,-18,23,24,34,19,-52,-282,-454,-172,327,508,-117,-645,-326,207,297,-2,-145,-176,-92,145,618,837,608,122,-4,47,78,111,81,137,210,111,-108,-404,-306,-90,273,621,515,35,-359,-368,132,617,625,283,-49,-165,-176,-112,-29,-95,21,-23,-5,-17,7,6,7,14,31,96,110,-67,-310,-160,153,43,-540,-1054,-876,-283,-98,-63,29,296,393,146,-231,-205,-2,210,141,-143,-325,-183,-33,-64,-430,-822,-760,-492,-330,-412,-488,-254,113,410,472,395,296,59,-115,11,364,554,411,208
111,1,0.22915008664131165,743,8,14,10,-13,0,7,13,-37,-232,-589,-733,-545,-137,-48,-48,4,177,307,192,7,-114,-151,-171,-227,-368,-431,-250,38,176,78,-21,-14,20,53,91,70,-127,-396,-502,-301,9,205,196,161,141,137,34,-110,-191,-180,-91,15,101,132,88,10,-12,-5,11,-3,-4,0,4,-91,-485,-1218,-1521,-1189,-99,457,525,391,325,181,75,132,109,-28,-186,-133,130,275,165,-8,-115,-121,-73,3,85,96,6,-54,-50,29,26,-165,-347,-289,-108,-48,-94,-168,-170,-109,-45,-38,-26,14,106,165,89,-14
111,2,0.38728874921798706,742,0,-3,25,-13,22,15,4,-20,-267,-909,-1303,-991,-73,429,337,-40,-161,121,258,92,-151,-252,58,302,449,512,442,333,-38,-427,-353,-51,196,70,-143,-171,22,135,9,-265,-598,-600,-175,107,56,119,75,92,188,336,279,29,-112,-240,-196,-94,4,-18,-3,1,-3,-8,6,-83,-233,-647,-769,-612,-73,242,463,360,259,394,824,929,180,-309,-601,-498,-334,-10,106,109,-51,-198,-237,-292,-328,-433,-248,-65,-16,-36,-53,46,64,32,139,260,159,339,326,316,244,64,-195,-181,-34,149,167,145
111,3,-0.05895598605275154,738,-17,3,31,-2,-3,-40,-16,-30,138,420,409,-100,-638,-219,678,1047,584,63,-97,-83,-18,113,84,-262,-687,-777,-468,-74,16,-84,-158,-152,-179,-268,-267,-84,319,482,330,-62,-506,-756,-436,91,516,259,-290,-617,-484,-95,184,173,190,83,29,99,12,-23,6,0,-14,-4,13,-8,-68,-94,-24,239,266,-128,-399,-113,272,358,319,259,272,90,-214,-466,-308,104,356,188,-96,-317,-84,261,370,199,95,233,649,817,592,344,294,418,394,53,-306,-497,-496,-353,-149,106,136,-132,-418,-382,-259,-134
112,1,0.21976850926876068,739,-9,-3,-13,-5,-17,-10,0,37,220,574,672,490,152,154,290,247,-49,-342,-276,-79,71,96,115,202,350,409,202,-44,-156,-65,34,46,11,-68,-122,-74,165,466,517,228,-112,-245,-169,-90,-82,-94,5,129,174,120,48,-37,-81,-83,-59,-13,-3,-16,-18,-14,-13,-4,8,107,575,1297,1542,1185,144,-227,-72,22,-124,-209,-128,-137,-62,67,169,89,-213,-357,-206,-19,125,116,11,-101,-145,-85,19,87,95,31,80,250,385,225,11,-53,67,182,179,64,-31,-20,36,-44,-187,-253,-165,-47
112,2,0.3564671277999878,737,28,0,-29,-28,8,-34,-45,-8,142,152,49,-17,114,406,694,751,248,-339,-820,-861,-243,110,479,579,436,136,-41,-20,12,-108,82,292,428,358,151,72,62,138,56,-208,-361,-212,-72,-104,-76,-181,-302,-262,-53,201,275,106,-133,-282,-283,-187,-17,-14,-13,-1,20,-11,19,-57,-485,-1269,-1474,-1072,-80,214,-74,-215,40,516,786,662,-2,-351,-203,-26,213,412,400,298,-96,-449,-270,-174,-129,-169,-180,-104,27,83,-70,-203,-463,-322,21,286,121,234,198,213,273,193,8,-35,-20,-41,28,54
112,3,-0.08575859665870667,737,10,-11,16,-9,-3,-41,-3,13,151,305,307,-30,-438,-215,332,430,17,-149,130,293,270,113,-239,-664,-815,-463,-21,135,-41,-217,-143,88,120,-71,-122,121,591,701,468,120,-207,-207,126,400,404,-59,-540,-703,-392,64,265,128,-67,-157,-96,3,11,11,-17,-8,1,1,-1,-58,-157,-312,-124,343,527,-105,-667,-219,559,813,507,167,125,54,-111,-108,235,515,435,97,-149,-135,126,322,355,291,200,237,362,470,477,519,752,754,418,-133,-553,-398,-137,21,71,132,40,-209,-443,-360,-282,-202
113,1,0.23852959275245667,741,-8,-25,-2,-18,-14,-7,1,75,321,630,638,327,162,353,555,325,-159,-406,-268,-72,36,81,136,159,169,151,70,-9,-3,45,2,-83,-136,-149,-124,-13,211,475,494,261,1,-158,-167,-122,-100,2,185,265,194,81,-42,-172,-215,-212,-92,1,7,-2,-9,-18,-14,-20,19,174,744,1393,1442,687,-218,-514,-420,-288,-187,-13,-20,-120,-58,112,180,-24,-324,-352,-157,12,99,94,53,-25,-64,-25,48,74,-8,-125,-48,163,318,213,97,119,176,221,76,-112,-155,-68,23,-41,-149,-216,-118,-12
113,2,0.3149225413799286,740,20,-5,21,-31,22,-2,59,53,280,903,1341,1141,335,-153,-40,405,508,-8,-829,-1210,-575,61,423,551,465,107,-89,-57,33,118,172,270,468,579,345,65,-79,-9,22,60,62,163,5,-148,-300,-271,-319,-316,-254,-69,172,177,-56,-125,-138,-139,-43,1,24,-7,8,-3,-39,10,-5,-163,-324,-425,-211,-11,132,162,205,391,418,228,-120,-191,3,342,441,453,410,355,161,-113,-165,238,576,405,43,-127,2,97,-21,-315,-576,-553,-161,-12,-78,-167,-126,-52,72,216,284,204,58,-149,-192,-157
113,3,-0.12060163170099258,738,14,6,-3,-16,23,3,45,13,7,-152,-307,-252,114,522,181,-551,-806,-496,-191,-202,-105,-40,37,344,661,711,345,-72,-56,196,340,227,-42,-92,57,50,-238,-681,-669,-367,-24,259,208,-97,-297,-300,79,490,626,353,-61,-220,-69,113,130,50,-4,1,34,22,42,19,14,-16,26,200,327,35,-462,-510,182,837,591,-29,-389,-454,-451,-290,-25,200,137,-246,-514,-330,-20,154,116,-193,-389,-378,-263,-211,-310,-451,-480,-402,-446,-636,-739,-327,232,530,381,127,-34,-95,-144,-2,311,436,290,183
114,1,0.2197687327861786,738,-18,17,11,-8,-17,-13,-14,-46,-260,-677,-854,-614,96,492,415,161,-78,-212,-170,-56,0,-30,-27,64,229,322,169,41,-16,23,23,-44,-77,-64,-44,-19,161,471,577,354,-16,-205,-188,-171,-180,-174,30,271,342,200,10,-113,-117,-40,-11,-4,-8,-12,-10,-13,-2,-1,-11,75,464,1183,1443,1082,92,-215,-2,136,-24,-191,-181,-128,-27,130,239,131,-149,-301,-168,-71,60,117,75,-32,-150,-198,-116,-25,102,211,276,331,323,148,-28,-12,88,179,182,97,3,12,45,-42,-200,-324,-243,-70
114,2,0.36852726340293884,742,-39,-17,14,-20,19,38,15,14,-6,-206,-493,-680,-509,-338,-248,-266,-152,290,650,512,-22,-180,16,299,365,411,396,331,97,-130,-108,294,617,401,49,-148,5,111,-23,-358,-566,-565,-212,-25,17,-87,-66,-29,73,226,283,187,8,-197,-213,-97,-30,9,2,32,-27,-27,-27,-23,-243,-808,-1178,-978,-214,164,4,-383,-336,139,755,990,456,11,-316,-538,-317,54,109,12,-111,-36,-133,-340,-501,-588,-297,-42,60,-28,-82,-150,-147,-152,91,200,247,122,117,258,239,91,-175,-185,22,76,11,59
114,3,-0.08575893193483353,735,7,6,-14,4,-3,-11,4,-4,18,73,128,144,75,-261,-187,349,850,887,444,94,26,18,-113,-459,-593,-281,167,116,-92,-365,-251,90,321,156,-10,73,488,750,578,308,215,266,330,150,-85,-335,-500,-524,-368,24,260,41,-328,-454,-318,-134,9,0,-32,28,6,16,4,-4,-112,-392,-456,26,736,463,-406,-755,-127,376,295,43,55,20,-48,136,521,692,438,23,-161,-18,161,282,292,280,277,138,13,-148,-90,115,509,832,598,2,-586,-468,98,553,493,187,-111,-162,-314,-253,-163,-159
115,1,0.2318294793367386,736,-3,3,-1,-9,0,0,3,-57,-318,-846,-1065,-627,78,503,521,308,68,-96,-57,64,76,-5,-74,-7,191,313,212,53,-41,-49,-47,-51,-10,25,20,15,89,223,248,73,-135,-176,-102,-72,-120,-132,-13,146,189,93,-35,-39,37,98,73,-1,-10,-1,2,2,5,0,-5,47,266,656,810,522,136,65,218,239,46,-152,-174,-126,-19,83,159,123,2,-93,-83,-61,22,85,68,-35,-109,-133,-108,-34,100,269,341,271,133,-5,-61,-22,15,65,115,135,95,42,-29,-122,-187,-191,-93,15
115,2,0.3216238021850586,737,12,-8,4,-37,10,-3,40,23,320,914,1353,1167,391,-87,2,377,362,-156,-921,-1168,-567,-15,282,552,410,57,-108,-64,21,119,191,441,663,718,358,75,-31,63,27,-32,15,55,-87,-239,-337,-241,-198,-348,-297,-127,156,181,-67,-134,-102,-101,-29,-12,10,-3,-19,7,-15,42,-5,-136,-328,-381,-73,84,-13,-345,-368,114,551,496,-13,-207,-72,158,262,283,293,276,136,-63,-57,312,619,416,89,-67,89,187,85,-236,-502,-521,-221,-140,-136,-144,-107,-30,130,212,197,101,37,-141,-198,-168
115,3,-0.057617370039224625,740,-8,-51,3,-13,21,-7,-5,-28,51,336,459,2,-625,-546,341,1182,1054,561,98,-90,-254,-117,-3,-219,-536,-678,-483,-86,18,-94,-194,-229,-218,-281,-277,-129,75,294,215,-31,-385,-748,-566,-15,507,365,-201,-549,-508,-191,26,93,224,128,44,67,7,-16,-7,8,-18,-27,-6,2,-42,-41,-20,147,220,-113,-280,-52,373,371,153,126,276,288,40,-364,-447,-125,262,163,-82,-369,-268,108,364,260,105,156,528,791,587,342,314,381,432,169,-120,-359,-472,-430,-279,35,209,52,-307,-403,-280,-77
116,1,0.23182909190654755,737,-5,9,-4,-1,-6,-8,-11,2,188,789,1372,1357,558,-85,-176,-44,-73,-160,-118,-98,-96,31,220,241,46,-213,-212,-132,-56,50,104,65,-75,-187,-202,-95,33,117,173,244,293,261,54,-11,86,123,165,142,94,63,29,-28,-153,-229,-235,-121,18,19,-5,5,-9,-1,14,31,132,508,863,856,256,-287,-345,-61,116,105,59,8,-27,-33,-27,-53,-193,-406,-307,-87,65,83,38,62,83,46,16,26,-50,-274,-475,-389,-86,209,242,190,183,188,90,-132,-273,-242,-65,60,109,55,-12,-42
116,2,0.368527352809906,740,-23,-50,-21,-2,3,24,37,-80,-364,-1054,-1300,-1064,-167,-149,-285,-342,52,920,1285,927,27,-299,-265,-173,22,207,186,283,-60,-213,-155,-85,-145,-231,-200,-65,76,105,-53,-235,-317,-299,-5,247,101,69,91,240,288,202,-6,-22,-2,-99,-60,67,5,-1,17,20,5,11,-8,-135,-378,-705,-738,-556,-218,-147,-306,-268,-54,288,521,519,131,-112,-414,-529,-383,-63,1,-68,-113,-61,-201,-571,-742,-510,-152,3,2,-39,39,183,241,126,70,182,140,98,126,189,134,-99,-175,-153,40,124,133,76
116,3,-0.06431835144758224,741,-8,-31,0,0,-31,-16,-10,-17,52,253,378,143,-350,-502,37,670,781,478,212,115,96,100,-11,-412,-718,-649,-208,84,40,-266,-319,-109,87,-64,-209,-76,369,788,634,214,-155,-352,-142,182,374,100,-438,-748,-613,-129,246,216,9,-157,-161,-55,13,-11,-38,2,-16,4,-8,8,-98,-270,-296,122,584,267,-443,-699,-144,272,360,281,332,203,-43,-156,40,360,434,155,-113,-172,20,343,448,356,254,249,428,506,415,319,436,665,629,115,-462,-500,-189,128,154,105,56,-57,-335,-394,-285,-205
117,1,0.21306674182415009,741,-11,-7,2,-3,-7,6,2,-24,-192,-674,-1053,-992,-271,354,472,241,80,-23,-77,-59,-19,-32,-59,-18,192,397,321,114,-19,-26,4,-56,-92,-33,-24,-62,-27,264,503,378,23,-234,-203,-137,-201,-231,-91,173,313,236,50,-84,-110,-21,73,77,-14,-4,-11,-1,3,-8,-18,16,230,817,1297,1213,403,-102,-105,29,-3,-116,-133,-150,-108,61,235,230,28,-188,-152,-93,-28,77,123,34,-114,-233,-210,-81,107,228,296,297,257,184,3,-13,80,153,212,174,102,53,39,-35,-171,-258,-231,-81
117,2,0.3564671277999878,743,-19,-25,1,28,-4,-23,-14,-156,-571,-1177,-1189,-810,-178,-171,-242,-11,448,982,1086,828,168,-177,-470,-522,-270,-38,21,86,-79,-167,-339,-604,-740,-511,-144,81,22,-25,-44,27,7,28,75,295,140,202,316,400,259,-107,-245,-164,11,48,62,79,6,-11,-28,-8,-1,38,-4,4,139,392,523,329,-122,-138,124,412,76,-581,-695,-258,200,215,-115,-322,-352,-304,-235,-233,-5,153,-68,-397,-381,-123,90,29,-55,-66,176,509,545,285,50,-88,64,71,106,66,-90,-142,-170,-68,24,126,87,-102
117,3,-0.08307996392250061,740,-19,-11,11,1,0,-33,-13,-21,84,337,422,36,-526,-494,280,975,830,295,-27,-60,-44,72,27,-371,-730,-695,-285,21,48,-210,-285,-172,-31,-111,-193,-67,237,512,385,85,-263,-525,-311,125,505,238,-354,-700,-561,-126,176,147,58,-45,-30,64,2,-30,-11,5,-7,-6,17,5,-65,-173,-140,180,418,28,-486,-444,161,526,517,303,235,64,-190,-331,-151,232,465,217,-103,-295,-94,282,449,327,203,217,476,638,538,396,411,552,496,66,-450,-555,-405,-185,-57,116,219,84,-273,-446,-406,-295
118,1,0.21306777000427246,737,-4,11,5,-14,-6,-9,-8,-93,-496,-1248,-1547,-1178,-78,445,273,-18,-93,0,53,116,60,-87,-198,-91,264,455,286,108,-39,-81,-73,-56,18,85,14,-61,-2,207,247,8,-279,-304,-144,-112,-197,-273,-134,100,236,136,-39,-82,46,225,198,75,-11,3,8,-5,-16,-13,1,41,169,418,525,385,151,182,310,327,200,-6,-151,-187,-85,57,160,153,114,84,47,-21,-11,59,56,-68,-179,-232,-221,-118,106,392,541,430,191,-32,-108,-94,-37,22,160,274,241,108,-28,-153,-210,-209,-122,-13
118,2,0.3216238021850586,738,11,17,3,6,1,2,-9,83,382,770,831,428,40,112,448,475,-140,-869,-971,-396,165,287,132,-34,-155,-282,-305,-164,72,153,61,-50,52,147,111,-73,-153,-55,173,368,349,199,18,-68,-43,-40,-100,-159,-156,-85,-35,-20,38,66,14,-125,3,11,-6,-2,5,11,32,168,473,707,618,218,1,104,207,-35,-461,-660,-590,-260,29,203,309,319,199,32,-32,25,75,101,264,424,421,235,14,-56,-11,44,37,-26,-39,-59,-119,-160,-115,-142,-233,-241,-105,82,140,65,-29,-73,-76,-50
118,3,-0.0388561375439167,739,-18,-35,3,7,3,-14,-10,-12,45,283,454,105,-467,-590,170,1002,1028,610,154,11,-80,18,37,-305,-654,-673,-276,46,75,-217,-321,-223,-51,-130,-257,-93,173,521,415,81,-241,-543,-377,74,434,219,-371,-736,-609,-174,164,164,92,-22,-59,39,13,-12,-30,24,-7,-9,14,21,-55,-158,-177,115,454,156,-353,-416,144,552,445,212,180,104,-66,-204,-161,135,391,196,-47,-245,-138,200,429,355,196,135,365,610,510,357,383,593,598,150,-378,-534,-366,-120,-50,51,141,38,-307,-455,-386,-264
119,1,0.22914879024028778,741,0,-7,-4,-5,-5,-8,9,-20,-123,-323,-384,-300,-151,-251,-361,-346,-143,97,194,159,20,-112,-170,-145,-161,-156,-92,24,12,-89,-97,34,146,204,163,60,-175,-463,-549,-372,-112,95,156,107,29,-33,-178,-271,-242,-115,19,139,199,177,93,-1,-19,3,21,8,-1,13,6,-97,-539,-1296,-1577,-1176,-23,499,353,123,94,109,77,106,54,-84,-197,-77,246,418,257,102,-30,-56,-83,-61,-9,55,43,-25,-24,80,113,-51,-242,-214,-88,-84,-171,-287,-165,71,196,123,-37,-54,69,203,177,58
119,2,0.3122430443763733,740,10,4,7,-15,21,-2,30,17,278,874,1321,1168,409,9,152,338,124,-512,-1143,-1177,-474,36,339,580,540,291,81,-47,-29,99,212,449,630,654,274,-21,-154,-41,-17,4,14,100,0,-161,-244,-153,-220,-341,-333,-237,135,208,49,-24,-64,-75,-21,1,10,19,-1,-25,-51,7,36,-109,-278,-362,-66,192,234,-21,-205,207,611,554,18,-193,-15,343,447,431,311,242,125,-96,-90,274,511,305,11,-145,6,91,-1,-313,-533,-526,-164,-90,-83,-96,-118,-97,4,178,155,138,111,-43,-130,-68
119,3,-0.07637766003608704,738,14,39,7,-2,17,30,-10,10,-32,-235,-345,-152,318,402,-91,-728,-841,-499,-226,-95,-55,-99,79,479,739,493,-3,-226,-114,243,308,62,-137,8,158,4,-370,-644,-438,-123,137,275,13,-235,-297,67,562,764,582,81,-269,-216,42,210,178,31,-32,-27,12,-17,15,12,-2,3,115,315,346,-131,-641,-224,532,793,334,89,28,-107,-256,-171,79,130,-133,-469,-508,-196,74,119,-43,-304,-453,-400,-292,-223,-355,-432,-352,-365,-597,-821,-652,-67,525,456,48,-206,-141,-67,-52,61,362,407,299,193
120,1,0.23853044211864471,737,0,-23,-45,-11,1,-5,16,139,623,1231,1321,704,-232,-578,-403,-183,-62,4,27,-6,6,68,101,-42,-335,-405,-220,-47,66,58,36,36,11,0,48,54,-99,-319,-333,-91,148,145,100,155,206,193,-29,-239,-250,-57,101,110,-35,-143,-136,-66,0,-10,-7,-7,2,12,1,-91,-435,-913,-954,-515,-70,-80,-288,-334,-94,208,287,172,-68,-233,-238,-123,36,88,87,103,-20,-128,-89,88,220,236,135,-33,-191,-342,-388,-322,-215,-37,34,-32,-87,-154,-197,-170,-102,-46,27,139,215,201,66,-40
120,2,0.3403852880001068,743,36,22,8,-18,13,21,23,33,334,1027,1353,1140,137,-208,135,380,94,-909,-1461,-1314,-139,315,275,338,175,-105,-140,-273,0,247,192,276,346,365,207,27,-65,-128,-2,147,267,320,30,-189,-129,-128,-136,-273,-320,-233,45,102,31,35,19,-31,-12,25,-29,-33,11,-17,-25,62,235,401,434,271,207,216,290,161,-154,-171,-124,-142,-230,-143,246,555,586,459,227,148,-7,-117,86,508,717,424,-6,-165,-85,91,-43,-292,-431,-343,-129,-178,-207,-89,-177,-209,-109,56,87,118,76,-30,-77,-44
120,3,-0.11122118681669235,737,-14,-11,18,3,-15,-26,9,-10,32,171,239,172,-125,-380,-119,425,643,356,92,47,57,68,-85,-447,-668,-433,49,247,91,-270,-303,-4,287,147,-51,53,457,743,526,225,26,-86,49,179,160,-124,-518,-703,-530,-29,317,210,-161,-352,-313,-154,28,-2,-36,12,2,0,18,20,-111,-351,-424,80,703,409,-470,-907,-400,82,180,137,156,56,-97,-21,327,586,524,159,-95,-68,68,276,392,382,361,256,264,199,169,279,592,859,667,-1,-630,-531,-35,347,280,127,0,-120,-338,-346,-240,-180
121,1,0.24791033565998077,740,-6,0,-22,-9,-27,-22,-11,26,163,625,1069,1058,338,-388,-553,-325,-117,-45,20,46,18,4,28,15,-143,-408,-381,-164,34,105,33,3,39,40,49,57,-15,-232,-432,-344,-74,151,157,116,171,201,125,-132,-318,-268,-42,122,131,-1,-113,-109,-5,-5,5,8,11,-7,-6,-20,-186,-719,-1231,-1181,-456,49,20,-186,-145,93,230,223,107,-119,-279,-258,-100,111,115,99,89,-43,-136,-64,82,199,202,95,-68,-190,-305,-338,-292,-207,-35,17,-73,-134,-188,-162,-110,-48,-46,13,155,252,210,64
121,2,0.3336840569972992,738,-17,-26,14,29,6,-32,-11,-109,-436,-1063,-1129,-818,-177,-156,-311,-252,136,714,853,779,162,-177,-410,-601,-443,-213,-79,142,-10,-105,-251,-533,-651,-539,-136,87,30,1,42,83,117,72,101,337,192,235,203,313,189,-68,-192,-199,-13,42,48,66,3,11,-4,-19,12,44,-2,1,73,393,528,375,-144,-279,-1,399,102,-699,-952,-477,182,237,-91,-402,-442,-480,-370,-311,28,255,47,-364,-454,-132,149,102,-34,-115,143,582,600,375,116,32,159,106,26,-44,-160,-154,-118,-30,-7,112,85,-119
121,3,-0.10452013462781906,736,-1,18,28,11,-24,-29,-12,-17,24,160,219,173,-126,-373,-116,440,604,259,32,73,181,204,-24,-443,-686,-420,34,240,112,-243,-261,38,292,162,-57,66,486,801,598,252,35,-78,46,174,170,-70,-404,-608,-482,-46,252,179,-145,-327,-287,-149,22,-19,-35,11,10,4,0,19,-114,-342,-396,113,699,391,-466,-909,-347,209,342,221,165,14,-114,-11,334,580,480,126,-107,-64,81,309,388,370,363,290,291,260,243,324,595,827,599,-17,-591,-492,-32,320,300,184,21,-143,-377,-352,-235,-195
122,1,0.23182867467403412,739,-13,-9,21,14,13,-17,-9,-25,-194,-669,-1028,-908,-213,352,395,192,73,50,-3,-28,-30,-13,-49,-29,154,388,355,156,-30,-52,-23,-15,-20,-21,-28,-48,7,184,284,161,-57,-158,-114,-78,-152,-226,-140,90,240,191,6,-109,-97,34,115,94,-11,2,4,8,-15,-6,3,42,200,573,876,755,249,-20,70,209,111,-153,-273,-245,-70,116,243,212,70,-58,-80,-92,-54,54,112,37,-96,-170,-126,-44,77,217,288,298,226,85,-31,-23,29,66,123,148,140,84,32,-78,-182,-236,-177,-41
122,2,0.32430320978164673,741,-7,25,-14,-11,16,-2,-1,92,336,884,1064,886,333,214,286,194,-77,-515,-757,-719,-206,140,404,481,386,130,-54,-154,13,102,220,371,464,464,234,13,-84,1,30,16,-23,23,-106,-261,-249,-205,-249,-303,-200,-13,108,94,-2,-21,-13,-46,-16,10,2,-5,-3,4,2,-4,-99,-422,-638,-581,-95,117,-33,-196,105,704,909,518,-99,-244,-3,269,392,441,453,370,10,-216,-92,240,389,141,-143,-133,79,160,-55,-411,-614,-461,-169,-30,-56,-120,-81,19,190,242,155,63,-24,-121,-104,14
122,3,-0.11256177723407745,740,4,22,4,19,-25,-35,-39,-13,-18,62,89,179,137,-197,-256,71,540,622,358,184,135,149,50,-291,-515,-375,73,259,152,-222,-318,-33,330,329,131,107,449,855,744,445,265,234,275,199,-4,-200,-389,-461,-414,-132,185,231,-81,-320,-312,-215,9,-15,-18,-33,-6,5,23,11,-73,-267,-426,-119,530,688,-93,-865,-590,131,509,351,168,-20,-83,57,374,601,481,117,-113,-41,72,241,251,280,365,308,196,-19,20,165,428,756,658,55,-560,-627,-122,418,485,253,22,-141,-282,-276,-150,-133
123,1,0.24791045486927032,740,-5,10,2,-2,4,4,4,40,283,793,981,701,139,42,206,213,-37,-281,-261,-162,-22,111,194,161,39,-46,-74,-123,-41,59,93,-31,-148,-212,-139,-19,123,253,331,297,189,35,-43,11,79,146,165,149,86,27,-35,-140,-210,-255,-128,3,4,13,-16,9,2,-6,7,77,434,1079,1353,973,-12,-512,-446,-236,-159,-70,26,43,35,49,68,-27,-305,-510,-333,-139,39,65,39,44,48,39,64,107,1,-198,-249,-77,143,186,121,151,208,252,76,-147,-235,-102,74,156,49,-100,-125,-67
123,2,0.317602276802063,744,-12,2,-44,-5,2,11,-36,199,625,1066,969,467,119,381,844,614,4,-786,-989,-526,-55,292,524,446,234,74,-42,-92,-18,110,332,515,503,273,7,-107,14,-10,7,16,5,-155,-241,-297,-156,-182,-243,-198,-55,179,182,55,-4,-6,-45,-88,-11,33,6,0,-4,-12,12,-21,-221,-542,-596,-190,171,285,141,162,503,810,571,5,-217,-9,206,410,473,437,361,88,-173,-206,103,495,376,45,-165,21,134,76,-217,-562,-603,-310,-148,-93,-231,-183,-3,137,266,216,162,74,-27,-122,-67,84
123,3,-0.04957602918148041,734,-7,-15,24,9,11,-12,-17,-23,79,305,406,-29,-598,-423,340,930,611,90,-228,-296,-331,-141,95,32,-259,-497,-396,-80,87,31,-88,-233,-263,-324,-358,-282,-221,-124,-138,-291,-510,-737,-486,71,598,487,-26,-433,-390,-185,-24,91,275,283,210,169,-6,-37,-35,-7,-23,-41,-11,-22,-4,110,210,188,-24,-282,-134,400,854,1003,731,365,185,113,-48,-363,-551,-354,92,229,40,-279,-226,35,263,135,-29,104,465,769,550,236,78,119,248,198,8,-240,-419,-503,-402,-79,241,212,-91,-266,-255,-118
124,1,0.2291499227285385,744,8,-11,-2,-17,-2,21,3,-91,-455,-1029,-1118,-662,-69,38,-105,-71,164,318,240,147,12,-118,-203,-156,-15,86,106,159,31,-102,-100,30,152,183,71,-84,-205,-319,-356,-288,-161,-13,24,-79,-110,-152,-133,-76,-14,-27,-9,108,210,238,118,-1,-1,14,24,-4,6,8,-13,-100,-514,-1099,-1206,-608,242,582,401,93,-117,-194,-120,-28,-5,-45,-44,96,377,464,263,62,-76,-73,-36,-59,-74,-64,-76,-88,80,264,256,65,-122,-119,-78,-158,-210,-203,4,194,258,72,-93,-140,-38,94,121,83
124,2,0.35244548320770264,738,-4,-2,-1,10,-24,14,35,60,168,279,242,3,1,-88,-61,-238,-282,94,262,32,-253,-139,250,626,560,402,172,102,5,-26,106,495,737,560,173,-72,54,180,67,-255,-457,-426,-157,-179,-222,-192,-158,-181,-50,169,246,215,112,-72,-140,-60,-33,-14,-20,-3,-16,23,14,-54,-315,-1014,-1424,-1199,-243,-60,-179,-334,-98,671,1187,1067,239,-191,-343,-432,-296,21,109,249,1,-148,-223,-340,-398,-454,-295,-117,80,87,30,-166,-223,-269,-8,236,201,79,98,223,247,185,-91,-118,-35,-56,-11,110
124,3,-0.029475070536136627,741,-35,-24,-30,-19,-28,-23,-9,-26,87,334,461,121,-585,-562,293,1033,895,425,242,161,125,84,42,-281,-612,-650,-317,64,149,-108,-207,-178,-109,-223,-280,-127,193,421,228,-122,-452,-653,-325,185,568,293,-293,-685,-647,-291,74,232,242,100,33,129,17,15,-6,24,-33,-19,17,4,-68,-135,-130,181,372,-2,-393,-334,31,49,15,195,437,350,-50,-390,-344,97,379,233,-71,-264,-109,243,451,302,147,188,584,771,572,376,419,544,523,154,-266,-419,-261,-80,4,156,219,91,-284,-440,-369,-224
125,1,0.25461113452911377,743,0,15,17,1,-6,10,-24,-163,-667,-1180,-1186,-470,352,586,337,48,-132,-191,-112,23,56,-17,-35,118,427,434,211,18,-92,-63,-41,-34,7,3,-39,-32,187,381,300,-4,-256,-189,-102,-169,-245,-207,28,218,245,63,-72,-92,-5,124,129,86,4,4,-4,-13,-8,-11,15,140,598,1066,1061,478,42,72,219,132,-152,-317,-259,-118,74,224,252,166,1,-41,-81,-109,17,115,57,-89,-214,-197,-76,102,242,376,384,265,140,-20,-18,54,62,103,125,96,47,45,-16,-156,-253,-254,-110,-21
125,2,0.34038516879081726,741,13,9,-14,-33,9,1,14,39,298,892,1261,1062,381,47,383,688,436,-202,-934,-1079,-508,20,370,538,443,125,-92,-147,-8,89,169,369,565,606,271,30,-76,54,78,55,-65,-23,-134,-243,-237,-127,-168,-292,-217,-70,243,216,17,-25,-55,-86,-7,15,54,13,19,9,-14,-6,-26,-224,-459,-604,-385,-78,215,334,347,470,554,312,-62,-138,63,251,336,340,271,237,75,-63,-115,166,403,209,-111,-176,65,171,81,-258,-537,-608,-228,-22,-10,-95,-142,-56,70,287,279,191,110,-62,-101,6
125,3,-0.12998254597187042,737,16,9,29,-14,5,3,19,14,-83,-319,-467,-133,542,658,-139,-833,-437,414,805,512,200,-59,-108,27,391,668,548,124,-137,-55,91,260,246,248,290,239,52,-119,-26,127,430,728,565,-10,-571,-599,-100,409,503,308,55,-133,-276,-292,-180,-227,7,-33,-6,7,13,30,24,1,3,-43,-58,-149,-164,123,228,-80,-546,-614,-343,-139,-143,-227,-120,290,550,327,-122,-228,-1,294,249,-78,-375,-280,-51,-22,-331,-746,-609,-338,-252,-367,-428,-272,72,309,404,376,313,76,-188,-191,142,374,398,254
126,1,0.20636707544326782,743,-12,-9,18,-3,-1,-7,2,-40,-316,-934,-1300,-1105,-260,149,122,52,204,344,269,176,85,-76,-244,-249,-60,122,120,130,55,-58,-115,-14,127,228,169,42,-101,-176,-233,-294,-319,-208,-48,-27,-96,-148,-162,-138,-61,-16,-19,49,182,262,213,70,13,-2,16,3,1,-8,-10,-35,-239,-720,-1019,-867,-59,469,536,266,-26,-254,-262,-111,16,41,16,72,286,526,381,153,-50,-105,-89,-93,-110,-69,-80,-88,32,282,435,255,-53,-203,-129,-103,-154,-204,-52,182,288,201,-14,-147,-137,-28,76,72
126,2,0.34976598620414734,736,25,18,5,-16,-31,-37,-32,124,457,1038,1196,920,236,251,396,455,-210,-1006,-1131,-548,110,257,197,44,-223,-415,-365,-202,115,215,107,-85,55,108,129,-65,-150,-91,156,355,402,248,-39,-194,-44,-13,-97,-207,-240,-94,-33,-117,-23,42,-41,-173,-10,4,-36,-24,5,21,31,229,555,930,778,400,-32,43,309,145,-102,-450,-670,-561,-40,249,580,485,268,1,-64,-38,24,105,282,530,535,288,-8,-113,28,63,73,-45,-101,-128,-136,-240,-55,-166,-329,-262,-70,187,215,185,18,-61,-113,-112
126,3,-0.07503921538591385,739,10,26,-4,-10,-4,22,30,30,-70,-383,-430,39,649,445,-373,-958,-609,-106,223,245,233,16,-127,115,505,664,401,58,-48,58,159,210,205,273,336,207,23,-125,-38,205,449,614,353,-126,-566,-385,109,481,431,192,-34,-135,-260,-202,-149,-182,15,8,37,2,22,32,-21,-4,7,-33,-105,-170,-63,197,143,-366,-891,-1161,-854,-356,-182,-114,90,386,487,162,-220,-203,47,295,145,-155,-319,-143,54,-64,-399,-681,-473,-243,-178,-270,-358,-172,91,290,377,388,284,-14,-249,-157,165,353,346,229
127,1,0.2291492223739624,739,3,4,1,-15,-16,-6,-8,-35,-158,-415,-512,-414,-168,-170,-160,38,365,516,350,173,31,-90,-198,-226,-215,-191,-104,50,60,-14,-62,41,153,217,179,76,-118,-345,-467,-421,-263,-72,29,49,37,29,-103,-206,-224,-133,-13,131,209,209,106,-5,-7,6,20,7,10,3,-2,-73,-469,-1225,-1543,-1250,-98,442,277,-80,-221,-148,-44,44,44,-44,-153,-36,301,547,379,195,-31,-129,-143,-101,-18,65,40,-58,-32,90,114,-41,-213,-175,-70,-77,-154,-208,-83,87,197,95,-49,-73,37,203,214,97
127,2,0.3658478260040283,738,16,2,-7,-25,11,-2,28,51,294,911,1368,1249,623,14,-88,-65,-90,-406,-897,-1042,-548,67,426,500,405,79,-79,-162,-74,90,234,362,547,592,287,15,-150,-28,14,-4,-30,84,-120,-252,-294,-103,-134,-259,-239,-150,170,212,63,2,-31,-89,14,-3,27,6,-3,24,-9,14,83,-5,-173,-345,-361,-213,-228,-295,-220,286,610,339,-89,-195,95,450,475,488,374,252,78,-114,-77,353,679,527,135,-91,83,191,77,-256,-530,-603,-231,-41,14,-57,-94,-149,31,202,230,180,130,-50,-110,-31
127,3,-0.0643174946308136,738,-13,-42,-16,15,-26,-41,13,-7,-22,54,146,212,75,-190,-194,253,601,612,453,314,284,181,-135,-434,-463,-128,273,232,-42,-272,-145,158,321,147,-1,154,518,687,452,232,199,299,362,159,-88,-275,-335,-369,-259,86,342,174,-203,-382,-353,-222,23,51,18,20,-5,30,16,28,-107,-412,-450,92,712,321,-547,-1107,-857,-512,-239,65,216,70,-71,133,511,671,428,64,-42,22,150,216,244,348,359,230,75,-4,38,257,520,686,364,-165,-594,-340,177,536,448,155,-57,-168,-291,-193,-143,-173
128,1,0.21976765990257263,743,-3,12,19,10,4,-3,-27,-106,-497,-1145,-1324,-929,-99,98,-139,-239,-65,195,221,151,25,-118,-233,-171,56,201,162,146,10,-102,-130,-15,146,212,124,-28,-142,-235,-298,-315,-253,-82,24,-40,-98,-139,-124,-73,-34,-70,-67,48,214,289,171,39,2,2,-1,-7,-1,5,-1,-78,-362,-818,-981,-636,135,465,258,-118,-427,-417,-232,-44,17,5,-7,113,399,500,270,63,-77,-66,-49,-61,-55,-43,-86,-99,79,369,429,217,-65,-173,-135,-168,-207,-193,14,237,301,133,-52,-148,-67,58,82,58
128,2,0.3149225115776062,741,-4,-53,-21,35,-41,-13,-57,-109,-418,-1100,-1349,-1081,-238,46,68,47,191,503,853,979,375,-107,-499,-582,-403,-115,28,156,-39,-109,-282,-485,-715,-648,-273,12,85,-20,-31,59,20,-22,131,249,233,147,224,273,216,5,-199,-198,-25,33,83,72,1,31,-26,-1,1,-16,34,10,-1,155,315,503,331,131,-32,30,-86,-484,-625,-299,191,213,-127,-493,-518,-511,-353,-213,23,178,60,-414,-605,-380,-9,91,-152,-204,-53,279,575,541,162,-6,8,115,111,96,-156,-220,-223,-109,-63,87,94,-5
128,3,-0.12194165587425232,737,40,25,-6,19,4,33,2,5,-159,-408,-394,133,737,284,-591,-996,-595,-302,-184,38,152,93,-34,100,457,607,444,83,-71,-12,175,295,357,356,321,269,171,120,139,314,659,808,452,-159,-656,-420,94,461,377,163,-54,-205,-364,-294,-213,-213,11,-19,-6,-10,36,30,6,-9,-2,-58,-138,-198,49,268,139,-248,-234,63,92,-171,-415,-350,58,522,578,112,-256,-240,44,301,163,-146,-284,-125,4,-163,-660,-832,-554,-284,-219,-254,-342,-186,12,238,375,453,331,-36,-311,-178,190,385,344,187
129,1,0.22244718670845032,743,9,24,15,-3,-10,0,-31,-166,-640,-1190,-1238,-580,266,514,267,-79,-251,-234,-133,-14,-1,-68,-80,103,439,452,224,18,-105,-85,-72,-39,-9,-10,-63,-63,124,351,324,59,-174,-177,-146,-243,-290,-215,35,242,245,46,-92,-95,45,164,133,68,-11,6,-6,3,-6,-14,11,120,515,989,1011,522,97,155,415,380,-4,-317,-302,-157,36,158,219,165,-3,-57,-84,-115,-3,85,58,-94,-218,-212,-101,63,194,326,373,312,155,-21,-44,58,69,87,84,67,53,85,30,-135,-241,-231,-87,21
129,2,0.3176022469997406,736,-30,-25,-7,-41,-20,10,18,64,247,708,1048,942,582,58,203,287,118,-227,-589,-798,-594,-142,220,453,549,352,112,-1,-75,-36,81,352,608,683,374,50,-51,44,24,-23,-122,-64,-170,-200,-301,-135,-176,-240,-200,-58,179,195,99,-40,-77,-62,-13,-6,45,12,24,17,-39,-38,-81,-352,-742,-871,-523,-79,204,285,352,556,825,672,87,-309,-148,163,387,504,522,356,46,-212,-247,87,412,234,-33,-141,86,192,85,-190,-520,-660,-322,-31,76,-117,-140,-10,130,263,196,151,41,-66,-97,-45
129,3,-0.11524130403995514,740,-18,7,12,19,2,0,-23,-2,66,310,491,166,-518,-736,38,845,685,88,-149,-73,-69,-40,31,-53,-368,-656,-563,-97,156,45,-108,-318,-335,-327,-350,-241,-157,71,52,-89,-366,-730,-692,-70,528,610,115,-431,-538,-334,-62,142,292,301,174,148,8,23,14,12,-30,-27,-39,-3,-2,10,40,163,183,-114,-240,-21,251,121,-49,41,284,351,169,-306,-573,-371,121,279,128,-224,-295,19,346,308,68,58,447,872,811,480,356,440,469,302,-7,-270,-383,-378,-368,-176,148,222,-53,-342,-380,-260
130,1,0.23852914571762085,743,-21,-5,-1,-1,-2,-3,-23,-170,-696,-1336,-1388,-727,31,93,-279,-389,-107,195,237,113,-73,-232,-256,-96,179,216,135,96,-16,-101,-71,55,171,182,54,-104,-174,-195,-242,-270,-226,-89,-54,-170,-215,-200,-71,55,86,-7,-37,80,258,291,148,22,-8,8,8,5,0,17,-5,-64,-385,-724,-786,-330,271,573,525,266,-64,-247,-215,-106,-44,-22,20,159,385,396,189,-18,-89,-50,-32,-75,-109,-108,-103,-49,179,452,454,187,-128,-195,-148,-168,-170,-118,66,203,191,61,-101,-173,-81,35,76,51
130,2,0.3336839973926544,739,14,55,-8,-21,-11,-22,-13,95,540,1231,1415,1130,247,138,300,263,-195,-964,-1250,-829,-20,344,259,271,17,-256,-251,-261,82,287,172,246,347,269,177,-37,-135,-99,51,147,322,224,-94,-281,-114,-32,-87,-161,-272,-127,28,9,4,21,-25,-119,8,14,-12,-12,24,-20,-44,141,287,507,444,243,154,339,610,432,118,-149,-277,-351,-172,33,393,523,500,318,131,66,-8,-76,194,524,604,347,45,-61,1,75,8,-117,-283,-216,-144,-200,-130,-175,-196,-156,-13,162,163,162,3,-88,-89,-93
130,3,-0.11122159659862518,735,16,31,42,14,-4,-34,-15,25,198,468,362,-252,-802,-216,630,778,142,-329,-355,-266,-109,77,163,-164,-629,-687,-291,104,157,-23,-238,-331,-327,-344,-342,-249,-42,-3,-73,-240,-575,-697,-291,281,625,278,-238,-544,-417,-164,100,251,315,205,173,196,11,7,-8,-20,-22,-41,8,-7,0,53,136,199,-12,-236,-134,284,378,145,30,118,240,212,-137,-462,-455,-41,243,152,-151,-336,-82,322,430,179,-12,239,755,834,541,325,409,499,496,171,-122,-306,-339,-359,-256,44,239,2,-319,-411,-312,-147
131,1,0.23853003978729248,738,5,4,7,1,-6,1,8,-5,7,-4,27,6,92,314,567,665,452,15,-237,-187,-41,16,49,96,172,284,266,84,-81,-76,-1,-2,-108,-170,-171,-124,43,293,523,479,199,-78,-160,-88,-16,-36,4,107,146,124,28,-111,-198,-192,-112,-25,-5,-4,-13,-2,-9,-11,-14,40,257,940,1526,1456,485,-301,-384,-6,217,162,-7,-107,-90,63,211,182,-66,-423,-400,-210,-47,67,87,42,-63,-143,-118,8,99,35,-35,48,203,244,118,75,186,231,189,10,-121,-119,10,55,-60,-209,-249,-114
131,2,0.3524453639984131,742,-1,-28,31,14,1,-1,-4,-199,-631,-1143,-1109,-708,-203,-386,-496,-166,319,838,915,544,77,-219,-442,-417,-288,-104,-8,79,12,-75,-273,-465,-539,-355,-90,122,33,4,-105,-73,-69,76,186,321,146,166,224,203,100,-139,-181,-88,10,18,104,152,-13,-17,-7,-20,-7,-4,-17,-23,97,355,466,208,-234,-359,-33,300,35,-578,-699,-151,276,182,-107,-347,-414,-474,-418,-147,200,310,-74,-529,-433,-50,142,14,-97,-110,134,453,525,298,119,32,195,220,54,-85,-234,-214,-155,-71,22,109,28,-116
131,3,-0.07905798405408859,742,3,-14,-24,-39,-26,-27,20,4,-74,-214,-79,312,406,-96,-458,-153,306,383,396,479,420,114,-354,-433,-67,391,451,138,-191,-293,67,473,552,303,134,305,569,638,443,375,559,738,557,40,-359,-371,-220,-126,-82,120,186,-86,-428,-455,-360,-227,-18,-15,-23,-7,1,49,18,13,-152,-392,-386,81,686,340,-458,-891,-499,-21,112,119,50,-116,-106,273,679,563,114,-151,2,240,271,102,29,178,277,73,-382,-484,-248,20,266,301,-51,-362,-488,-108,338,617,453,78,-251,-207,-52,78,51,-41
132,1,0.21976783871650696,742,-12,1,-4,-1,2,-13,-15,32,258,699,952,718,172,-36,154,341,250,-4,-170,-150,-36,82,187,147,16,-111,-105,-106,-76,29,85,18,-129,-188,-133,-1,121,232,303,298,190,68,3,46,89,100,85,57,18,16,16,-70,-192,-258,-156,-34,6,-10,-13,-10,5,0,-9,40,263,687,938,715,4,-495,-563,-348,-56,89,53,-45,-39,55,103,23,-227,-415,-306,-60,82,49,-28,-39,-15,10,57,81,-27,-248,-337,-139,121,185,75,39,106,181,79,-86,-184,-126,7,77,67,-30,-77,-45
132,2,0.3685273826122284,736,-14,-12,-23,17,-50,1,4,-56,-302,-928,-1384,-1223,-572,-183,-309,-327,-24,469,946,1020,481,17,-340,-592,-458,-222,-68,30,29,4,-136,-424,-598,-629,-298,-16,145,13,-59,-153,-58,-30,127,288,321,195,222,310,224,95,-172,-198,-54,-8,32,171,14,-1,-13,-22,12,-8,11,-25,-72,0,183,294,43,-168,-103,301,381,-160,-710,-541,21,179,-5,-290,-331,-291,-240,-249,-98,132,123,-244,-589,-403,-64,160,41,-44,-35,242,454,475,218,135,119,227,224,114,-89,-253,-175,-84,-70,26,105,23
132,3,-0.07637865096330643,741,4,-25,-24,-9,-2,52,16,24,-132,-387,-398,71,644,364,-429,-974,-678,-199,74,211,186,-2,-65,273,685,584,121,-179,-23,238,238,34,-37,181,303,92,-364,-461,-204,69,264,276,-36,-357,-474,-120,303,560,441,70,-226,-213,-46,85,44,-68,14,19,42,57,38,26,-27,-7,73,203,96,-292,-394,102,423,118,-445,-704,-751,-642,-391,23,409,438,116,-287,-358,-72,221,311,-30,-400,-488,-273,-109,-197,-447,-517,-360,-268,-415,-645,-517,-41,350,379,241,109,55,-153,-204,13,353,412,381,254
133,1,0.24791055917739868,739,-13,-2,1,-2,0,1,4,-9,-183,-707,-1195,-1122,-389,45,48,-173,-190,-45,84,104,67,-22,-165,-196,-60,122,105,86,84,-9,-79,-33,97,210,209,76,-96,-206,-311,-344,-262,-145,2,5,-96,-121,-121,-75,-41,-26,-54,-1,127,226,202,82,-5,-18,10,11,16,4,6,-23,-156,-625,-1042,-1019,-232,431,732,603,308,17,-92,-36,25,-13,-100,-51,182,493,441,173,-63,-109,-29,11,-13,-31,-57,-84,-30,208,414,309,-2,-233,-142,-38,-56,-148,-155,-11,135,163,61,-57,-120,-84,12,31
133,2,0.2894599437713623,739,-20,-15,10,37,-45,3,-29,-72,-312,-858,-1177,-1055,-513,-88,-28,112,275,498,675,780,422,69,-277,-476,-424,-279,-122,-85,-22,-6,-133,-370,-535,-635,-254,-18,149,9,-26,-33,86,52,143,250,346,198,244,341,202,-18,-196,-148,-50,14,36,131,-1,6,4,5,6,-16,0,5,63,213,459,551,181,-59,146,562,408,-439,-1093,-766,6,251,89,-164,-181,-167,-287,-418,-201,88,127,-244,-531,-352,-23,201,48,-66,-27,309,491,514,211,56,43,216,182,75,-155,-271,-211,-83,-40,41,70,-26
133,3,-0.09379921853542328,738,11,5,11,17,41,35,43,-8,5,-104,-215,-240,-7,368,241,-322,-782,-765,-533,-345,-136,7,116,308,555,548,129,-218,-99,286,352,58,-281,-252,77,107,-216,-681,-535,-225,-48,-53,-221,-351,-297,-119,253,486,539,274,-184,-316,-78,216,307,197,-4,26,24,35,43,27,-21,-20,20,239,439,141,-468,-654,109,832,583,-47,-408,-479,-509,-238,119,321,-16,-488,-614,-236,118,177,101,-224,-340,-344,-302,-227,-180,-145,-195,-225,-313,-603,-680,-224,359,624,304,-69,-258,-184,-111,40,230,312,273,257
134,1,0.24791006743907928,742,-11,0,23,7,3,8,-18,-131,-599,-1364,-1565,-1033,79,632,548,250,54,-34,4,74,25,-148,-248,-73,292,492,301,112,-85,-107,-65,6,84,139,64,-51,-42,42,38,-147,-303,-184,-51,-85,-159,-239,-138,19,97,42,-22,-20,70,175,140,46,-11,-1,4,5,-2,-5,-18,-4,45,160,155,124,179,353,456,397,216,36,-73,-100,-62,17,98,152,234,263,162,-7,-79,-10,34,-57,-169,-205,-149,-17,178,408,489,313,52,-116,-75,-19,-33,-62,6,75,100,93,26,-121,-212,-190,-88,2
134,2,0.3149224817752838,742,-10,-14,9,2,9,7,10,36,174,509,725,615,180,45,193,294,-33,-672,-924,-564,58,290,163,20,-13,-110,-242,-308,-68,118,98,-70,-144,-12,99,55,-87,-112,33,251,371,292,53,-87,-42,47,8,-114,-203,-189,-81,-35,-3,36,-7,-133,2,37,14,-8,-4,5,2,70,336,752,855,623,200,21,-117,-261,-394,-498,-556,-449,-101,153,301,338,269,99,-10,-8,54,75,156,301,404,345,155,-24,-58,-11,5,-10,-2,-20,-132,-245,-199,-183,-218,-217,-99,35,87,64,32,7,-60,-130
134,3,-0.08575977385044098,739,3,-26,-24,-13,-20,24,12,10,-196,-468,-302,305,795,117,-774,-910,-312,142,292,332,221,-29,-183,93,561,644,280,-57,-58,-15,195,235,246,297,277,154,-27,22,145,285,515,625,224,-323,-660,-311,118,400,289,92,-110,-220,-248,-185,-190,-243,19,25,12,29,26,44,-13,14,-10,-67,-177,-174,97,260,38,-459,-679,-614,-509,-323,-118,117,366,527,408,-26,-301,-106,327,455,105,-338,-383,-90,34,-209,-651,-623,-342,-161,-199,-371,-423,-234,11,315,490,503,306,-143,-325,-88,267,378,304,105
135,1,0.23182904720306396,738,-2,15,-1,1,-4,-16,-10,12,81,242,254,167,182,353,424,371,203,-4,-115,-113,-33,45,94,146,193,205,98,-40,-58,9,6,-68,-145,-165,-107,8,176,419,488,305,75,-91,-99,-49,-55,-36,25,77,103,79,-5,-127,-196,-169,-62,22,1,-16,-11,-8,-1,-5,4,140,639,1430,1555,830,-190,-660,-530,-260,-118,0,-22,-94,-6,151,233,27,-337,-485,-262,-72,74,86,49,-25,-114,-157,-58,48,15,-74,-46,131,277,159,59,97,152,226,120,-21,-71,-24,19,-4,-67,-148,-105,-50
135,2,0.32430335879325867,737,7,18,20,7,-12,-2,24,120,436,862,954,670,196,-45,-204,-313,-466,-668,-756,-550,-47,258,385,388,281,106,8,-20,37,92,239,386,451,359,175,-9,-54,-22,-9,-2,48,21,-113,-260,-226,-218,-239,-199,-103,57,100,70,15,-26,-76,-128,2,7,23,9,-2,-22,-4,-12,-115,-347,-471,-366,-68,-10,-179,-220,87,499,570,238,-138,-160,29,88,68,125,292,299,35,-144,1,263,289,60,-81,-15,103,102,-76,-334,-455,-313,-71,18,-87,-122,-34,97,203,169,114,44,-38,-70,-12,124
135,3,-0.10318008810281754,738,24,27,31,29,13,45,-13,13,-71,-205,-250,-70,319,299,-169,-669,-744,-671,-546,-286,-47,121,304,509,535,166,-180,-79,330,445,137,-245,-299,-4,85,-216,-652,-589,-286,-67,-26,-176,-337,-328,-169,243,560,633,387,-148,-364,-141,196,344,248,23,3,21,49,30,29,-20,-17,-1,183,438,237,-351,-732,-17,772,716,89,-345,-406,-359,-178,89,260,39,-373,-553,-286,43,125,113,-172,-301,-321,-305,-229,-192,-147,-182,-214,-275,-506,-671,-298,261,634,340,-24,-281,-208,-113,55,223,329,266,254,267
136,1,0.24791009724140167,742,-6,-8,0,-16,-15,-12,-5,44,188,414,404,239,198,326,434,358,112,-117,-194,-133,-15,63,100,114,105,57,-24,-65,3,63,14,-96,-160,-157,-74,47,233,464,504,334,79,-110,-125,-45,-22,6,72,100,74,52,-25,-158,-226,-193,-82,4,-2,-26,-15,-13,-14,-17,17,178,761,1447,1487,637,-306,-679,-481,-249,-128,-13,-29,-91,-23,143,174,-64,-437,-506,-255,-15,121,90,24,-47,-122,-140,-50,48,-17,-113,-49,153,298,160,59,99,187,218,102,-30,-82,-23,35,13,-69,-131,-100,-35
136,2,0.3243032693862915,740,-10,59,0,0,-21,4,9,125,626,1258,1325,848,51,-169,-25,102,-347,-1072,-1238,-613,93,353,179,201,182,42,-171,-313,30,282,137,72,110,205,163,-36,-66,-78,40,296,497,250,-69,-299,-39,-93,-113,-242,-250,-34,39,-46,21,10,-43,-210,0,32,-1,-12,-5,49,52,164,488,782,751,500,73,-86,-246,-320,-296,-381,-567,-490,-23,268,459,453,270,139,138,100,45,31,305,601,692,349,60,-89,-5,28,-48,-210,-197,-117,-127,-308,-155,-277,-273,-169,54,191,129,163,16,-63,-77,-64
136,3,-0.06833691149950027,737,-14,-38,-4,6,18,-32,-13,-18,153,480,342,-221,-757,-211,722,1136,872,550,197,-171,-278,-129,-36,-329,-687,-556,-81,84,-132,-233,-246,-109,-104,-263,-217,-10,293,229,-6,-171,-312,-301,52,417,601,167,-314,-555,-367,78,337,308,193,42,51,189,-13,-44,-48,-39,-32,-38,30,-2,-71,-130,41,278,264,-208,-428,-104,320,521,469,283,-2,-233,-363,-323,-110,179,224,7,-312,-369,7,365,418,208,82,232,616,631,430,257,308,521,403,27,-314,-415,-403,-311,-171,154,219,-58,-376,-424,-313,-164
137,1,0.27337318658828735,740,-10,8,-6,-4,-5,-9,-11,30,159,311,308,194,178,348,522,522,235,-114,-253,-154,9,80,93,73,6,-49,-65,-54,20,46,-8,-116,-183,-174,-81,34,216,441,515,360,91,-121,-139,-65,-52,-21,84,125,110,57,-33,-175,-239,-206,-79,28,-6,-23,-9,-13,2,4,29,195,782,1439,1507,681,-259,-527,-277,-69,19,64,-6,-134,-63,113,180,-59,-467,-516,-267,-27,112,94,11,-53,-100,-108,-32,58,-28,-127,-21,234,381,226,79,106,179,227,117,-40,-135,-82,-4,-27,-71,-129,-82,-25
137,2,0.33368414640426636,743,17,5,-16,8,7,-1,0,-27,42,250,300,226,-105,-158,164,410,162,-273,-462,-122,168,91,-256,-366,-290,-251,-282,-287,0,237,-118,-546,-659,-239,35,-5,-85,-83,201,550,627,355,85,92,248,235,173,9,-202,-224,-209,-121,-10,64,7,-132,8,90,5,-41,-19,40,42,137,647,1403,1412,1004,150,-164,-205,-87,-12,-392,-969,-844,-99,375,439,423,350,179,99,-82,39,170,271,445,568,421,161,-101,-51,-69,-79,-50,64,47,-142,-404,-251,-346,-318,-254,-107,119,153,87,-5,-85,-73,-93
137,3,-0.1139013022184372,742,-12,29,37,30,37,-12,-17,-3,189,439,340,-291,-814,-199,709,900,272,-247,-402,-449,-287,36,251,1,-416,-494,-216,68,39,-11,-117,-198,-234,-282,-278,-116,45,-43,-261,-411,-588,-666,-293,312,675,401,-69,-408,-310,-66,197,347,400,287,250,319,-24,-5,-13,-8,6,-22,18,-2,22,45,166,199,-47,-286,-168,275,476,330,262,110,-22,-114,-276,-456,-396,-35,218,122,-201,-399,-157,240,377,190,10,200,684,781,477,151,72,260,478,396,114,-253,-521,-616,-408,48,328,129,-198,-347,-275,-124
138,1,0.23852945864200592,741,8,-27,-19,-16,-15,-12,-13,48,347,1031,1500,1306,284,-300,-235,173,339,142,-113,-247,-168,54,219,158,-178,-511,-427,-234,-18,74,68,-11,-120,-172,-146,-27,58,70,109,273,421,371,133,28,66,132,201,137,15,-51,8,22,-76,-174,-179,-94,-7,1,-11,-3,1,-10,-13,12,55,202,340,288,-54,-357,-556,-677,-692,-426,-79,113,93,-1,-44,-87,-120,-127,-31,4,-13,-16,23,92,134,105,73,46,-50,-273,-476,-411,-119,165,186,121,93,161,114,-83,-220,-217,-85,87,155,139,57,-8
138,2,0.4154309630393982,737,-10,8,-34,-22,-40,-15,31,54,270,536,696,474,382,122,69,36,212,244,16,-465,-529,-126,236,485,409,154,31,122,52,-3,49,396,718,594,144,-68,-80,65,8,-182,-407,-285,-116,-125,-306,-205,-323,-340,-97,171,252,206,74,-39,-106,-84,-27,10,-42,-16,23,6,-1,-48,-291,-940,-1530,-1425,-526,100,280,178,138,433,766,885,354,-208,-381,-270,-83,138,252,342,90,-137,-310,-173,-93,-233,-292,-142,178,174,3,-217,-484,-439,-49,181,172,-32,110,249,335,247,65,65,25,-13,66,139
138,3,-0.09647946059703827,735,-29,23,36,-3,13,-25,-16,-7,210,438,354,-220,-773,-278,662,936,401,-106,-153,-117,-25,68,-17,-380,-698,-491,-66,92,-99,-229,-136,45,30,-157,-222,42,480,463,66,-336,-618,-527,-22,447,573,114,-436,-656,-459,-55,351,370,227,39,47,186,-19,-15,-18,1,-7,-16,11,-1,-117,-248,-40,362,412,-187,-586,-253,217,279,213,121,65,-38,-292,-387,-111,274,323,58,-276,-349,-12,360,427,284,186,320,678,735,513,285,299,453,393,37,-353,-427,-353,-222,-64,162,184,-148,-433,-392,-310,-227
139,1,0.1969858855009079,737,1,11,8,-5,1,10,1,-62,-368,-982,-1305,-1006,-7,472,352,-12,-211,-135,26,115,35,-109,-167,-60,223,408,225,76,-31,-68,-99,-80,2,75,85,38,62,200,257,32,-278,-345,-190,-111,-151,-275,-217,-35,118,124,8,-94,-77,13,74,64,-9,-16,8,9,-15,-15,6,46,272,729,996,755,143,49,284,592,586,223,-116,-235,-107,56,191,148,-91,-325,-266,-165,-21,31,-10,-74,-139,-123,-103,-29,80,231,411,418,261,58,-54,-44,-19,-3,50,116,141,122,67,-62,-128,-151,-99,-30
139,2,0.3497658967971802,740,-16,-13,-25,-6,-21,-27,-10,41,151,242,247,86,226,314,329,0,-70,182,337,30,-324,-211,181,484,412,128,-21,69,7,-110,-31,446,745,513,62,-112,-12,152,46,-208,-464,-373,-92,-80,-220,-326,-388,-290,50,253,207,101,-25,-121,-86,6,-8,-37,-16,1,14,7,-16,-83,-428,-1160,-1515,-1374,-387,2,58,62,169,542,865,868,227,-247,-379,-362,-218,18,170,264,22,-119,-214,-295,-428,-505,-377,-167,109,118,-19,-62,-222,-234,68,284,230,134,227,295,335,141,-48,-38,-6,1,70,88
139,3,-0.10452059656381607,742,27,-3,19,4,14,11,-18,13,73,189,2,-311,-299,172,438,62,-251,-185,-75,-156,-233,-115,237,435,210,-245,-463,-225,155,341,77,-305,-416,-259,-140,-303,-728,-780,-495,-200,-251,-457,-493,-108,298,437,444,327,142,-171,-303,32,391,378,277,128,-5,22,27,-3,25,-36,-6,20,212,455,405,-235,-807,-288,691,819,124,-348,-290,-98,-3,77,11,-292,-626,-549,-176,63,-58,-200,-164,28,22,-188,-254,9,437,441,51,-320,-620,-569,-106,375,568,164,-402,-711,-517,-62,372,364,184,2,25,212
140,1,0.2479102611541748,741,-3,-14,-18,-7,-6,-12,-7,97,498,1210,1478,1028,-55,-553,-369,14,181,109,-31,-151,-46,166,273,51,-375,-575,-337,-135,18,41,47,35,-30,-106,-81,-4,-28,-145,-155,68,308,292,130,78,153,289,215,48,-67,-40,48,97,24,-87,-126,-98,10,0,-2,-7,1,10,-4,-34,-198,-515,-618,-455,-159,-273,-505,-576,-243,166,326,214,1,-131,-205,-172,-18,102,120,91,-6,-41,-11,66,102,96,57,-19,-140,-363,-504,-392,-132,64,116,55,62,108,36,-90,-147,-153,-85,31,130,151,96,26
140,2,0.34976598620414734,743,-9,-2,17,-1,-1,9,13,72,323,781,979,781,360,238,297,257,52,-190,-367,-414,-220,24,260,397,305,24,-130,-111,29,97,197,341,440,381,225,76,-4,-23,-37,-48,-4,38,-43,-174,-224,-231,-237,-201,-105,23,67,6,-18,-29,-30,-47,-3,-1,-7,1,12,3,-2,-10,-136,-428,-653,-555,-135,174,212,173,316,623,722,362,-177,-332,-119,117,143,120,167,166,-8,-149,-85,158,256,35,-126,-109,50,82,-79,-328,-445,-278,-22,60,-55,-188,-152,27,179,193,120,43,-29,-85,-50,45
140,3,-0.104520782828331,741,-9,-32,-5,-3,0,-50,7,21,163,426,425,-102,-648,-344,410,597,-87,-597,-516,-127,109,135,-55,-408,-654,-523,-114,129,-54,-271,-201,16,59,-109,-192,95,580,618,234,-133,-362,-263,75,337,397,4,-513,-789,-550,-6,384,322,97,-61,-19,164,-12,-17,-16,-22,-21,-9,10,4,-139,-284,-137,378,528,-88,-697,-563,-79,144,313,506,436,57,-337,-360,-24,306,357,102,-129,-219,0,239,287,205,117,264,484,530,399,294,403,628,519,16,-404,-392,-162,11,115,234,166,-141,-434,-347,-240,-172
141,1,0.2760533392429352,737,-19,0,15,-4,-4,4,-28,-169,-690,-1422,-1503,-692,91,279,-20,-212,-70,94,187,125,-86,-315,-304,-44,304,350,190,72,-23,-50,-36,33,72,118,63,-25,-60,-94,-176,-272,-322,-150,-23,-62,-108,-181,-139,-18,65,15,-53,-32,83,171,134,31,-20,3,8,7,-10,-7,1,-26,-161,-352,-369,-92,262,670,921,817,297,-205,-367,-174,-11,61,87,132,192,154,36,-25,-35,-43,-91,-123,-94,-78,-59,6,166,414,405,158,-137,-198,-133,-92,-124,-162,-15,122,153,68,-39,-126,-120,-47,12,75
141,2,0.3336840569972992,738,4,0,5,11,1,-8,-4,116,397,856,960,668,214,170,362,453,258,-163,-417,-378,-65,160,315,411,358,50,-132,-127,27,103,212,368,457,418,236,83,9,11,-29,-43,-25,2,-88,-198,-206,-194,-244,-236,-91,81,134,71,25,-7,-1,-41,-4,-2,-5,-11,13,2,-8,-17,-137,-435,-656,-548,-166,43,29,-9,186,493,529,210,-168,-194,20,216,254,212,194,146,-38,-170,-75,172,291,108,-78,-57,68,83,-88,-323,-451,-338,-129,-30,-82,-116,-86,30,129,140,114,59,7,-18,26,91
141,3,-0.060296978801488876,740,-25,-26,11,32,23,13,-9,20,62,231,129,-272,-398,99,399,24,-700,-1109,-1012,-590,-303,7,344,502,334,-120,-280,-82,197,292,42,-281,-391,-218,-101,-206,-455,-645,-561,-424,-436,-478,-370,-3,364,372,233,179,99,-116,-165,79,369,301,215,171,37,-32,-21,-5,6,-32,-26,11,113,344,417,-39,-584,-348,306,679,169,-485,-543,-206,-40,-21,-49,-316,-530,-445,-193,37,-86,-197,-113,7,10,-135,-211,6,466,533,209,-76,-245,-188,77,270,373,60,-350,-630,-497,-6,320,293,180,7,-7,106
142,1,0.23182956874370575,743,1,-1,-12,2,6,24,11,-17,-159,-575,-1008,-977,-432,-56,-70,-199,-141,114,260,258,145,-67,-258,-288,-98,138,182,125,56,-27,-106,-62,44,134,122,26,-81,-185,-332,-451,-429,-298,-20,85,62,25,-31,-97,-82,-45,-35,0,82,160,189,93,-4,1,19,11,15,-6,-4,-31,-202,-760,-1297,-1286,-477,394,643,407,88,-91,-158,-99,22,-18,-131,-148,10,215,170,62,8,-25,-41,-64,-36,18,10,-41,-16,185,328,191,-124,-317,-189,-107,-149,-238,-243,-66,112,153,55,-27,-13,83,166,126
142,2,0.4033706784248352,741,-35,-15,-1,0,13,20,38,45,216,311,255,105,122,-97,-268,-537,-288,95,176,-178,-346,-97,344,549,342,52,-78,51,-17,-95,-85,356,706,578,209,-38,-2,53,-52,-285,-318,-295,-166,-150,-245,-236,-322,-310,-126,95,115,121,29,-80,-22,59,-28,-56,13,25,6,29,48,-46,-304,-1063,-1378,-1093,-256,-191,-440,-561,-33,760,1294,1010,168,-256,-417,-369,-274,-13,148,256,-24,-172,-229,-256,-343,-498,-313,-95,83,97,48,-127,-56,-141,93,354,219,113,172,266,197,66,-185,-146,-26,-25,20,85
142,3,-0.05761656165122986,736,28,26,16,16,-18,1,29,26,-59,-329,-488,-76,593,600,-191,-1047,-944,-612,-399,-99,258,209,-57,-65,285,612,584,222,81,104,79,197,225,305,324,156,-72,-192,23,227,364,465,347,-43,-465,-477,-39,398,476,186,-140,-268,-344,-220,-111,-115,-4,-1,33,-10,47,28,7,3,37,13,-66,-187,-168,112,225,-47,-442,-525,-457,-433,-419,-200,190,521,573,319,-82,-215,-34,266,234,-75,-371,-312,-59,-70,-416,-721,-582,-411,-331,-418,-488,-341,-43,207,390,472,398,85,-230,-142,198,361,286,159
143,1,0.23182940483093262,736,12,-5,-4,-3,-1,-1,2,60,312,963,1339,1088,64,-592,-691,-380,-3,237,171,19,-53,23,115,35,-171,-342,-186,-34,51,50,36,24,26,4,-12,-4,-45,-171,-239,-126,96,189,141,140,185,263,179,7,-91,-111,-33,6,-47,-156,-182,-91,6,9,3,7,-6,1,1,-35,-229,-703,-1009,-804,-178,-45,-235,-438,-312,-30,167,175,43,-122,-245,-199,-7,202,158,125,43,-27,-68,-42,61,117,79,-16,-81,-180,-304,-379,-293,-124,39,56,25,-28,-87,-145,-124,-76,-20,54,143,204,180,75
143,2,0.35914671421051025,735,3,-1,-37,2,9,28,-40,-26,-226,-850,-1440,-1446,-841,-144,-3,-55,42,459,979,1186,664,-102,-484,-345,-236,123,285,278,102,-140,-247,-189,-407,-617,-499,-257,88,165,148,19,-92,-353,-77,222,381,188,200,268,276,249,-16,-65,0,-50,-33,-3,27,1,8,0,18,-19,13,-9,-154,-285,-302,-182,-97,-94,-244,-158,-97,-298,-366,-16,354,268,-44,-479,-407,-234,-8,-21,-40,70,95,-238,-572,-601,-293,-3,59,-20,-26,69,211,293,49,-35,44,115,268,390,247,-32,-156,-114,-87,32,35,-29
143,3,-0.11390046030282974,738,5,-16,39,16,40,15,-14,-14,42,54,29,-182,-220,113,312,157,46,284,349,-40,-434,-331,189,688,706,205,-273,-335,-64,241,155,-195,-389,-305,-102,-116,-514,-744,-585,-422,-374,-409,-417,-272,28,278,430,470,339,-14,-146,21,357,434,267,134,-23,11,32,-26,-10,-33,-27,-23,116,450,448,2,-710,-502,387,1026,613,95,58,129,136,78,42,-237,-654,-738,-407,25,145,-71,-175,-184,-138,-205,-253,-71,184,280,73,-141,-304,-426,-181,259,699,470,-56,-511,-518,-167,137,196,223,100,66,159
144,1,0.25997069478034973,740,5,2,-12,-14,-8,-17,21,68,322,830,1079,630,-101,-526,-559,-415,-213,-21,57,11,-1,51,102,1,-176,-269,-158,10,98,77,37,4,-27,-46,-21,0,-25,-119,-122,30,199,203,108,100,154,171,89,-46,-85,-39,34,41,-21,-91,-87,-37,-6,-14,-13,-1,1,3,2,-50,-243,-615,-753,-476,-90,-28,-212,-315,-187,70,215,163,-13,-154,-211,-123,19,117,121,59,-14,-75,-65,33,124,140,78,-38,-142,-261,-344,-309,-184,-48,24,8,-9,-20,-71,-116,-93,-60,10,88,173,219,141,54
144,2,0.34976592659950256,738,10,-5,-1,-14,37,-20,-11,15,266,906,1392,1328,585,171,242,285,90,-546,-1147,-1208,-445,171,336,299,201,-113,-144,-176,-42,135,145,197,416,556,411,155,-175,-181,-63,10,85,277,53,-195,-297,-197,-189,-214,-241,-214,116,137,-12,-22,-11,-18,-16,17,24,22,-21,-18,-42,11,178,220,249,78,141,218,359,377,239,383,374,79,-234,-248,123,413,494,493,265,109,-60,-212,-35,371,687,536,128,-79,-31,61,1,-130,-310,-378,-90,-36,-80,-106,-186,-231,-91,151,231,125,30,-121,-125,-6
144,3,-0.07637781649827957,737,-10,-12,3,20,9,35,21,22,-81,-410,-484,30,690,482,-366,-925,-395,343,609,298,94,-109,-141,131,526,740,472,22,-130,-12,94,234,242,291,278,128,-69,-116,-1,67,197,438,285,-153,-618,-506,-49,352,338,138,-89,-165,-247,-238,-192,-213,-2,-6,11,5,12,25,-4,18,-12,-35,-72,-136,-75,170,116,-464,-935,-876,-339,-36,-103,-140,109,519,653,309,-123,-156,71,332,241,-155,-356,-166,32,-25,-426,-731,-532,-295,-214,-313,-432,-285,-32,244,395,436,324,-44,-290,-133,267,443,331,158
145,1,0.2251283973455429,736,-1,-11,-2,7,-5,-13,-3,-100,-434,-929,-1010,-503,-13,45,-182,-285,-123,60,135,96,-1,-122,-184,-92,81,154,114,22,-72,-106,-52,88,187,203,103,-23,-150,-251,-321,-307,-192,-22,55,10,-42,-105,-140,-139,-96,-77,-39,81,180,226,144,50,-1,13,4,-1,-6,0,-11,-62,-303,-661,-757,-292,230,586,664,546,229,-66,-144,-44,17,-37,-72,19,177,194,50,-87,-83,-35,-1,-35,-47,-30,4,82,153,256,255,74,-116,-155,-108,-96,-138,-135,-28,93,83,-5,-88,-94,-53,10,10,-12
145,2,0.34038516879081726,741,10,33,30,14,0,-27,-12,36,301,1001,1366,1273,301,133,173,150,-248,-1148,-1498,-1234,-179,235,298,257,106,-17,-106,-268,-115,33,104,175,296,348,292,176,-71,-126,12,151,289,376,52,-241,-182,-53,-101,-195,-265,-198,41,23,-42,-3,7,-57,25,47,-12,-6,-15,36,71,87,235,512,582,368,187,-62,-55,-210,-237,-96,-39,-132,-207,-8,303,615,726,516,206,23,-162,-70,99,490,568,356,36,-67,-12,97,68,-83,-210,-195,-93,-134,-153,-137,-238,-225,-21,198,125,45,-26,-70,-86,-35
145,3,-0.05091535300016403,736,10,13,19,9,28,24,-1,11,52,118,84,-205,-356,10,346,218,-207,-349,-429,-417,-385,-165,151,410,355,-51,-313,-248,86,350,235,-218,-401,-277,-66,-100,-485,-763,-580,-266,-189,-359,-489,-195,244,441,413,312,233,-27,-253,-125,300,453,387,246,-9,37,18,14,-17,-28,-27,-32,92,382,517,61,-669,-561,316,926,412,-319,-522,-232,76,282,207,-206,-630,-622,-303,77,57,-155,-186,-110,-50,-197,-327,-158,256,475,283,26,-257,-503,-241,261,636,397,-131,-538,-523,-138,264,337,224,42,5,164
146,1,0.23182854056358337,740,-14,-2,-7,-3,1,-16,-12,90,474,1211,1508,1051,56,-404,-356,-109,4,-28,-104,-153,-47,138,276,175,-76,-210,-96,6,80,102,37,-65,-126,-140,-103,-40,54,124,204,261,240,115,16,101,127,167,88,10,-39,-25,0,-47,-122,-207,-163,-48,-3,-11,-4,-19,-5,-4,0,37,138,396,536,326,-150,-555,-797,-797,-459,-4,207,149,45,23,-19,-109,-242,-291,-159,-37,16,6,31,105,149,128,74,-21,-170,-404,-472,-261,103,336,305,238,136,106,-52,-191,-218,-147,-22,114,137,86,30,-3
146,2,0.3082215487957001,736,-8,66,-22,-21,9,51,70,128,366,995,1103,773,-94,-399,-305,57,168,-220,-685,-828,-200,198,498,564,506,250,21,-63,57,196,314,400,447,382,78,-27,3,-12,-20,-64,-143,-126,-149,-290,-127,-309,-299,-266,-146,93,195,157,-4,-106,-87,-43,-25,-30,0,1,27,8,-12,-10,-110,-512,-714,-722,-280,-141,-119,-165,223,895,1104,542,-245,-382,-97,197,222,150,161,352,157,-54,-79,208,287,-5,-295,-245,63,204,-52,-445,-655,-478,-108,95,-67,-114,-76,22,177,251,219,165,26,-105,-87,14
146,3,-0.08441922068595886,735,10,-20,-39,15,1,14,39,10,-139,-394,-266,310,737,85,-615,-428,301,537,327,105,-15,-85,-245,-159,164,468,357,73,-126,-119,82,274,389,403,354,308,310,267,181,209,482,694,420,-109,-550,-392,-6,184,125,61,-102,-282,-422,-302,-268,-267,-17,-6,-16,18,7,52,-16,28,-102,-288,-320,-41,437,275,-431,-1000,-771,-120,150,71,-129,-179,50,524,836,456,-4,-131,142,354,203,-123,-202,44,180,-86,-673,-694,-278,26,160,34,-214,-239,-130,215,497,608,416,-13,-343,-124,171,297,206,16
147,1,0.23182961344718933,743,9,1,16,6,-3,-5,-8,27,220,677,1050,921,294,64,195,435,411,108,-125,-191,-115,4,147,172,63,-103,-95,-49,-26,-30,-67,-129,-177,-185,-149,-73,79,257,402,414,283,123,-53,-23,40,19,49,96,85,38,0,-46,-129,-193,-174,-71,5,-22,-27,-12,-7,-9,-19,27,264,854,1293,1151,200,-409,-547,-413,-218,-9,75,33,11,108,170,63,-191,-342,-178,-47,26,40,85,117,99,49,22,20,-64,-238,-315,-130,218,398,243,136,138,192,128,-34,-153,-109,17,87,43,-71,-112,-67
147,2,0.34038519859313965,739,20,60,-17,-2,-37,5,-38,83,338,1099,1283,956,98,96,287,566,127,-866,-1339,-939,15,405,281,99,2,-219,-173,-233,18,217,148,-32,-24,107,201,128,-37,-147,54,311,248,140,-106,-356,-64,-26,-104,-216,-191,-77,67,25,1,56,1,-101,4,19,-15,-49,3,21,29,130,467,914,864,464,-18,-145,36,70,47,-126,-406,-591,-168,106,422,480,278,36,14,121,96,58,211,499,628,372,105,-49,17,69,53,-69,-135,-120,-117,-217,-147,-261,-406,-411,-211,56,84,98,7,-59,-63,-64
147,3,-0.07771812379360199,734,-4,16,-13,17,-11,-22,20,-4,-51,-81,-117,138,384,85,-264,-176,419,713,541,245,190,84,-179,-466,-460,-163,187,99,-149,-297,-159,178,441,390,192,147,466,756,618,365,300,524,603,269,-131,-349,-304,-187,-159,-25,173,106,-232,-404,-337,-225,12,-3,-41,-18,28,5,13,30,-46,-339,-484,-135,540,643,-192,-1103,-848,-176,165,6,-75,-84,-85,145,536,710,396,5,-50,181,223,172,62,131,280,109,-189,-438,-198,173,417,567,309,-124,-491,-345,146,550,612,336,-24,-188,-160,59,110,-20
148,1,0.24791064858436584,739,1,-11,-11,-9,-5,14,10,28,233,726,981,759,200,180,436,551,334,0,-130,-84,54,153,167,57,-61,-127,-73,-29,3,21,-9,-74,-153,-167,-134,-59,93,319,493,441,227,10,-94,-35,37,76,113,120,106,78,50,-59,-179,-264,-186,-44,-8,-1,-13,-9,-6,4,5,60,373,1059,1384,1007,-3,-556,-656,-552,-391,-157,20,13,-16,63,160,92,-118,-219,-99,4,103,150,141,69,4,-11,23,69,-33,-233,-320,-146,133,232,131,96,100,172,106,-32,-127,-98,-5,43,13,-71,-95,-44
148,2,0.3055417537689209,742,40,-30,7,-25,51,15,-5,-97,-562,-1138,-1297,-922,-143,-64,16,115,673,1259,1335,755,-97,-350,-194,-49,178,224,256,286,-25,-168,-130,-110,-166,-254,-238,-14,106,85,-90,-294,-513,-198,57,235,41,66,137,216,207,19,-31,59,-13,-108,-1,90,-14,-15,20,28,-14,-49,-56,-143,-484,-835,-773,-408,41,223,213,140,39,148,379,432,81,-141,-396,-499,-362,-66,-17,-26,-27,-8,-229,-527,-705,-391,-12,164,30,-52,-40,133,175,88,84,257,110,259,294,276,102,-147,-161,-134,33,144,94,70
148,3,-0.08575925976037979,741,-5,6,16,10,27,30,41,7,20,-18,-56,-170,-165,129,210,-77,-384,-168,117,89,-163,-254,-52,419,661,466,5,-175,19,306,285,-124,-414,-346,-61,-28,-461,-889,-739,-399,-213,-260,-424,-356,-35,214,361,411,411,110,-263,-269,122,388,366,263,0,36,-3,23,5,-17,-26,-30,60,360,544,127,-572,-658,170,1014,690,-20,-408,-390,-279,-41,153,90,-325,-676,-621,-177,55,32,14,-39,-36,-175,-370,-355,-134,121,29,-150,-372,-642,-530,-16,444,542,152,-228,-390,-255,-9,225,305,185,69,80
149,1,0.2412099391222,737,-10,2,1,-3,-2,-11,-2,-71,-393,-1121,-1485,-1136,-31,648,746,475,176,-56,-128,-18,30,-81,-209,-133,106,260,180,84,20,-9,-29,-18,53,129,90,29,40,176,218,40,-263,-379,-223,-131,-136,-231,-187,-17,104,102,-14,-73,-20,96,158,94,-7,4,2,-4,-11,-17,-13,11,139,447,604,469,185,253,416,414,122,-203,-270,-162,-15,124,227,206,93,25,-3,-2,47,105,44,-93,-196,-235,-138,4,220,467,590,407,74,-172,-229,-145,-87,-39,73,175,145,50,-49,-139,-186,-220,-141,-17
149,2,0.35914668440818787,737,-1,-8,4,11,-4,5,-10,-94,-379,-850,-972,-712,-254,-163,-238,-223,-37,343,639,577,120,-246,-400,-412,-257,-17,57,13,-95,-116,-167,-274,-349,-355,-157,61,129,99,13,-21,-44,-17,118,269,228,167,216,265,182,-17,-128,-80,24,73,81,73,6,16,13,-10,-12,-14,-13,-20,97,331,471,356,65,44,203,219,-163,-692,-751,-296,204,230,-69,-374,-422,-356,-323,-257,-81,55,36,-76,-46,97,129,-29,-190,-135,86,316,370,251,85,12,59,91,60,-15,-66,-44,0,12,49,92,78,-74
149,3,-0.0857582539319992,738,14,24,-32,10,-42,-30,-57,-41,17,240,366,283,-218,-553,-89,654,747,194,-297,-181,91,202,84,-204,-588,-679,-323,35,26,-249,-283,-96,132,36,-171,-149,268,691,497,116,-159,-329,-77,268,387,218,-197,-509,-540,-255,202,433,194,-98,-214,-82,-5,16,40,-29,-25,-6,1,25,-52,-176,-272,-7,423,368,-149,-333,257,939,988,669,396,149,-77,-302,-239,164,482,369,17,-214,-228,33,254,388,410,410,421,459,352,215,192,461,531,273,-193,-442,-324,-97,-41,9,41,-48,-286,-402,-310,-228
150,1,0.24791072309017181,739,12,18,2,-14,6,20,13,-78,-381,-820,-909,-496,-64,13,-195,-392,-383,-158,67,180,59,-98,-210,-155,-39,31,30,90,38,0,30,145,236,238,105,-42,-209,-373,-445,-377,-228,-5,97,71,40,-76,-172,-209,-128,-17,60,158,193,235,151,52,-9,-3,6,-2,-2,-2,-4,-92,-539,-1187,-1333,-659,228,671,619,339,65,-64,-25,83,-12,-140,-155,16,266,310,164,70,21,40,-28,-51,-32,10,15,56,194,357,293,21,-291,-306,-210,-252,-246,-242,-18,172,186,75,-62,-70,-2,84,50,3
150,2,0.34306472539901733,739,10,2,-6,-4,32,-17,26,-16,-9,262,496,581,200,-84,-112,109,159,-376,-1034,-907,-123,316,162,-264,-471,-469,-355,-243,-51,167,168,-130,-299,-80,255,270,-75,-282,-115,224,596,584,217,26,-11,154,145,45,-147,-214,-48,-16,-52,59,74,6,6,5,18,-25,37,-22,38,54,238,773,1247,1096,383,-148,-210,48,141,-136,-646,-825,-429,28,381,515,679,581,243,26,-34,137,296,283,294,280,62,-94,-152,8,23,9,-58,-33,-127,-244,-353,-277,-272,-263,-266,-133,82,117,-20,-57,-76,-51
150,3,-0.09380055218935013,739,14,1,-10,2,27,38,33,9,4,-208,-346,-222,220,531,27,-839,-1092,-806,-283,-151,-122,-141,-45,265,611,675,207,-116,-76,255,319,133,-158,-166,49,43,-272,-691,-474,-97,156,226,4,-250,-335,-105,312,582,610,347,-80,-208,-66,126,187,33,-4,-3,49,14,16,21,-3,-9,65,212,339,8,-550,-469,174,572,44,-570,-635,-326,-173,-29,135,281,200,-125,-408,-262,-24,171,156,-114,-319,-371,-361,-337,-347,-341,-266,-191,-259,-575,-652,-225,373,548,284,-46,-159,-104,57,231,427,366,236,213
151,1,0.2572906017303467,743,-10,-10,13,-1,-3,-8,-16,-153,-614,-1102,-1082,-468,-54,-122,-431,-567,-391,-102,92,134,19,-124,-161,-101,23,42,51,54,36,20,66,179,234,195,90,-19,-142,-308,-411,-379,-198,39,96,22,-52,-129,-140,-115,-56,-27,7,94,153,159,55,-54,-8,8,-5,5,-6,-11,-38,-184,-671,-1180,-1172,-424,290,450,365,344,233,8,-126,-134,-109,-125,-63,143,350,272,68,-95,-140,-104,-75,-81,-83,-63,-39,56,240,397,314,29,-216,-208,-179,-285,-362,-294,-22,218,281,141,1,-32,47,114,59,-9
151,2,0.3122429847717285,742,-1,54,7,4,47,-9,-1,67,390,1203,1494,1365,444,-22,-12,91,-7,-606,-1078,-1035,-368,152,352,515,476,282,13,-222,-151,63,156,299,370,364,220,82,-100,-35,89,186,115,47,-181,-450,-435,-188,-122,-209,-234,-105,147,150,96,50,3,-108,-15,-12,14,-10,-8,7,13,54,114,65,33,-113,88,94,-71,-252,-106,363,492,88,-292,-193,161,449,325,99,28,150,52,-65,-30,332,581,437,115,-57,1,98,-1,-243,-412,-426,-198,-114,-160,-146,-174,-130,37,160,184,180,138,-18,-108,-49
151,3,-0.08843766897916794,738,2,6,15,5,14,25,27,-6,35,108,184,-68,-396,-246,238,427,-19,-447,-443,-273,-149,14,208,476,516,240,-274,-364,-173,189,270,-100,-444,-518,-356,-296,-499,-724,-564,-351,-241,-420,-521,-221,256,489,410,204,121,67,-60,33,316,492,400,285,-15,1,38,15,-4,1,-24,-12,6,262,464,251,-338,-741,-67,931,996,431,-51,-78,-97,-62,-24,-165,-499,-770,-493,-85,52,-121,-171,-140,66,75,-152,-183,24,393,204,-101,-289,-389,-269,79,355,338,-108,-553,-660,-415,-12,220,182,14,-101,-24
152,1,0.24791082739830017,738,-12,-21,-20,-24,-12,-18,-13,39,274,761,1071,770,173,-39,142,324,244,73,35,73,90,115,140,96,-22,-109,-66,10,37,48,19,-88,-139,-150,-86,-23,67,159,240,276,205,79,-7,28,94,146,153,110,52,-4,-16,-72,-151,-190,-132,-29,-6,-10,-7,-2,4,1,9,33,189,530,759,523,-52,-478,-653,-612,-403,-132,22,54,47,94,89,-14,-179,-269,-153,28,122,107,86,93,114,100,73,42,-34,-180,-230,-101,96,187,159,128,128,118,17,-110,-173,-125,4,93,93,24,-35,-31
152,2,0.3457443416118622,737,9,-36,11,-9,-44,-15,-56,-120,-381,-842,-931,-717,-233,6,127,48,-77,62,324,582,300,-69,-407,-544,-383,-14,58,-45,-111,-137,-275,-515,-729,-615,-270,-22,103,19,68,118,178,130,118,257,266,199,192,237,127,-106,-179,-198,-39,101,124,78,40,13,39,6,-37,8,42,36,296,924,1318,1058,149,-279,-156,-87,-250,-788,-973,-593,55,328,115,-104,-90,-91,-196,-395,-102,76,76,-139,-279,-40,214,92,-163,-213,73,442,648,422,-69,-315,-100,4,-34,-111,-211,-155,-36,-72,6,121,64,-9
152,3,-0.08575840294361115,738,-21,7,37,1,19,26,-6,32,89,180,-3,-381,-333,123,256,-300,-754,-447,85,249,6,-92,189,453,335,-184,-403,-281,135,303,98,-275,-414,-342,-254,-410,-673,-654,-483,-334,-511,-594,-325,226,548,441,220,184,97,-56,23,332,533,440,252,105,30,21,6,-32,-8,-22,-2,31,221,460,353,-230,-779,-204,596,676,38,-393,-223,-44,-55,-44,-133,-447,-773,-598,-177,41,-97,-191,-124,113,114,-129,-193,37,442,293,-60,-318,-483,-332,82,438,520,41,-415,-579,-379,13,281,174,-76,-185,-121,84
153,1,0.2412087619304657,742,10,-12,9,-8,0,-2,-3,-73,-422,-1160,-1575,-1268,-134,488,583,476,429,313,134,33,-53,-159,-203,-51,258,385,205,-6,-109,-101,-64,-15,39,85,57,12,-14,23,19,-114,-261,-235,-123,-132,-171,-173,-100,-12,49,36,-33,-55,10,156,195,90,8,5,5,-2,5,-6,-14,-2,66,208,253,205,150,276,471,580,421,64,-133,-110,-21,48,116,164,166,119,26,-62,-60,-13,-13,-93,-190,-200,-99,20,153,348,446,310,51,-150,-143,-22,75,107,155,197,210,124,-28,-187,-243,-230,-104,-7
153,2,0.34306469559669495,740,-8,-3,-32,-16,18,-13,28,111,292,624,613,477,303,269,156,-244,-476,-513,-539,-599,-303,-57,369,530,377,11,-42,93,93,1,170,530,722,448,122,13,66,168,10,-254,-383,-257,-130,-210,-195,-108,-163,-179,-112,86,180,186,15,-47,-36,48,-3,-45,-43,-9,28,-19,-5,-74,-420,-1176,-1423,-988,-66,360,-34,-243,-38,691,1086,776,-13,-448,-183,-111,3,125,192,231,-49,-307,-116,-74,-124,-320,-303,-18,192,288,-18,-297,-464,-349,57,348,158,117,71,157,175,61,-15,-5,-13,-28,2,98
153,3,-0.05761650949716568,737,15,-11,-16,-7,-17,-27,15,-46,-113,-218,16,435,325,-142,-251,357,764,397,-33,-93,77,82,-250,-450,-274,230,286,129,-183,-223,21,322,388,262,127,278,565,587,468,357,488,484,186,-285,-507,-355,-168,-143,-71,95,16,-286,-470,-365,-247,-142,9,-17,9,9,8,26,24,-18,-243,-450,-276,370,736,38,-950,-1006,-342,322,396,235,7,-103,56,500,857,569,185,25,182,163,56,-112,-16,201,201,-60,-415,-228,143,453,648,436,-92,-477,-451,51,456,508,236,-60,-246,-165,15,115,87,-84
154,1,0.20636512339115143,743,-12,-4,10,-1,-13,-7,-15,-83,-441,-1147,-1449,-1082,-20,529,507,304,145,-1,-80,-27,-20,-99,-146,3,290,363,110,-97,-140,-74,-25,-25,2,71,73,70,42,117,141,11,-212,-244,-186,-183,-156,-120,-26,62,73,10,-69,-103,-18,127,162,73,-3,0,-2,4,-6,1,0,33,252,652,828,636,215,207,428,478,168,-182,-288,-213,-62,33,81,32,-113,-215,-178,-132,-69,-28,-37,-126,-222,-266,-160,-25,157,356,459,335,123,-80,-131,-41,56,109,160,153,95,19,-40,-139,-233,-256,-155,-16
154,2,0.35914671421051025,743,-25,14,-19,-15,31,6,-17,-30,-57,76,244,315,-30,-237,23,449,537,-167,-633,-424,160,312,-35,-412,-458,-351,-40,-3,75,239,109,-267,-498,-304,51,178,-87,-395,-246,141,434,460,136,37,83,238,201,206,13,-148,-130,-91,-69,64,61,-39,16,34,10,8,14,-32,-14,4,197,867,1293,1222,632,308,171,-182,-449,-948,-1086,-1012,-473,14,274,393,335,47,-123,-218,-84,38,113,267,448,521,249,86,-46,94,95,-22,-138,23,-46,-245,-397,-356,-269,-241,-161,-122,177,208,66,-44,-52,-8
154,3,-0.09380064904689789,739,-17,8,48,-16,15,-18,-12,-15,139,389,406,-126,-771,-314,653,1024,349,-232,-386,-247,-202,-59,158,181,-128,-432,-395,-121,30,54,-48,-193,-344,-376,-338,-199,-150,-238,-359,-437,-663,-831,-540,66,625,470,12,-268,-221,-124,14,143,422,392,257,164,3,17,20,1,-6,-32,-5,-23,7,177,259,124,-194,-342,-1,597,645,194,-45,11,108,138,-73,-518,-852,-591,-111,113,-8,-234,-150,134,272,79,-110,16,463,767,501,82,-199,-240,11,171,174,-40,-313,-481,-391,4,246,136,-178,-395,-353,-158
155,1,0.222447469830513,741,-4,-18,-15,1,-24,-8,-3,23,229,983,1549,1519,609,-423,-812,-461,-65,111,127,61,-21,50,196,151,-117,-462,-295,-25,101,171,118,15,-89,-172,-146,-47,-9,-101,-202,-124,108,357,258,194,278,168,101,6,-14,0,46,87,18,-101,-219,-135,1,25,-13,-7,18,17,8,4,-112,-463,-800,-776,-405,-266,-539,-722,-534,-210,50,129,135,34,-71,-87,38,203,161,110,83,75,31,48,161,214,202,101,-59,-279,-579,-587,-326,-38,136,100,-42,-13,-55,-146,-161,-94,-17,90,216,258,267,135
155,2,0.31492263078689575,737,-3,-2,21,8,9,-5,-10,36,182,541,858,825,498,189,43,-64,-159,-282,-438,-544,-389,-17,243,335,314,157,-21,-67,-35,27,64,189,308,317,157,-10,-44,48,122,70,22,48,-35,-181,-315,-296,-278,-260,-182,-80,70,111,72,-26,-58,-62,4,16,3,5,-10,7,12,3,-54,-296,-562,-623,-329,-89,-185,-374,-187,475,949,705,79,-279,-155,96,233,305,268,175,-4,-157,-158,37,192,91,-133,-175,13,191,99,-137,-312,-296,-95,81,78,-17,-70,-44,85,156,96,16,-31,-45,-29,75
155,3,-0.11390113085508347,734,22,5,-5,25,24,24,45,21,-7,42,57,-91,-275,-113,258,327,0,-229,-251,-343,-409,-272,49,474,692,560,78,-159,-137,90,177,3,-251,-365,-216,-100,-240,-676,-811,-574,-269,-188,-261,-252,6,261,295,283,280,136,-163,-254,81,482,530,348,7,8,43,48,-13,-14,-42,-10,11,256,500,306,-337,-811,-136,875,924,128,-416,-329,-133,93,182,80,-314,-688,-558,-111,143,71,-100,-164,-122,-199,-312,-270,-30,285,257,-4,-314,-661,-652,-147,389,576,173,-304,-515,-344,-93,139,250,222,70,34
156,1,0.23853033781051636,737,-15,-10,1,20,19,5,-9,-53,-286,-791,-1111,-900,-246,84,-71,-314,-313,-157,-47,21,29,-34,-142,-130,51,196,161,70,-2,-40,-44,17,120,145,136,78,-48,-215,-337,-349,-249,-103,-8,-22,-20,-31,-71,-92,-66,-42,-35,41,164,269,230,83,-3,-1,11,15,-2,5,-4,-21,-151,-474,-722,-558,45,517,684,632,380,107,-40,-17,29,-7,-65,-45,84,179,117,-40,-114,-90,-14,7,-13,-28,-58,-51,48,247,373,257,-41,-302,-323,-248,-134,-98,-31,17,38,15,-31,-93,-97,-44,5,16
156,2,0.3618261218070984,740,-8,-36,-21,-8,-25,11,-3,-50,-315,-1040,-1518,-1366,-587,-110,-67,-61,-67,481,1026,1154,441,-194,-324,-381,-343,-235,-53,64,57,-82,-99,-185,-277,-256,-126,-29,87,-35,-142,-137,-182,-288,15,303,416,233,178,173,162,120,-93,-87,32,62,42,91,9,10,9,9,13,2,-45,-98,-216,-239,-384,-115,-168,-10,82,163,-137,-682,-660,-53,397,172,-222,-542,-560,-404,-134,-69,-1,46,-26,-364,-626,-478,-28,180,80,-170,-144,75,275,292,76,157,269,289,308,209,-15,-156,-135,-87,-44,97,139,88
156,3,-0.10452061146497726,742,-21,-39,-46,-5,-1,14,19,15,-180,-369,-163,375,629,-34,-781,-682,-21,340,417,390,215,-72,-390,-302,122,420,245,-7,-154,-112,106,267,370,326,242,218,300,409,411,385,540,651,365,-160,-565,-393,-123,65,110,135,19,-221,-444,-343,-252,-194,12,-10,4,35,19,41,9,7,-113,-292,-272,32,486,294,-395,-735,-449,-45,-103,-263,-264,-76,292,673,843,445,-20,-189,39,269,134,-116,-181,16,90,-202,-740,-830,-482,-54,233,215,-151,-388,-283,135,523,620,342,-37,-266,-121,176,300,226,-9
157,1,0.26667165756225586,741,-1,-11,-11,-12,-16,-10,-2,16,173,482,649,496,196,323,614,781,580,241,1,-66,-28,43,114,121,64,-34,-66,-95,-37,35,77,3,-72,-104,-129,-87,69,342,504,376,81,-181,-278,-181,-73,-32,42,121,140,106,13,-118,-165,-190,-117,-25,4,0,-9,-9,2,-9,-2,68,391,1122,1475,1102,9,-538,-533,-264,-61,43,29,-25,-2,107,183,71,-192,-387,-218,-41,59,42,-19,-23,-13,14,23,31,-21,-166,-228,-78,196,346,295,260,145,145,93,17,-45,-65,-11,12,-22,-111,-131,-73
157,2,0.3524455726146698,743,33,42,1,-27,22,28,41,103,318,686,718,510,351,72,36,-133,-15,51,-177,-506,-405,47,465,613,492,207,52,82,29,26,149,498,690,446,86,-189,-118,132,178,-35,-248,-271,-225,-319,-353,-244,-274,-193,-43,125,195,214,80,-76,-152,-124,-17,-36,-32,-33,30,33,23,-58,-305,-999,-1383,-1147,-319,-152,-223,-327,-23,859,1260,860,24,-343,-256,-131,-146,-142,3,188,65,-64,-76,122,187,53,-137,-138,41,12,-110,-262,-400,-403,-106,203,178,70,116,168,222,170,56,140,67,-8,-11,50
157,3,-0.07637867331504822,741,21,-13,-28,20,2,55,18,41,-172,-426,-300,203,747,169,-913,-1224,-633,-6,107,44,-42,-83,121,451,795,595,134,-76,78,207,183,30,35,187,175,-40,-468,-474,-191,143,501,578,144,-336,-517,-42,449,550,266,-39,-240,-227,-97,57,67,-79,8,-5,16,31,23,34,-14,0,96,205,15,-308,-306,163,478,173,-166,-122,-175,-329,-374,-132,323,487,179,-242,-267,-88,153,205,-81,-338,-376,-229,-146,-351,-726,-816,-547,-298,-275,-438,-370,-49,300,398,445,333,79,-132,-110,191,465,398,306,180
158,1,0.2291496843099594,737,21,-7,-15,-1,-3,-10,-16,-8,-15,-41,-38,-81,-233,-498,-670,-637,-381,-49,145,163,88,1,-92,-162,-182,-127,-11,54,-8,-97,-70,61,133,128,82,15,-179,-439,-522,-276,107,349,347,232,121,60,-66,-178,-201,-117,18,160,162,104,34,-7,4,14,17,3,-14,-2,-11,-132,-658,-1415,-1586,-1056,23,329,27,-229,-200,-31,52,43,-71,-206,-234,-59,268,382,206,70,-24,-17,-34,-39,-22,26,35,8,-21,6,-28,-135,-257,-241,-169,-203,-144,-144,-104,-40,15,37,1,13,90,185,137,31
158,2,0.37522855401039124,738,-9,3,11,-5,-8,-8,15,47,40,-59,-153,-111,69,110,-93,-259,-104,257,307,37,-192,-107,143,285,174,49,60,113,12,-80,24,284,372,169,-70,-74,56,120,-10,-224,-338,-313,-188,-131,-161,-164,-121,-5,116,164,162,153,74,-25,-47,27,-4,-24,-29,-17,7,33,16,-84,-385,-874,-1028,-767,-317,-267,-322,-152,247,741,840,515,-12,-282,-319,-282,-230,-95,29,61,-45,-105,-160,-177,-218,-207,-125,15,66,-11,-142,-211,-206,-110,84,249,235,190,190,199,122,-7,-67,-19,6,33,47,91
158,3,-0.08575958013534546,740,1,19,25,11,24,27,-3,15,73,185,35,-298,-335,97,333,-81,-522,-456,-337,-303,-258,-54,283,409,254,-144,-225,-119,82,176,-38,-292,-411,-295,-220,-372,-698,-794,-583,-352,-373,-501,-344,14,341,311,222,159,52,-175,-128,167,462,414,291,178,-14,22,28,24,8,-34,-20,-31,172,425,321,-172,-710,-183,866,1264,769,21,-250,-223,-96,38,-78,-383,-732,-539,-173,32,-99,-185,-125,-29,-31,-180,-197,9,469,440,166,-72,-277,-379,-87,291,509,95,-424,-620,-439,-82,150,210,147,-4,-27,57
159,1,0.24523034691810608,743,-10,6,8,10,-6,-16,-10,-6,13,68,83,101,177,348,445,428,247,7,-154,-154,-93,-12,34,95,146,166,89,-28,-83,-57,-35,-47,-84,-80,-35,27,194,430,535,349,-24,-277,-307,-242,-151,-87,36,149,141,82,-24,-142,-166,-127,-33,39,-2,-24,-29,-9,-7,-2,-5,88,544,1355,1611,1275,107,-328,-109,116,57,-50,-95,-125,-24,135,212,48,-308,-434,-214,-53,46,55,72,70,52,-24,-32,-14,11,-22,-7,109,247,230,132,155,176,162,107,37,-44,-37,7,5,-90,-198,-163,-21
159,2,0.3497658967971802,741,-10,-13,11,25,10,4,6,-66,-330,-784,-957,-787,-387,-311,-323,-152,169,583,802,656,103,-242,-340,-277,-160,22,57,17,-67,-85,-172,-318,-381,-316,-159,-44,-12,-57,-68,-30,-23,-57,39,186,238,273,284,247,118,-37,-122,-64,16,70,74,71,-2,6,13,-4,-13,-20,-13,2,73,325,519,416,-35,-233,-23,274,181,-240,-432,-196,146,127,-96,-236,-197,-138,-92,-74,81,204,121,-152,-244,-40,136,59,-204,-302,-75,273,442,351,75,-75,-50,34,46,-50,-156,-161,-111,-90,-30,26,2,-66
159,3,-0.1018405333161354,737,-6,-22,-7,15,13,59,6,36,-100,-318,-277,46,487,224,-552,-981,-697,-115,-33,-125,-168,-66,261,655,916,560,37,-138,59,272,154,-113,-195,-18,22,-281,-793,-735,-331,16,230,168,-154,-374,-292,101,464,574,363,-21,-249,-176,68,206,173,5,8,23,26,-13,15,22,-16,25,180,413,162,-387,-668,40,704,358,-352,-518,-233,-83,-87,19,259,153,-202,-478,-228,31,170,125,-119,-312,-372,-311,-198,-248,-448,-498,-380,-247,-442,-590,-290,168,514,290,-52,-224,-236,-196,16,297,481,356,292,194
160,1,0.22244861721992493,736,-13,-9,-18,-6,-8,7,-20,11,131,553,953,925,269,-374,-613,-522,-287,-26,164,144,16,13,64,33,-109,-337,-291,-115,67,143,137,102,58,-5,-47,-30,-33,-179,-395,-404,-134,168,243,187,174,161,126,0,-100,-118,-45,73,134,60,-22,-20,-4,-8,4,-1,5,8,7,-19,-212,-804,-1338,-1298,-521,87,116,-143,-192,-24,147,224,212,3,-193,-208,-6,243,173,61,4,-50,-36,21,89,120,96,48,-52,-194,-357,-385,-262,-126,30,39,-45,-91,-173,-195,-129,-55,-24,2,139,227,241,91
160,2,0.37522855401039124,735,-22,3,-12,2,16,-14,-15,-24,-117,-267,-321,-216,-214,-345,-458,-143,365,403,191,119,175,37,-285,-609,-682,-526,-251,-126,-77,68,143,-190,-451,-409,-42,115,-13,-291,-314,-29,466,507,153,-34,20,121,332,411,267,22,-162,-206,-139,-10,113,99,20,37,30,27,20,-40,-4,10,180,797,1387,1416,643,-33,-67,107,92,-432,-974,-1065,-436,214,390,295,125,-129,-213,-137,3,234,273,170,402,479,428,228,-136,-151,-47,83,267,413,148,-114,-303,-280,-302,-238,-239,-162,72,66,-100,-80,-89,-61
160,3,-0.08575839549303055,738,-2,-2,37,-11,1,40,-31,30,154,298,97,-349,-533,71,540,169,-411,-470,-284,-210,-226,-88,272,295,18,-332,-219,59,229,203,-2,-207,-298,-242,-211,-362,-631,-671,-493,-352,-544,-717,-457,-10,362,307,84,-14,-122,-217,-68,228,432,326,225,181,9,20,22,-21,-22,-54,0,-7,149,410,361,-92,-648,-262,477,833,458,23,-14,91,224,191,-37,-642,-1068,-796,-196,111,25,-170,-162,18,52,-106,-141,113,557,503,71,-234,-431,-333,80,375,384,-44,-413,-575,-397,-9,292,240,83,-91,-33,112
161,1,0.25729110836982727,740,1,-4,-11,-12,-14,1,15,0,-127,-430,-625,-537,-198,-171,-350,-545,-426,-51,201,229,67,-55,-122,-100,-17,46,45,43,40,20,32,119,180,198,129,66,-67,-294,-473,-458,-279,-81,47,75,36,-22,-131,-199,-179,-96,-3,128,227,243,168,42,-11,9,13,13,4,-1,6,-53,-345,-1025,-1501,-1277,-164,557,747,581,355,157,5,32,72,-37,-178,-135,129,316,211,43,-80,-138,-114,-34,39,106,84,22,-18,-2,28,-32,-188,-259,-163,-131,-155,-208,-201,-116,13,82,16,-67,-44,64,127,58
161,2,0.3591466248035431,738,-24,-38,-20,-37,-52,23,-3,-31,-217,-851,-1354,-1315,-415,253,253,-13,-208,340,914,1048,377,-226,-316,-186,54,320,401,320,12,-226,-274,-168,-260,-412,-426,-183,232,328,99,-118,-543,-592,-139,201,254,163,129,137,169,114,25,28,129,84,52,56,-20,-6,16,-11,-6,-41,-56,-57,-228,-589,-724,-594,-257,-109,-83,71,314,425,406,389,190,-76,-391,-630,-642,-337,-80,-10,-4,13,-20,-298,-519,-485,-184,9,17,-176,-126,35,321,206,45,32,168,205,369,384,234,-13,-178,-198,-75,36,150,96
161,3,-0.0777176171541214,737,4,5,35,28,30,50,-22,13,97,194,42,-302,-399,76,382,36,-405,-469,-449,-515,-453,-191,246,431,277,-73,-150,34,192,212,17,-193,-334,-281,-242,-416,-663,-696,-477,-278,-359,-533,-465,-150,212,362,371,290,65,-215,-168,162,439,361,194,134,6,23,20,-5,-26,-43,-13,32,190,482,425,-99,-769,-323,446,787,392,65,63,101,146,120,20,-472,-960,-884,-347,49,48,-106,-166,-70,-29,-160,-250,-85,249,270,-17,-304,-576,-536,-107,323,485,83,-315,-589,-487,-168,176,251,186,10,11,95
162,1,0.2760531008243561,738,13,2,5,3,-3,-1,7,-20,-141,-343,-418,-175,201,589,849,881,546,44,-202,-126,28,62,41,65,148,146,15,-75,-71,-22,-26,-79,-129,-100,-62,2,120,286,326,183,-18,-156,-184,-186,-156,-121,-14,69,101,70,-60,-199,-202,-104,2,60,7,9,-4,-15,-13,-21,-6,93,540,1321,1515,900,-32,-414,-315,-101,-39,-67,-98,-142,-33,106,190,80,-138,-219,-109,-9,64,91,42,-60,-113,-139,-82,-12,63,160,232,293,323,209,88,102,87,180,177,106,22,-18,-7,-35,-106,-236,-191,-45
162,2,0.38728874921798706,741,-7,1,-3,-19,-23,7,38,66,172,305,367,240,181,157,144,22,-149,-121,-151,-266,-279,-21,305,678,693,463,177,79,-20,-103,-121,214,520,509,162,-33,60,273,194,-90,-502,-446,-97,-29,-201,-278,-357,-257,-91,60,199,225,158,-24,-135,-81,-31,-7,-42,-31,-12,29,-15,-45,-261,-893,-1483,-1381,-522,124,181,-22,-157,300,864,1082,520,-155,-358,-363,-243,20,222,283,121,-111,-180,-160,-282,-450,-446,-217,155,164,26,-93,-463,-513,-82,249,331,154,161,169,205,101,-51,-16,94,87,71,66
162,3,-0.12194215506315231,734,8,9,21,26,44,34,4,-6,43,129,150,-149,-414,-101,247,142,-338,-473,-412,-391,-529,-348,15,405,396,83,-191,-71,164,289,171,-167,-389,-360,-254,-312,-624,-809,-609,-351,-274,-410,-488,-233,145,385,443,386,275,-57,-232,-30,342,420,269,148,-23,14,37,19,-8,-11,-28,10,96,397,516,114,-578,-647,76,766,495,19,-56,49,32,-6,25,-209,-678,-827,-490,-18,109,-96,-165,-215,-96,-121,-232,-84,209,403,161,-170,-533,-684,-390,122,555,381,-121,-576,-577,-281,-3,145,167,26,-21,78
163,1,0.2693514823913574,740,-4,1,2,6,5,3,-12,-83,-330,-745,-818,-430,-60,-29,-253,-395,-256,9,151,113,-23,-155,-200,-129,5,90,78,56,-30,-79,-50,50,120,111,58,-27,-142,-274,-309,-244,-112,14,32,-9,-28,-71,-90,-76,-47,-32,27,143,220,229,121,-1,1,-6,-2,14,-7,-6,-17,-88,-386,-870,-986,-444,215,589,622,457,191,-43,-65,19,23,-46,-78,12,167,173,39,-82,-90,-43,-13,-21,-38,-25,-21,1,56,121,115,-34,-203,-252,-204,-162,-125,-91,-29,7,50,24,-34,-100,-59,35,80,43
163,2,0.32430338859558105,736,-25,38,-3,-9,12,11,62,142,500,1070,1139,857,160,-4,-48,111,118,-158,-632,-817,-295,90,476,762,665,302,51,-83,-33,-9,132,355,539,469,257,54,50,142,92,9,-44,7,-106,-329,-263,-314,-289,-266,-97,95,167,135,-31,-122,-140,-135,-24,-9,-22,-21,5,-19,-16,-8,-182,-572,-778,-577,-17,278,147,-10,129,483,580,242,-230,-227,110,405,389,348,303,240,-18,-203,-65,308,413,113,-175,-77,276,367,-8,-574,-789,-440,92,241,-102,-253,-76,138,243,224,177,134,20,-111,-79,77
163,3,-0.12060229480266571,735,-4,-16,-53,4,-14,19,3,-20,-182,-470,-390,213,829,310,-520,-631,5,286,185,185,282,179,-14,14,403,655,417,11,-181,-68,181,354,370,323,265,211,89,126,249,399,686,768,378,-187,-633,-386,17,298,260,171,-66,-238,-354,-205,-59,-105,11,-3,-18,25,21,44,-7,-3,-50,-127,-194,-172,134,260,-22,-516,-468,-104,-81,-271,-382,-220,165,561,655,298,-31,-62,164,321,128,-230,-348,-131,-11,-284,-812,-938,-552,-134,50,-2,-187,-198,-92,203,437,559,405,-14,-232,-30,281,348,202,-25
164,1,0.2760535478591919,744,8,-4,-9,15,8,-1,-9,-103,-486,-1012,-1038,-470,-45,-34,-362,-518,-340,-31,113,105,-34,-186,-243,-147,37,111,96,54,-26,-90,-41,63,128,130,56,-45,-169,-333,-381,-260,-118,47,52,-63,-86,-154,-142,-85,-62,-3,81,215,263,252,106,-20,-5,14,13,-4,-1,3,-12,-123,-561,-1155,-1204,-428,333,774,778,538,149,-93,-84,65,64,-63,-96,80,268,237,29,-68,-69,-2,5,-29,-56,-37,-13,33,108,187,139,-51,-301,-305,-245,-231,-154,-127,-32,37,64,18,-61,-94,-42,60,59,14
164,2,0.34306472539901733,739,-4,19,7,-7,-16,-1,12,91,504,1063,1212,810,70,-214,-72,10,-184,-585,-704,-388,128,277,123,20,-53,-184,-291,-258,12,150,56,-67,-28,175,247,24,-218,-210,69,416,558,259,-166,-364,-149,-70,-75,-189,-226,-102,-38,-56,-31,-4,-19,-121,17,33,8,-15,-12,18,72,200,494,951,927,531,77,-15,-48,-17,-54,-314,-542,-531,-104,182,515,718,619,230,-7,-81,-20,23,170,367,476,332,157,-20,17,89,99,6,-48,-37,-113,-282,-193,-238,-277,-215,-84,73,136,61,-34,-76,-114,-135
164,3,-0.10452058166265488,742,9,19,47,-18,6,-39,-10,33,218,495,418,-225,-834,-322,575,730,55,-335,-178,-49,-39,-28,-57,-287,-670,-724,-401,-52,-7,-115,-242,-206,-154,-212,-198,-16,288,279,11,-240,-561,-619,-218,322,582,216,-263,-522,-380,-81,245,309,228,53,41,181,-20,-2,12,-1,-10,-31,4,-2,-47,-102,26,276,201,-162,-249,145,285,65,8,248,414,234,-238,-557,-397,70,282,112,-212,-311,51,453,543,270,101,317,758,887,588,308,297,358,289,-26,-269,-329,-329,-317,-204,111,151,-153,-476,-458,-287,-70
165,1,0.2572912871837616,739,16,4,6,6,-1,-5,-2,-21,-238,-764,-1242,-1118,-375,299,468,281,76,-35,-33,51,85,-18,-170,-183,20,229,217,51,-63,-113,-81,-19,46,61,23,0,-34,-65,-100,-185,-242,-230,-161,-133,-150,-204,-195,-125,-26,39,29,31,92,166,164,61,9,-1,-11,-7,-13,-14,-4,8,6,16,-1,-4,89,251,504,689,635,270,-98,-171,-29,74,105,105,116,105,35,-48,-63,3,50,6,-57,-92,-74,-23,68,236,366,321,140,-109,-229,-199,-81,-12,19,54,67,61,-15,-124,-213,-201,-103,-28
165,2,0.38460925221443176,742,-4,-22,8,21,-7,-5,-57,-108,-109,-156,-87,-41,-175,-197,28,115,-40,-135,-10,230,243,-98,-689,-934,-757,-354,-136,-24,66,78,-250,-490,-480,-144,71,35,-218,-241,34,486,503,141,-49,12,169,280,264,39,-123,-190,-150,-95,33,78,111,-14,-14,49,16,24,-23,31,48,226,864,1487,1441,739,-37,-224,-70,-63,-292,-597,-752,-455,126,364,402,409,300,-25,-262,-295,16,161,154,210,367,403,254,-94,-184,-85,41,242,380,23,-274,-479,-240,-234,-186,-246,-137,102,110,0,-56,-97,-91,-164
165,3,-0.12060267478227615,741,-3,24,28,-18,-12,-35,-1,2,96,214,254,89,-346,-292,164,573,338,-87,-109,118,273,194,-190,-618,-746,-399,-19,60,-217,-356,-123,259,396,145,6,244,743,800,435,128,-57,-75,89,127,71,-194,-440,-557,-359,27,214,-7,-303,-364,-230,21,-12,-9,-11,2,-25,16,9,-20,-219,-448,-307,368,785,107,-672,-582,37,251,162,226,277,128,-123,-104,306,666,553,170,-80,-95,228,439,426,298,215,212,214,313,321,330,561,662,308,-256,-583,-307,99,293,221,112,-165,-386,-496,-355,-311,-301
166,1,0.2572921812534332,743,1,14,7,12,3,-13,0,-1,21,112,174,135,-98,-370,-643,-774,-593,-165,161,171,25,-65,-95,-138,-184,-204,-92,38,80,32,-25,-8,61,98,82,39,-92,-314,-506,-440,-139,186,284,250,143,84,-9,-92,-128,-87,20,161,197,155,80,4,-2,-10,14,5,-1,-2,1,-51,-355,-1089,-1582,-1356,-242,414,487,213,33,-29,9,102,107,-63,-253,-196,97,321,203,55,-71,-127,-79,5,52,37,13,-14,-68,-90,-161,-260,-282,-217,-101,-128,-179,-226,-230,-154,-34,36,52,57,117,191,191,69
166,2,0.3430648148059845,736,-38,19,21,12,18,-15,49,91,331,911,1318,1154,464,29,-23,-14,-59,-260,-473,-642,-413,18,384,657,776,573,155,-126,-196,-49,114,296,478,527,304,31,-152,-40,53,43,-14,61,-78,-205,-325,-286,-352,-302,-148,91,224,156,-13,-105,-116,-77,-6,-17,-10,-24,-17,-1,-40,-21,-88,-356,-629,-652,-172,250,341,116,43,276,475,354,-20,-316,-43,418,616,534,395,237,67,-165,-146,176,312,124,-198,-280,38,291,207,-197,-617,-601,-101,210,127,-125,-202,-63,128,210,152,82,60,17,37,101
166,3,-0.09514029324054718,740,22,44,41,-9,16,-29,-5,28,230,508,372,-331,-859,-176,701,739,123,-195,-88,-79,-80,-20,34,-187,-613,-784,-524,-168,-69,-72,-263,-261,-155,-165,-192,-141,27,-13,-131,-266,-516,-585,-247,248,491,157,-329,-524,-372,-90,232,347,326,192,247,319,-22,16,11,-18,-23,-30,9,-2,10,15,115,248,-4,-212,-39,421,471,100,13,223,388,250,-237,-624,-540,-38,223,103,-251,-350,-13,416,535,271,115,357,776,841,501,232,191,239,230,6,-202,-334,-380,-394,-237,75,102,-233,-514,-498,-335,-122
167,1,0.21306729316711426,739,-2,-6,11,-4,-7,-1,7,-62,-427,-1233,-1588,-1279,-173,491,532,281,69,-52,-22,111,119,-58,-242,-165,166,375,211,38,-85,-96,-41,18,45,29,-6,-45,-73,-52,-86,-188,-250,-208,-122,-163,-204,-225,-202,-133,-31,8,-5,2,73,187,185,52,-7,-6,-1,-2,-10,-8,-15,-13,21,69,70,62,128,296,469,506,297,-55,-228,-178,-37,55,118,181,207,193,61,-48,-65,2,24,-42,-107,-131,-106,-52,86,347,565,488,150,-183,-297,-242,-109,-48,53,113,104,51,-52,-178,-210,-155,-81,-3
167,2,0.3618261516094208,739,11,13,6,4,-17,-25,0,-10,24,201,388,349,17,-272,-311,-143,5,-84,-211,-136,116,204,-6,-319,-466,-427,-287,-194,-15,127,59,-159,-256,-53,227,238,-3,-177,-81,250,498,426,98,-104,-22,119,196,89,-91,-167,-135,-124,-55,-37,-80,-163,-3,-15,-16,-4,5,4,14,81,317,802,1067,858,279,5,33,120,-48,-406,-636,-598,-184,167,337,429,402,178,-43,-123,-36,38,110,208,301,323,213,9,-160,-114,47,200,197,116,-38,-169,-200,-198,-201,-181,-98,38,92,29,-73,-130,-105,-79
167,3,-0.07771886140108109,739,-11,-1,1,-27,-18,-32,-4,-32,-60,-95,41,311,178,-136,-115,371,559,231,106,282,408,237,-273,-563,-391,171,322,128,-243,-327,33,405,514,258,144,407,800,836,531,261,267,344,276,-14,-264,-325,-307,-299,-173,98,35,-308,-561,-486,-346,-165,-14,-30,-21,13,-15,47,16,-17,-227,-508,-325,288,844,176,-769,-895,-353,35,-14,-20,-76,-84,5,380,803,768,372,122,138,176,241,89,-28,84,149,58,-183,-148,66,234,436,486,163,-200,-384,-49,415,599,439,99,-216,-268,-194,-62,-169,-249
168,1,0.24790982902050018,743,-6,-13,2,-12,-11,3,2,-63,-338,-860,-998,-697,-127,-7,-145,-229,-88,133,229,215,45,-128,-245,-214,-45,53,73,78,24,-19,2,83,126,135,79,18,-125,-365,-563,-474,-185,99,163,42,-55,-112,-146,-146,-119,-57,15,127,198,239,156,32,-15,12,10,12,3,4,-10,-85,-462,-1141,-1359,-881,78,525,510,291,56,-163,-147,-2,42,-63,-145,26,303,396,155,-54,-103,-41,-2,11,-28,-45,-62,-66,36,192,261,102,-158,-251,-208,-195,-148,-167,-97,-18,40,14,-45,-101,-16,102,105,32
168,2,0.3149224817752838,742,16,-79,17,7,-7,-30,-19,-111,-422,-1013,-1060,-815,-255,-283,-387,-257,145,651,928,791,215,-93,-489,-727,-641,-374,-112,8,-25,32,-75,-351,-503,-378,-27,251,137,-59,-180,-101,83,92,78,199,132,245,342,251,63,-175,-177,-72,66,101,48,-20,0,41,19,11,-5,16,24,28,223,620,856,598,-89,-506,-329,30,90,-195,-391,-208,154,270,1,-313,-443,-421,-376,-278,16,235,102,-139,-188,159,423,295,-5,-238,41,513,743,433,-27,-243,19,180,127,-28,-176,-216,-169,-113,-50,-63,-114,-228
168,3,-0.07503797113895416,738,14,25,9,18,6,46,6,26,77,129,-7,-311,-243,134,204,-270,-525,-263,-159,-287,-386,-187,264,537,355,-174,-338,-152,225,321,26,-351,-440,-220,-127,-386,-793,-834,-542,-253,-229,-324,-286,-41,229,310,300,256,118,-141,-68,279,540,468,309,131,-12,27,5,-16,13,-42,-3,-6,201,506,320,-256,-811,-174,828,1053,575,102,42,33,106,159,26,-388,-819,-733,-322,-123,-177,-203,-217,-31,87,-47,-122,-13,242,204,-69,-239,-435,-492,-170,178,371,85,-366,-575,-453,-90,214,262,195,68,119,208
169,1,0.1969849020242691,741,5,-20,-17,-16,-4,-1,12,41,227,673,889,695,-22,-440,-513,-381,-149,132,221,123,15,20,25,-58,-246,-339,-116,88,140,54,-4,36,92,116,94,75,-46,-305,-501,-383,5,257,250,183,111,98,14,-90,-104,-54,40,129,103,0,-8,15,2,13,16,8,2,17,9,-54,-392,-1122,-1440,-1161,-198,171,22,-163,-98,69,184,206,107,-89,-257,-197,62,250,167,83,0,-16,28,94,130,122,79,32,-84,-258,-423,-448,-278,-47,69,-25,-130,-180,-177,-160,-118,-85,-41,46,178,281,225,68
169,2,0.35914668440818787,737,12,16,-40,-78,20,-12,-39,31,176,275,189,91,286,325,450,230,-108,-220,-338,-422,-328,-108,353,660,656,474,227,198,67,-48,23,291,467,219,-171,-358,-203,90,106,-143,-472,-388,-90,-28,-153,-177,-305,-209,-41,165,210,169,-14,-14,-15,94,-41,-30,-42,3,7,-9,13,-51,-434,-1148,-1528,-1240,-246,88,-170,-337,-30,631,1040,892,153,-333,-386,-475,-256,11,199,281,-7,-170,-136,-198,-282,-374,-324,-81,153,139,-113,-358,-485,-370,62,288,151,94,136,192,192,137,34,64,75,82,52,115
169,3,-0.09246020764112473,735,-18,5,1,-25,16,-60,-10,-26,188,449,305,-217,-722,-151,853,1154,705,175,107,146,210,191,-71,-530,-879,-604,-197,-86,-241,-281,-212,57,149,-39,-95,93,426,389,57,-208,-427,-457,-104,211,349,11,-390,-576,-409,0,272,218,47,-72,38,178,2,-21,-7,-22,-1,-17,13,-13,-143,-237,-41,399,428,-129,-467,-60,331,228,142,208,290,148,-194,-365,-138,320,400,191,-161,-272,24,307,361,202,146,388,684,685,471,290,357,489,384,34,-312,-354,-231,-113,31,181,16,-365,-598,-462,-281,-146
170,1,0.22914843261241913,743,14,-14,-21,-33,8,4,9,40,214,442,509,207,-219,-448,-490,-376,-114,160,200,93,30,38,-12,-144,-255,-199,14,152,106,30,28,115,142,130,97,28,-185,-504,-627,-384,53,282,258,179,63,-13,-100,-164,-116,-55,77,171,138,79,44,15,-8,9,2,3,-5,8,-6,-162,-742,-1462,-1542,-885,43,246,32,-50,66,101,102,123,12,-157,-249,-83,234,286,141,25,-53,-40,33,100,125,109,34,-45,-119,-232,-336,-330,-236,-82,-31,-134,-168,-210,-161,-118,-85,-59,-24,71,188,244,121,-18
170,2,0.368527352809906,740,4,1,-52,-42,-4,-11,0,147,285,484,390,350,221,338,367,27,-88,-320,-534,-587,-236,111,486,568,557,275,167,150,86,27,211,509,474,103,-214,-274,-75,119,70,-213,-372,-219,-96,-176,-189,-319,-332,-185,-7,206,196,137,7,-24,21,91,-10,-73,-28,24,-8,-19,15,-163,-687,-1322,-1407,-731,-53,-6,-250,-301,302,1046,1154,560,-115,-379,-317,-279,-63,117,233,238,-17,-126,-83,-103,-263,-312,-253,65,170,88,-140,-427,-526,-247,88,266,82,49,144,170,200,74,43,91,64,21,4,160
170,3,-0.092460036277771,736,-19,-12,-1,-37,5,-54,2,-25,34,143,162,132,-184,-203,265,726,670,234,146,237,321,224,-242,-664,-699,-190,104,28,-298,-378,-132,243,312,85,35,373,817,762,379,74,-51,32,227,207,22,-256,-453,-471,-236,123,143,-159,-442,-427,-227,6,6,-18,-18,5,-15,40,19,5,-228,-488,-214,453,807,-10,-988,-878,-287,3,8,16,65,-10,-41,171,542,606,354,161,79,26,143,120,117,173,170,168,76,126,219,340,581,707,334,-132,-484,-274,94,312,244,45,-228,-439,-425,-237,-161,-220
171,1,0.22244814038276672,739,-5,30,11,2,-9,-8,-31,-204,-816,-1486,-1526,-830,138,399,209,68,44,1,16,81,7,-158,-214,8,338,324,122,-30,-70,-15,23,44,60,41,-14,-78,-55,20,11,-92,-230,-198,-164,-208,-168,-139,-66,-12,-17,-42,-66,8,114,198,112,-25,0,10,2,5,-10,-6,-11,32,154,290,272,216,204,373,481,384,62,-187,-212,-134,-55,4,97,128,92,19,-77,-116,-74,-33,-58,-139,-156,-147,-91,-20,216,549,667,448,53,-190,-205,-84,18,99,178,223,171,70,-64,-177,-196,-153,-79,-10
171,2,0.3658478260040283,743,15,-4,45,-10,-23,-3,0,-33,213,826,1428,1417,685,103,173,336,225,-471,-1296,-1339,-600,155,371,382,311,131,-45,-192,-174,65,133,128,155,326,251,142,-129,-167,-18,194,311,436,145,-112,-289,-128,-137,-208,-181,-162,36,41,-60,-53,5,8,6,4,-1,-40,-23,-14,-7,30,161,271,349,255,290,173,260,195,-106,-116,-170,-370,-507,-229,115,404,416,383,192,198,206,121,53,261,499,375,15,-203,-186,22,150,42,-228,-353,-230,-110,-185,-166,-292,-315,-139,62,197,153,133,31,-23,12
171,3,-0.042874522507190704,736,0,-27,-9,-17,-11,-17,11,-16,-116,-161,41,402,261,-223,-417,38,367,221,138,142,190,52,-260,-439,-247,196,227,74,-195,-261,13,275,331,168,131,385,666,591,371,256,339,468,336,34,-285,-386,-351,-239,-75,87,-60,-428,-618,-474,-255,-112,8,-6,-19,25,-5,59,23,29,-226,-469,-213,391,747,21,-1086,-1192,-657,-175,-97,-144,-188,-152,106,533,830,569,199,97,235,225,149,-52,-54,152,158,-54,-403,-325,-56,264,542,524,72,-331,-432,-23,334,475,247,-93,-278,-260,-48,60,-7,-195
172,1,0.23853018879890442,738,4,-19,-22,-7,-3,9,19,46,258,625,744,436,-185,-540,-554,-384,-113,148,191,113,88,85,21,-121,-265,-238,-42,86,84,40,15,61,86,80,73,49,-130,-410,-561,-381,-12,222,207,147,37,-6,-95,-190,-204,-112,34,128,110,12,-7,20,9,17,6,-2,-14,-3,-9,-117,-563,-1320,-1487,-1015,-117,79,-167,-237,-13,162,181,160,47,-105,-211,-93,175,300,186,88,-11,-14,47,122,131,111,49,-25,-144,-283,-378,-331,-242,-89,-33,-147,-148,-169,-165,-159,-123,-78,-30,77,187,251,137,0
172,2,0.3685273826122284,738,-7,-93,-20,16,11,1,40,-168,-609,-1322,-1431,-955,-177,-121,-254,-284,222,1077,1316,786,-5,-322,-334,-341,-183,36,164,262,-34,-127,-92,-110,-244,-266,-184,65,154,88,-146,-338,-440,-254,74,344,133,97,146,172,148,13,-38,44,52,-9,-19,105,-15,-11,36,42,-30,-15,-36,-131,-320,-561,-494,-371,-229,-132,-129,133,124,245,467,633,299,-23,-378,-492,-501,-261,-161,-230,-156,-70,-215,-483,-488,-179,99,152,41,-147,-113,119,279,261,174,210,211,215,306,210,30,-208,-167,-154,-22,-8,14,-20
172,3,-0.0830787941813469,739,21,13,-1,30,8,41,10,37,-36,-135,-153,-109,210,220,-236,-688,-709,-336,-166,-149,-195,-95,278,634,665,208,-74,-53,240,332,91,-247,-338,-82,-27,-277,-710,-645,-343,-72,11,-85,-215,-169,24,308,477,454,221,-102,-100,187,462,413,196,-26,6,31,35,-9,9,-39,-25,0,264,495,165,-500,-717,104,1168,1003,293,-128,-119,-12,83,144,58,-212,-534,-551,-255,-85,-52,-18,-92,-111,-191,-300,-243,-168,22,-1,-116,-381,-694,-736,-225,315,553,245,-69,-237,-138,22,208,351,345,192,143,247
173,1,0.21306727826595306,739,2,6,-6,-15,0,-12,0,38,233,724,991,822,23,-495,-587,-453,-223,11,133,112,84,101,77,-46,-242,-325,-120,33,122,79,33,39,28,23,30,44,-20,-262,-466,-393,-67,188,203,168,90,50,-32,-149,-180,-109,11,94,68,-16,-28,11,-7,-19,6,-10,-23,-6,-6,-51,-347,-1013,-1374,-1157,-315,-3,-200,-340,-125,141,191,145,72,-68,-176,-147,59,260,185,96,14,-12,27,110,157,146,73,-8,-139,-276,-418,-415,-283,-105,-8,-78,-159,-154,-150,-169,-160,-108,-43,61,198,265,179,32
173,2,0.3497658967971802,740,4,20,13,-56,-14,-20,25,47,139,188,127,31,224,106,-7,-324,-272,109,125,-222,-530,-218,119,438,485,362,231,313,220,102,123,424,605,359,-33,-160,3,189,110,-181,-440,-554,-306,-168,-193,-155,-241,-263,-90,176,221,200,139,22,-15,41,-10,-42,-21,-10,3,22,26,-42,-324,-1055,-1444,-1280,-500,-127,-148,-159,27,737,1258,1092,420,-138,-261,-423,-408,-214,-26,191,-4,-133,-127,-213,-281,-347,-168,-2,152,87,-101,-212,-230,-261,55,327,310,171,151,204,150,69,-129,-62,18,12,-47,21
173,3,-0.07637887448072433,740,-13,-18,-7,-11,-5,-43,2,-22,-25,49,91,186,13,-215,-86,426,698,484,253,132,169,106,-166,-506,-576,-211,114,112,-148,-323,-149,215,392,188,69,206,600,682,463,221,141,223,273,146,-89,-321,-472,-456,-263,66,127,-127,-438,-442,-274,-61,13,-4,-43,8,2,57,10,37,-170,-465,-299,240,756,111,-1004,-1230,-552,77,218,70,-57,-159,-35,238,641,677,345,99,53,62,111,80,160,318,331,157,-132,-170,-8,292,650,773,328,-156,-522,-250,106,297,216,42,-145,-214,-257,-133,-122,-192
174,1,0.22244732081890106,742,3,-6,-8,-4,5,-1,12,-30,-251,-750,-971,-777,-256,-226,-429,-463,-169,152,240,163,43,-67,-151,-130,21,151,117,88,41,26,33,106,137,117,62,-1,-144,-381,-537,-448,-215,4,80,-12,-98,-114,-143,-184,-164,-106,-17,124,207,255,168,41,-22,-4,33,17,-4,3,-1,-56,-378,-1065,-1365,-1030,0,529,540,323,161,13,-82,-52,-47,-125,-119,30,280,373,153,-23,-109,-75,-14,-1,6,24,11,-10,14,177,290,189,-78,-209,-172,-171,-117,-92,7,96,98,32,-53,-61,12,99,76,-19
174,2,0.3564671277999878,743,-9,-8,1,-24,17,5,23,25,-46,-254,-389,-312,72,28,-205,-438,-18,577,531,-26,-406,-176,176,373,370,279,261,361,150,33,125,433,475,179,-144,-87,119,196,-15,-443,-663,-552,-238,42,-58,-84,-158,-136,45,190,212,183,97,-18,-10,63,20,-72,-3,18,7,2,25,-104,-524,-1195,-1314,-1007,-277,-104,-37,44,265,800,1090,899,267,-102,-336,-471,-395,-186,-61,66,-142,-147,-205,-342,-472,-361,-68,122,99,-45,-137,-80,-77,39,196,401,224,176,190,223,160,-71,-177,-113,-19,-17,-45,65
174,3,-0.05091634392738342,740,-29,-1,21,-22,-5,-58,-18,-34,208,459,215,-273,-685,-39,1050,1246,708,61,-78,-4,124,133,-135,-549,-860,-588,-162,-12,-162,-208,-131,66,43,-194,-184,34,459,381,89,-271,-555,-531,-93,299,364,-52,-419,-500,-289,16,169,146,26,-60,33,200,-2,-14,-14,-31,-16,-3,18,-25,-109,-191,7,375,297,-228,-554,-66,465,481,311,168,105,-2,-201,-293,-123,260,263,104,-153,-254,-29,256,395,282,216,322,528,482,342,313,461,568,327,-82,-394,-402,-300,-187,-36,132,15,-302,-511,-413,-242,-134
175,1,0.23852932453155518,742,-13,-23,-16,-7,4,2,-3,-57,-272,-702,-828,-605,-248,-333,-548,-489,-119,230,276,154,4,-81,-138,-102,38,130,87,60,39,41,60,102,114,99,35,-6,-160,-407,-552,-439,-177,51,100,-14,-57,-83,-113,-168,-154,-103,3,153,234,232,127,2,-13,4,12,-6,-14,2,-10,-103,-513,-1217,-1434,-973,85,587,501,254,76,-84,-128,-80,-87,-163,-161,38,347,417,175,-24,-121,-77,-2,29,52,50,25,-17,-1,142,231,104,-141,-201,-151,-143,-117,-89,0,74,60,-10,-58,-55,62,157,92,-28
175,2,0.2773997485637665,738,-26,47,6,-15,13,13,33,74,342,903,1089,945,502,49,-19,-123,-185,-414,-739,-907,-595,-55,178,403,470,337,153,125,110,104,132,325,477,457,136,-71,-178,43,123,67,-44,-86,-222,-285,-365,-140,-165,-254,-198,11,166,149,42,-15,24,10,-2,-15,14,4,19,17,16,4,-104,-484,-781,-759,-291,-41,-173,-446,-95,683,928,448,-168,-252,-31,162,164,172,300,439,224,-5,-33,269,475,237,-80,-172,127,196,35,-391,-654,-691,-328,36,120,-34,-69,-105,60,171,221,217,107,-35,-44,59
175,3,-0.07503848522901535,735,-14,3,47,6,17,-7,-13,-15,119,339,335,-130,-699,-255,618,878,134,-436,-468,-175,-61,68,157,91,-185,-403,-354,-113,31,56,-7,-107,-230,-289,-312,-222,-241,-228,-245,-338,-546,-788,-540,-65,461,415,137,-88,-116,-135,-22,140,419,369,260,188,-9,-2,20,-5,-21,-45,5,-46,9,235,260,97,-278,-333,227,944,942,385,-12,40,199,229,-20,-503,-871,-656,-134,81,-11,-264,-264,14,240,83,-68,61,538,748,481,124,-115,-203,-34,154,233,-62,-444,-634,-495,-70,162,72,-165,-310,-218,0
176,1,0.25058963894844055,741,-11,-5,2,1,-5,-12,-18,-41,-210,-641,-1051,-962,-300,352,507,370,191,29,-60,-67,-73,-118,-131,-31,193,361,272,49,-111,-113,-42,7,35,52,19,-26,-35,74,229,220,13,-167,-179,-116,-79,-79,-31,52,89,32,-38,-58,0,81,106,30,-14,-1,-17,-15,-17,-3,-8,10,126,475,802,729,325,160,315,436,271,-50,-242,-207,-80,39,123,120,-19,-193,-186,-105,-36,-2,-7,-65,-102,-86,-35,-17,47,215,392,400,238,46,-56,-13,52,68,82,95,110,105,45,-79,-212,-256,-162,-31
176,2,0.37522855401039124,740,-7,1,3,-41,-26,9,24,20,58,14,-104,-225,-85,9,-130,-394,-346,313,539,150,-358,-247,6,341,371,252,189,262,303,83,29,280,566,477,111,-152,-25,135,119,-120,-442,-651,-373,-136,-20,-78,-110,-164,-86,92,184,204,210,23,-35,-1,-30,2,-58,-31,8,18,2,-8,-217,-863,-1450,-1420,-841,-159,-34,73,134,533,1017,1164,778,59,-183,-426,-473,-327,-79,24,20,-159,-144,-274,-386,-471,-278,-71,151,62,-77,-141,-105,-186,51,265,454,204,117,159,205,184,-49,-86,-5,1,-48,-4
176,3,-0.06833668798208237,738,19,-24,-61,29,6,39,18,42,-135,-418,-328,167,736,173,-799,-1012,-298,313,363,99,-53,-102,-57,122,463,552,325,70,-44,9,90,122,160,221,237,149,26,17,141,351,637,802,442,-13,-433,-273,72,241,215,142,-40,-174,-359,-239,-201,-201,16,8,1,12,9,52,2,40,-7,-134,-159,-139,122,194,-212,-801,-896,-442,-119,-110,-253,-194,162,598,797,427,5,-101,53,256,181,-132,-307,-164,-72,-208,-667,-726,-467,-207,-72,-59,-137,-170,-68,236,526,616,417,-17,-173,28,324,402,263,42
177,1,0.24791106581687927,737,6,-4,15,7,6,-4,2,-41,-299,-878,-1198,-996,-278,-117,-335,-483,-245,109,246,204,36,-93,-180,-116,104,271,155,65,-25,-35,23,90,123,80,42,-7,-94,-266,-419,-408,-244,-48,50,-8,-79,-114,-107,-115,-100,-67,-2,119,242,283,185,18,-2,-5,10,7,-9,7,-9,-47,-277,-831,-1167,-914,0,526,629,488,255,-16,-189,-161,-90,-89,-76,34,262,380,175,-22,-130,-100,-31,-2,-3,24,0,-19,35,215,371,266,-53,-241,-180,-102,-57,-75,2,85,88,25,-48,-96,-33,46,47,-1
177,2,0.33368414640426636,743,-14,-17,2,-32,-22,7,27,30,103,71,-29,-159,14,-12,-153,-409,-242,361,506,36,-459,-255,84,428,440,278,162,214,188,32,47,389,687,501,98,-138,62,196,109,-173,-518,-689,-384,-147,-66,-93,-136,-187,-57,156,219,215,168,-22,-47,8,-25,-4,-38,-16,-9,14,-2,-20,-268,-941,-1424,-1347,-671,-112,-30,10,74,499,1009,1137,690,17,-207,-405,-380,-188,-16,90,38,-117,-133,-276,-373,-452,-251,-63,139,23,-100,-162,-158,-215,74,288,400,156,103,180,218,184,-74,-79,31,23,-40,9
177,3,-0.07637785375118256,737,10,-30,-52,22,21,59,6,48,-105,-389,-373,34,635,281,-680,-1266,-791,3,319,71,-172,-231,6,428,838,743,321,8,-11,129,165,29,-68,58,166,38,-325,-374,-123,160,406,570,286,-100,-402,-114,335,589,498,136,-150,-151,-148,29,-11,-157,-6,-2,22,-2,25,17,-10,2,88,157,89,-198,-381,6,352,66,-455,-534,-363,-191,-177,-77,180,386,334,10,-231,-136,40,161,87,-176,-357,-298,-233,-256,-533,-581,-446,-367,-439,-591,-477,-154,218,371,388,327,168,-162,-173,77,465,499,363,200
178,1,0.2452307492494583,741,-11,-5,0,-10,-19,-6,-7,-33,-159,-418,-534,-309,215,602,724,597,263,-105,-234,-179,-51,-32,9,86,162,148,18,-92,-147,-147,-93,-69,-73,-53,-47,-40,106,384,545,372,4,-201,-173,-77,-11,-1,50,126,112,41,-72,-173,-158,-79,10,34,1,-6,-5,-1,-4,-4,5,94,526,1294,1537,1122,101,-193,46,234,110,-49,-115,-98,30,189,232,30,-321,-435,-205,-16,118,103,3,-100,-125,-94,-31,40,92,158,218,231,221,123,13,56,87,113,111,84,67,66,32,-100,-220,-288,-179,-12
178,2,0.3336840569972992,738,13,-10,33,-17,-35,-15,-10,17,236,844,1227,1134,348,53,135,344,67,-727,-1121,-757,-34,301,146,-3,-55,-135,-205,-373,-77,158,114,-133,-276,12,212,110,-201,-269,28,377,603,624,236,-196,-201,-48,12,-12,-174,-281,-212,-207,-94,31,66,-27,-8,48,-28,-26,5,19,30,90,300,768,867,702,414,38,31,-112,-208,-401,-635,-801,-502,-61,207,408,453,268,80,118,50,25,142,370,536,434,117,-45,-86,112,138,83,-91,-181,-219,-227,-309,-74,-142,-225,-153,85,194,203,68,-6,5,3
178,3,-0.07503829896450043,736,-10,21,50,-6,-9,-14,-16,-32,96,319,282,-156,-643,-124,626,788,113,-406,-426,-155,-8,53,106,63,-176,-409,-392,-117,78,91,-30,-161,-269,-281,-275,-235,-252,-257,-270,-359,-526,-778,-571,-129,367,354,149,-32,-129,-167,-19,168,448,368,285,231,-8,3,14,-15,-28,-57,11,-54,20,235,275,98,-301,-234,374,1057,1019,484,92,107,223,219,-65,-493,-838,-668,-179,31,-47,-223,-195,77,272,152,4,129,565,650,377,94,-57,-74,73,182,218,-122,-516,-659,-494,-3,230,74,-149,-303,-184,46
179,1,0.20636609196662903,739,9,7,3,-3,-6,-15,-5,-61,-406,-1185,-1603,-1385,-274,384,379,123,8,-41,-46,-12,-17,-127,-222,-126,166,370,215,1,-159,-189,-94,3,60,69,27,-43,-69,-10,44,-55,-212,-225,-105,-60,-61,-77,-79,-47,-9,-12,-34,10,125,214,186,44,-2,2,8,-6,10,8,-1,1,73,161,209,182,196,386,625,679,395,-5,-222,-184,-62,16,67,101,46,-31,-33,-49,-37,-46,-45,-82,-123,-101,-54,-28,102,341,547,481,158,-126,-185,-89,28,53,74,139,151,86,-43,-176,-242,-214,-104,-11
179,2,0.29884055256843567,741,-15,-22,-11,14,9,20,3,-7,-126,-479,-809,-802,-393,-104,-145,-228,-33,477,803,644,127,-208,-165,-48,8,93,187,248,107,-101,-125,14,113,-14,-175,-94,150,215,28,-245,-435,-431,-189,59,135,55,-5,12,118,166,134,114,80,0,-39,20,-5,-12,6,43,4,-9,-10,-48,-213,-553,-769,-652,-344,-115,-53,39,172,398,644,700,397,-5,-231,-344,-348,-199,-31,-10,-54,-60,-99,-250,-362,-339,-159,6,31,-47,-111,-98,-20,41,139,222,232,140,119,143,116,-8,-143,-118,-21,21,6,-3
179,3,-0.07503887265920639,741,-20,0,-5,-9,-18,-53,12,-41,20,162,208,133,-165,-188,303,913,972,504,103,78,185,173,-138,-541,-783,-506,-53,53,-81,-258,-185,123,339,219,68,189,620,659,390,159,92,137,224,209,100,-192,-527,-637,-461,11,206,2,-283,-378,-262,-36,16,-21,-43,24,0,29,16,29,-116,-386,-335,176,710,172,-735,-950,-270,316,386,97,-21,-60,-37,82,392,583,420,99,-54,-20,111,167,215,248,265,177,89,79,133,297,550,799,528,62,-450,-343,-10,240,258,154,-83,-208,-395,-266,-228,-231
180,1,0.2318292111158371,737,1,-13,5,7,-2,1,-6,-60,-331,-924,-1170,-919,-214,-95,-325,-461,-263,-10,109,114,20,-76,-171,-128,58,204,119,41,-50,-54,0,82,119,109,55,-16,-125,-284,-427,-391,-216,2,95,37,-32,-82,-117,-141,-119,-66,20,138,228,257,141,-1,-8,-7,8,8,-2,16,4,-61,-337,-954,-1249,-911,40,549,608,444,202,-12,-129,-84,-68,-122,-141,-19,174,263,102,-36,-131,-157,-103,-38,-10,4,-14,-34,26,232,368,210,-115,-265,-172,-74,-18,-30,18,79,102,45,-62,-92,-27,67,83,14
180,2,0.34976595640182495,736,1,14,10,-33,-25,-1,-1,41,111,115,4,-106,53,32,-19,-226,-220,189,297,13,-392,-210,82,393,460,343,194,237,190,-16,-12,323,624,446,29,-127,105,256,137,-106,-406,-553,-310,-167,-117,-121,-163,-172,-39,224,255,219,158,-4,-75,6,-20,-8,-36,6,7,13,5,-27,-223,-873,-1406,-1357,-723,-122,-88,-5,109,697,1283,1316,715,-33,-225,-384,-409,-249,-59,49,27,-94,-111,-258,-376,-450,-246,-104,72,21,-81,-99,-143,-249,24,256,371,141,100,150,191,146,-124,-113,12,19,-21,-7
180,3,-0.06565717607736588,738,-15,7,3,-15,-10,-44,-3,-52,2,196,283,146,-196,-299,178,962,1055,602,58,12,95,165,-26,-461,-812,-737,-245,12,-29,-248,-251,18,271,201,39,96,499,721,457,159,29,12,94,202,233,-45,-407,-657,-557,-131,189,76,-140,-311,-251,-43,16,-9,-38,13,4,9,12,50,-67,-313,-383,75,654,343,-413,-840,-234,381,434,109,15,-25,-47,-27,198,478,491,113,-92,-72,48,169,226,247,239,193,192,174,184,279,466,777,684,187,-379,-467,-186,122,219,186,-7,-162,-407,-349,-264,-225
181,1,0.22914984822273254,736,1,1,-9,-15,-13,-4,-1,64,429,1254,1598,1331,204,-384,-311,-39,61,81,47,-5,-3,141,255,150,-135,-332,-187,-16,128,144,70,-41,-91,-84,-52,12,53,23,-7,76,187,184,70,17,33,69,77,31,-18,-25,7,-26,-152,-240,-200,-62,1,-9,-10,-6,9,10,9,-7,-32,-45,-50,-83,-220,-448,-636,-623,-334,-8,138,105,29,-1,-36,-84,-68,-33,0,35,43,52,72,88,100,97,58,6,-116,-339,-544,-453,-124,172,193,79,-14,-44,-89,-166,-171,-103,37,186,209,162,61,-33
181,2,0.34038519859313965,739,19,-56,-40,-2,22,-2,-2,-97,-566,-1130,-1258,-752,-116,-67,-117,-122,577,1170,1122,508,-144,-201,-111,-46,69,113,229,228,-86,-163,-85,91,-16,-192,-247,29,221,91,-133,-421,-579,-280,44,277,51,-24,24,148,271,159,116,124,26,-76,-35,126,-42,2,48,18,-2,-28,-48,-189,-542,-862,-794,-561,-86,-40,48,208,342,582,771,729,100,-92,-394,-512,-394,-106,-81,-81,-60,-67,-312,-543,-513,-201,4,42,-56,-111,-88,86,115,162,148,323,120,141,186,160,-10,-192,-166,-147,-8,21,-11,12
181,3,-0.06699784845113754,741,9,-3,12,-2,17,22,-5,7,34,-29,-97,-147,-117,126,92,-373,-786,-709,-275,-79,-64,-117,-3,323,578,510,100,-27,40,224,215,0,-258,-225,-62,-108,-475,-779,-572,-327,-213,-308,-358,-243,-78,182,432,571,445,84,-220,-65,247,445,371,175,-11,9,41,9,-15,-23,-25,-45,38,314,466,63,-581,-535,316,1206,809,5,-375,-146,26,113,91,-121,-478,-746,-600,-123,79,15,-94,-161,-144,-155,-208,-153,-42,82,-14,-150,-333,-670,-624,-115,404,460,53,-343,-446,-236,45,149,301,225,151,169
182,1,0.26667192578315735,740,-2,-13,0,-17,-6,-5,2,74,373,895,983,593,189,249,448,412,136,-85,-124,-63,50,146,166,81,-106,-156,-67,-18,-9,-34,-71,-109,-122,-100,-37,31,156,349,449,326,97,-90,-96,8,40,75,111,155,159,66,-52,-205,-250,-227,-100,25,9,-13,-5,-13,3,-1,19,116,529,1212,1364,736,-200,-614,-547,-326,-128,49,64,7,46,170,175,-10,-250,-255,-75,79,140,140,55,5,-36,-29,-2,21,-48,-221,-271,-90,176,215,125,57,20,52,5,-91,-108,-37,46,43,-30,-132,-107,-31
182,2,0.3015199899673462,741,-1,-26,-25,11,-1,-1,-11,-21,-181,-541,-858,-812,-495,-184,-126,-49,113,412,725,788,473,3,-226,-339,-348,-198,-28,49,-6,-67,-126,-270,-379,-370,-190,-24,49,-9,-72,-83,-52,-39,76,193,274,187,160,154,126,23,-113,-128,-40,10,1,-2,-9,-16,-11,3,-10,1,-8,-5,32,250,522,588,276,-12,-4,139,50,-366,-669,-533,-89,157,67,-129,-188,-166,-179,-198,-82,116,132,-71,-221,-104,140,154,-105,-255,-84,213,411,421,233,43,-18,45,62,-4,-115,-220,-214,-188,-112,-7,57,9
182,3,-0.05761731043457985,740,-14,-3,-13,-1,-12,-23,-20,13,-29,-12,9,113,213,-40,-206,0,538,720,415,115,26,57,5,-231,-456,-436,-76,59,-33,-232,-270,-39,232,243,68,81,342,739,629,384,275,383,428,254,46,-225,-423,-509,-403,-124,182,76,-221,-426,-338,-165,33,7,-16,-15,1,18,37,23,-15,-264,-478,-161,469,630,-145,-1183,-1001,-227,320,248,36,-167,-144,45,439,804,721,245,4,17,66,155,132,161,211,154,-10,-173,-39,115,286,577,632,150,-341,-504,-77,370,538,323,-12,-182,-277,-196,-88,-131
183,1,0.22244752943515778,741,-18,-19,-5,-16,-4,0,0,-19,-62,-210,-341,-267,115,483,704,668,393,41,-135,-103,-39,-27,-12,61,135,146,77,-14,-93,-141,-124,-103,-83,-69,-49,-34,50,288,510,446,106,-167,-204,-102,-23,-24,31,129,179,125,12,-143,-194,-136,-34,24,-4,9,11,2,-14,-11,-12,41,356,1140,1579,1400,293,-295,-275,-52,-21,-31,-30,-31,22,161,284,172,-123,-334,-205,-44,81,91,14,-77,-117,-124,-81,-22,48,72,97,146,186,160,42,29,31,75,83,75,41,33,32,-24,-168,-276,-239,-61
183,2,0.34976595640182495,737,-18,-12,21,18,-36,6,7,-107,-199,-313,-220,-158,-260,-238,-189,143,113,-71,-24,227,252,9,-354,-547,-551,-259,-111,-172,-51,35,-195,-544,-615,-255,77,91,-47,-229,-31,287,474,390,197,181,219,186,192,142,-36,-309,-254,-268,-87,6,42,14,18,58,16,-6,0,-4,-11,79,450,1185,1457,1147,304,104,199,144,-305,-1125,-1421,-1002,-132,260,297,326,230,62,-83,-202,70,237,195,272,323,328,193,-31,-132,-117,51,153,309,241,-35,-350,-204,-117,-114,-171,-253,-130,70,1,-12,-1,5,-73
183,3,-0.06699760258197784,735,26,-4,-20,4,3,64,12,12,-204,-430,-264,273,667,68,-927,-1156,-586,133,303,121,-93,-134,84,509,873,673,277,12,103,198,208,59,53,198,178,-79,-516,-403,-128,128,397,459,101,-287,-405,45,518,665,372,-52,-244,-150,22,94,-32,-196,4,20,18,15,12,20,-9,41,130,219,22,-382,-318,217,520,-11,-546,-479,-219,-34,32,85,263,292,72,-314,-243,-46,162,211,-38,-289,-334,-198,-139,-261,-556,-520,-338,-302,-540,-647,-330,133,467,406,254,92,-30,-148,32,339,518,384,251,168
184,1,0.21306703984737396,740,-9,-13,4,-9,-13,-9,-7,-70,-392,-1098,-1456,-1200,-269,133,6,-176,-125,26,95,103,-5,-183,-299,-197,85,275,161,30,-72,-67,4,104,153,167,101,30,-70,-181,-276,-265,-185,-83,-4,-26,-52,-85,-108,-132,-105,-52,-1,98,232,315,221,30,-3,-12,-5,-5,0,14,-2,-29,-183,-606,-832,-637,77,546,696,599,345,22,-174,-142,-74,-94,-84,27,170,212,86,-50,-141,-177,-130,-80,-37,-27,-44,-27,61,306,498,368,19,-224,-175,-88,-29,-16,46,163,201,133,-12,-121,-108,-7,52,55
184,2,0.34038519859313965,739,-12,-69,-22,-21,-25,2,-8,-66,-354,-1134,-1446,-1263,-465,-164,-232,-95,201,896,1280,1159,354,-154,-343,-480,-440,-257,-14,107,-44,-178,-194,-366,-469,-437,-176,-13,133,41,-51,-34,-75,-159,72,335,290,189,163,194,200,45,-169,-142,20,21,16,69,0,-16,-12,25,2,-7,19,-50,-99,-73,45,137,-168,-241,-216,96,187,-172,-327,-111,214,103,-222,-489,-471,-240,-79,-95,-18,67,-54,-414,-544,-232,75,147,-103,-276,-71,260,465,457,193,121,164,150,159,124,-42,-284,-248,-197,-122,17,83,38
184,3,-0.05761626362800598,738,8,-4,-18,2,-9,7,19,-3,-116,-284,-178,266,526,-29,-597,-367,264,498,378,188,113,-35,-257,-257,21,402,416,144,-106,-208,-26,220,352,265,198,224,417,468,334,277,460,705,521,10,-472,-459,-246,-31,65,144,-20,-258,-501,-396,-288,-182,26,-12,-13,12,5,57,5,48,-94,-333,-347,50,565,275,-558,-1157,-853,-127,266,154,16,-108,14,437,826,712,337,44,106,257,220,1,-83,130,189,-12,-538,-599,-302,3,231,362,111,-171,-351,-17,420,629,433,-24,-250,-117,57,150,47,-125
185,1,0.2733725607395172,743,-4,-4,-3,-1,-2,-6,1,-47,-240,-572,-647,-439,-198,-286,-490,-536,-274,44,180,159,18,-87,-175,-145,-11,68,60,43,50,67,80,98,130,119,69,10,-153,-394,-503,-367,-93,111,105,15,-34,-60,-149,-203,-204,-115,23,172,218,190,74,-44,5,6,10,14,-5,-1,-19,-131,-610,-1333,-1531,-971,120,582,522,370,250,76,0,6,-58,-196,-219,-19,254,301,101,-69,-152,-143,-59,38,75,62,15,-15,13,138,171,41,-156,-182,-98,-84,-81,-87,-27,47,82,39,-25,0,101,208,140,20
185,2,0.33368390798568726,742,-10,-6,-26,-9,-5,-13,6,101,346,709,762,573,282,237,214,-3,-241,-500,-615,-544,-168,105,324,435,388,155,8,-12,51,89,217,373,412,276,68,-29,-14,49,23,-35,-75,-93,-167,-237,-189,-148,-145,-154,-64,91,166,115,15,-17,-30,-58,0,6,-10,6,-1,-8,-13,-32,-221,-572,-763,-510,-40,113,-89,-210,119,660,809,424,-79,-200,-60,51,91,138,183,129,-63,-173,-72,101,97,-110,-186,2,195,170,-98,-374,-457,-325,-76,65,39,-26,-8,89,182,204,173,128,38,-33,-21,69
185,3,-0.0669969767332077,738,5,-18,-11,-13,-14,-25,11,-15,-81,-191,-71,271,328,-129,-406,59,576,484,199,43,50,6,-243,-386,-225,206,289,105,-152,-291,-68,252,370,194,100,229,579,625,422,305,439,589,411,13,-376,-444,-342,-192,-23,179,53,-263,-544,-443,-297,-149,23,-10,-32,15,17,78,4,34,-147,-421,-357,163,702,211,-756,-1166,-691,35,311,155,-18,-161,-50,375,803,736,365,50,93,201,202,39,19,188,217,38,-387,-408,-158,110,399,543,213,-205,-458,-116,367,628,449,20,-253,-198,-90,24,-60,-186
186,1,0.2572914659976959,739,-17,-2,-5,18,-1,3,-18,-179,-728,-1308,-1267,-536,18,76,-125,-169,-9,99,133,81,-54,-203,-207,-28,203,171,69,-20,-30,15,84,142,149,107,38,-38,-148,-285,-350,-259,-138,5,4,-82,-107,-141,-169,-161,-98,-39,44,180,247,245,98,-36,1,20,13,14,9,16,-14,-129,-542,-973,-964,-285,345,637,614,436,188,-62,-114,-60,-84,-119,-34,145,280,181,0,-140,-202,-160,-77,-14,18,9,-11,2,147,354,394,166,-152,-205,-122,-67,-19,14,109,200,157,48,-76,-85,-13,70,64,28
186,2,0.35914668440818787,737,2,3,11,0,-13,-7,-31,-17,27,206,302,149,-151,-261,-26,217,38,-352,-406,-64,222,113,-170,-359,-306,-199,-164,-94,38,76,-134,-386,-312,-1,166,-9,-215,-173,117,410,490,343,140,49,79,103,81,-11,-169,-255,-231,-121,3,55,25,-57,-4,25,3,-23,-19,-2,18,137,498,928,954,571,174,171,257,88,-324,-800,-893,-544,-9,249,330,341,231,0,-99,-36,104,165,216,267,298,249,98,-80,-100,-35,92,161,156,26,-133,-254,-184,-137,-158,-185,-121,19,65,11,-17,-10,-20,-99
186,3,-0.08307909965515137,737,7,-9,-26,7,-17,-30,6,-15,-71,-176,-101,229,385,-73,-386,-18,546,515,180,-24,44,54,-190,-396,-286,128,299,129,-128,-284,-115,200,377,220,87,181,566,684,488,323,397,557,452,93,-323,-440,-379,-257,-104,129,77,-194,-520,-447,-309,-173,23,-19,-36,27,7,55,24,52,-111,-407,-405,66,712,361,-577,-1142,-738,-28,234,82,-43,-190,-148,260,726,769,448,95,99,225,217,75,-11,155,192,29,-390,-523,-266,48,339,559,287,-128,-485,-200,302,622,509,88,-219,-169,-96,12,-41,-169
187,1,0.23182938992977142,736,-3,2,3,3,-8,-1,-1,-46,-240,-720,-1067,-910,-302,115,80,-82,-78,47,119,106,45,-102,-240,-219,4,174,145,32,-41,-24,15,71,109,113,79,15,-66,-190,-303,-332,-227,-75,10,-29,-86,-115,-124,-126,-105,-56,-13,74,169,244,185,41,-7,-14,-17,-5,-4,-8,-4,-20,-180,-542,-852,-713,-73,403,554,520,353,99,-76,-92,-74,-105,-105,8,170,273,149,-20,-133,-144,-99,-46,-20,4,-5,-22,14,172,326,289,36,-166,-167,-104,-45,-40,8,96,159,91,-9,-76,-67,28,73,31
187,2,0.33368396759033203,740,2,-21,-3,-8,6,13,6,3,217,601,771,385,-182,-444,-71,275,-14,-693,-853,-274,256,236,-88,-372,-411,-375,-294,-193,42,186,-90,-489,-378,41,265,15,-270,-275,116,589,761,505,196,-39,138,151,23,-98,-275,-342,-279,-127,24,92,32,-137,-22,26,-13,-14,-17,47,29,150,524,1029,1028,711,153,157,168,-16,-345,-843,-942,-711,-108,143,314,437,393,175,67,-49,50,107,215,380,467,246,6,-124,12,63,71,-5,28,-146,-161,-384,-162,-172,-167,-190,-109,176,192,109,-27,-47,-1,-35
187,3,-0.04957600310444832,734,10,-10,-26,8,-6,-25,-19,5,-49,-177,-224,79,474,207,-303,-354,271,615,261,-52,-88,53,-1,-219,-241,59,370,172,-50,-243,-213,98,338,314,168,127,430,685,603,386,352,546,533,139,-267,-433,-354,-210,-117,51,80,-121,-459,-496,-341,-221,27,5,-18,7,15,24,49,33,-30,-283,-444,-115,476,594,-135,-1034,-986,-458,10,10,-17,-111,-141,148,641,912,613,137,38,202,246,139,-63,18,163,79,-256,-566,-395,-104,187,473,394,-55,-456,-373,137,570,586,182,-174,-193,-110,42,32,-138
188,1,0.24120977520942688,738,-5,1,10,7,7,1,-13,-138,-641,-1398,-1539,-917,128,605,567,366,189,1,-42,14,-42,-185,-218,-21,257,310,103,-63,-122,-77,-3,32,52,45,-2,-40,-3,101,126,6,-172,-182,-119,-129,-109,-116,-54,36,93,62,-9,-1,108,216,126,-1,-17,13,-6,-6,-13,-22,-21,17,178,459,511,343,177,275,455,481,221,-106,-252,-179,-42,65,155,141,49,-32,-43,-72,-73,-96,-109,-121,-128,-116,-66,-1,143,423,579,442,137,-98,-82,38,93,122,178,236,219,99,-49,-186,-207,-188,-106,-8
188,2,0.3430646061897278,742,-6,-17,-7,-45,-3,-21,-23,45,72,49,-90,-185,182,282,280,-72,-371,-227,52,-23,-290,-205,74,443,531,447,273,257,96,-31,11,359,552,256,-89,-221,-19,227,89,-178,-539,-572,-259,-147,-180,-143,-152,-118,58,284,263,214,140,8,-40,-10,-26,-15,-10,11,7,-1,-14,-63,-299,-997,-1437,-1293,-440,33,-10,8,205,853,1331,1242,440,-164,-311,-435,-424,-205,8,157,-1,-174,-217,-283,-376,-439,-255,-45,145,113,-29,-27,-160,-242,31,249,255,155,177,195,255,131,-100,-138,-22,-1,21,48
188,3,-0.0669974610209465,735,4,-12,-31,8,-19,-22,-19,3,-51,-154,-193,87,468,199,-261,-230,452,806,387,-21,-81,76,40,-176,-283,-38,313,169,9,-225,-243,31,292,320,202,155,469,760,685,465,323,451,471,172,-158,-357,-322,-246,-131,63,124,-113,-477,-522,-356,-200,24,4,-20,10,2,-2,36,23,-44,-297,-464,-131,498,605,-150,-1068,-948,-345,80,-14,-113,-192,-159,167,638,875,562,138,57,220,244,147,-37,58,193,89,-229,-487,-324,-53,165,441,339,-70,-489,-380,158,588,562,167,-215,-219,-105,85,74,-106
189,1,0.2572908401489258,741,3,-13,17,5,2,2,9,-7,-178,-678,-1161,-1106,-415,-13,-46,-226,-193,45,153,142,98,-24,-169,-188,-27,152,147,72,-2,-30,4,70,121,139,86,32,-64,-194,-401,-457,-326,-130,20,-14,-130,-139,-178,-179,-158,-130,-59,67,184,233,209,82,11,-13,-1,-3,9,3,8,-24,-186,-697,-1185,-1121,-285,374,671,648,481,231,-26,-44,1,-47,-134,-91,78,196,108,-31,-122,-94,-49,-31,-39,-31,-32,-31,7,157,356,355,112,-173,-204,-149,-98,-58,-37,53,138,156,60,-39,-54,28,97,49
189,2,0.34976595640182495,737,2,40,-34,-46,16,16,59,113,258,638,622,473,242,156,22,-254,-496,-662,-710,-714,-307,-63,297,582,629,379,193,135,64,7,161,481,609,328,-80,-213,-105,75,14,-217,-397,-363,-192,-176,-191,-123,-200,-190,-34,244,242,224,32,-10,-26,8,-4,-3,-20,-16,3,-26,-33,-57,-327,-985,-1337,-1126,-146,296,73,-198,-176,545,1014,822,66,-320,-185,-106,-18,205,350,415,28,-166,-102,57,51,-216,-346,-194,93,163,-57,-384,-625,-578,-134,175,98,43,87,183,288,252,146,66,45,14,6,89
189,3,-0.07637833058834076,734,1,1,20,-3,20,15,37,14,19,19,-32,-139,-204,52,154,-208,-827,-1069,-604,-157,-46,-128,-77,213,480,454,94,-75,6,263,301,95,-222,-308,-128,-73,-382,-757,-660,-422,-240,-241,-306,-230,-90,132,345,433,364,63,-264,-98,270,505,366,159,-25,-3,6,8,-16,-9,-20,-28,42,301,518,174,-489,-704,74,985,737,13,-285,-26,122,122,57,-81,-405,-746,-700,-250,-104,-95,-50,-88,-59,-137,-276,-201,-27,104,-25,-187,-279,-545,-533,-74,355,471,48,-403,-482,-241,106,289,332,206,83,136
190,1,0.24120938777923584,739,3,0,4,11,5,19,0,15,226,817,1309,1206,416,-45,-24,176,141,-62,-139,-147,-94,45,193,182,-42,-295,-206,-78,41,63,39,-54,-139,-163,-97,-45,51,187,344,390,282,125,-10,28,146,165,179,162,148,127,79,-25,-178,-241,-226,-71,0,12,-7,2,-6,-3,1,17,145,600,994,924,161,-406,-640,-639,-478,-168,86,74,-21,10,87,45,-103,-204,-88,47,109,69,-4,1,60,57,42,25,-45,-231,-430,-403,-109,176,211,136,69,43,18,-69,-136,-139,-44,72,75,-1,-48,-33
190,2,0.34038516879081726,740,-26,-42,-24,-32,7,-25,-29,-68,-385,-1164,-1501,-1281,-232,147,2,-164,-40,649,1095,979,187,-235,-266,-366,-256,-18,202,306,25,-132,-111,-126,-178,-370,-378,-208,80,76,-78,-313,-519,-477,-23,281,164,91,127,240,297,154,-35,-43,28,48,37,115,-16,-46,5,41,-16,4,-40,-74,-232,-529,-507,-340,-286,-129,-94,239,461,433,373,468,363,68,-313,-589,-588,-330,-107,-108,-62,-15,-108,-426,-590,-302,26,225,141,-55,-45,227,441,382,181,160,218,89,261,232,42,-212,-238,-236,-97,-31,38,0
190,3,-0.08308004587888718,740,7,2,-17,22,-3,23,37,-8,-265,-511,-241,372,768,10,-949,-865,-164,270,79,-141,-186,-61,103,453,767,690,253,59,100,84,101,5,68,274,231,18,-198,-50,158,294,548,573,143,-259,-411,-26,405,486,265,-47,-259,-284,-206,-77,-150,-219,-2,10,21,16,0,21,-8,33,41,51,-98,-265,-70,169,-43,-686,-1038,-684,-247,-110,-152,-37,248,471,401,36,-103,3,246,297,73,-288,-395,-235,-120,-342,-686,-589,-365,-224,-295,-398,-282,-71,205,355,399,353,99,-235,-121,239,503,408,201,49
191,1,0.2572910189628601,741,-7,-3,5,13,-17,-18,-15,-91,-383,-781,-825,-429,-97,-90,-269,-302,-104,86,150,102,-21,-133,-152,-44,158,215,135,32,-37,-57,-7,89,137,108,50,-16,-151,-341,-423,-318,-90,84,38,-90,-135,-133,-113,-112,-108,-75,14,133,194,172,74,-28,-23,-4,9,7,4,8,1,-104,-467,-962,-1039,-450,173,418,387,310,190,47,-5,6,-26,-118,-92,57,243,228,52,-85,-109,-48,-1,-5,-7,-25,-15,33,126,239,246,75,-130,-176,-156,-117,-109,-90,-29,33,55,-2,-62,-67,26,105,61,-8
191,2,0.33100441098213196,742,13,-7,26,-14,-31,13,43,34,226,828,1376,1355,784,140,32,14,-138,-557,-964,-1033,-706,-116,236,478,532,326,29,-94,-129,29,87,189,381,562,390,144,-30,-21,63,108,113,194,-56,-241,-439,-159,-183,-237,-255,-160,165,194,88,0,-46,-63,11,5,25,9,-1,1,-32,43,64,7,-87,-214,-63,245,190,-187,-501,-118,412,322,-187,-348,-65,396,504,414,226,185,233,1,-88,188,486,417,16,-289,-198,12,55,-165,-548,-662,-371,-149,18,-124,-128,-179,-33,201,252,264,213,81,10,-4
191,3,-0.07637867331504822,741,-11,-10,-32,20,5,39,19,28,-188,-476,-338,249,795,94,-865,-910,-153,461,450,130,-83,-107,-27,323,726,731,389,59,1,31,89,57,124,297,330,166,-82,-46,95,269,540,641,314,-123,-432,-143,243,385,250,67,-147,-222,-266,-131,-208,-253,-10,-5,5,12,28,33,-14,28,10,-4,-108,-190,-28,162,-87,-695,-952,-572,-181,-76,-184,-117,183,527,573,145,-127,-62,212,320,83,-314,-485,-317,-149,-265,-642,-595,-327,-158,-203,-282,-256,-75,166,344,450,434,232,-130,-185,134,425,403,219,29
192,1,0.1969846934080124,742,-4,-11,-21,-19,-10,1,11,124,633,1347,1512,976,32,-217,3,156,49,-73,-129,-132,-4,180,248,46,-300,-376,-191,-21,89,102,16,-86,-154,-154,-101,-38,54,165,276,291,215,71,43,149,196,216,131,58,15,43,33,-62,-188,-264,-146,26,7,-11,-17,-3,4,10,8,45,210,495,586,296,-189,-475,-580,-564,-357,-65,66,25,25,47,-6,-124,-235,-195,-31,106,153,102,38,55,85,93,65,4,-197,-487,-600,-380,-5,199,164,90,0,-1,-54,-123,-142,-79,47,161,131,58,20,-4
192,2,0.30554190278053284,738,8,38,-6,15,-12,33,12,98,489,1157,1335,1071,302,185,175,-43,-397,-828,-926,-863,-294,48,354,607,504,260,14,-95,-22,-22,81,384,593,549,172,52,-35,89,149,113,45,9,-150,-398,-237,-242,-219,-261,-191,70,251,189,35,-49,-59,-100,22,5,32,12,5,-28,7,21,-31,-175,-330,-338,178,290,31,-453,-335,435,769,325,-321,-273,93,417,400,223,145,205,24,-174,-37,331,483,204,-150,-273,-34,124,-7,-375,-557,-508,-209,-26,-136,-113,-102,-62,120,198,235,154,118,23,-22,62
192,3,-0.040195148438215256,735,-2,5,-7,7,7,46,9,44,-50,-273,-368,-66,390,349,-255,-1015,-901,-233,169,54,-121,-181,17,495,900,801,360,30,116,292,191,-127,-329,-140,135,18,-421,-624,-355,-85,121,222,80,-103,-186,67,384,580,417,-9,-271,-124,109,251,126,-101,-7,24,-5,-23,4,5,-24,-26,83,310,316,-198,-683,-175,466,530,-159,-507,-375,-99,-60,19,178,208,-81,-488,-613,-267,65,180,29,-254,-425,-452,-384,-294,-324,-349,-291,-307,-436,-646,-494,-38,410,401,175,64,20,-86,-4,228,486,387,300,238
193,1,0.27069318294525146,742,-1,-7,0,-7,9,-9,-11,-2,60,187,263,211,161,287,470,561,441,135,-110,-149,-81,-11,65,128,101,29,-29,-98,-122,-96,-60,-84,-140,-148,-116,-61,114,413,663,555,200,-111,-198,-75,46,60,63,116,155,129,4,-169,-228,-197,-97,-11,-16,-6,-11,1,-2,-26,-10,46,434,1191,1584,1339,215,-350,-331,-170,-177,-159,-94,-78,-16,135,233,87,-237,-420,-242,-42,74,106,56,-35,-71,-80,-59,-27,12,-41,-60,58,195,207,122,134,179,177,124,32,-35,-25,8,14,-80,-183,-156,-20
193,2,0.3591465950012207,740,-3,-6,-9,-16,-19,27,19,-38,-8,192,438,493,13,-272,-143,320,536,-74,-734,-615,115,338,43,-312,-398,-270,-170,-136,-60,186,150,-179,-479,-281,33,236,55,-162,-116,194,443,586,271,86,44,104,136,94,-54,-231,-202,-168,-162,-70,35,-1,18,19,32,14,-3,20,20,44,237,811,1217,1113,482,238,273,105,-282,-789,-1084,-1022,-441,-7,334,618,571,412,104,-46,-75,-11,80,316,519,599,263,71,-13,124,176,146,-17,57,-114,-249,-304,-272,-245,-236,-160,-35,268,283,97,-4,-56,-89
193,3,-0.03885499760508537,737,1,-3,-2,26,9,26,48,36,-94,-405,-495,87,762,395,-421,-925,-378,112,137,-59,-27,-65,-160,26,502,888,794,315,25,-20,56,176,220,311,345,230,45,-16,80,225,424,623,440,-23,-427,-351,-26,216,219,99,-161,-352,-425,-262,-183,-214,-8,10,-2,-3,15,42,-8,11,10,-34,-150,-163,-31,194,56,-537,-766,-399,-44,-38,-195,-180,144,617,814,603,115,-43,151,322,174,-206,-429,-269,-6,-98,-511,-733,-506,-297,-182,-199,-240,-141,48,266,434,505,320,-91,-241,26,355,452,312,70
194,1,0.2291499227285385,744,5,8,2,4,-2,0,4,-127,-566,-1148,-1210,-662,-77,-27,-229,-249,-82,40,72,78,-7,-132,-199,-72,155,198,116,43,10,4,58,119,142,131,97,-1,-171,-391,-523,-397,-206,16,39,-73,-103,-139,-149,-135,-114,-56,44,194,240,216,86,-35,-7,11,17,9,7,14,-17,-118,-520,-1045,-1122,-506,247,536,489,363,221,40,-10,-1,-57,-155,-97,111,326,271,42,-130,-145,-75,-29,-32,-40,-27,-21,-2,138,368,407,152,-187,-254,-204,-179,-129,-87,21,114,137,58,-63,-104,-60,25,19,-23
194,2,0.34976598620414734,743,-5,37,-13,22,8,26,-35,108,422,1048,1103,811,231,292,370,30,-314,-853,-950,-798,-178,192,516,611,526,284,59,-68,-30,5,184,439,595,433,54,-15,23,158,158,28,-75,-146,-189,-407,-216,-286,-267,-231,-119,193,294,257,83,-28,-61,-56,20,9,-1,8,19,-31,32,13,-70,-470,-631,-416,149,216,-147,-546,-226,656,883,356,-231,-255,26,383,364,282,146,119,-95,-285,-65,336,427,77,-216,-192,33,139,-24,-337,-433,-372,-201,28,-134,-121,-71,15,176,202,222,139,109,7,-40,63
194,3,-0.05627649649977684,738,12,1,-28,14,-4,-19,9,-11,-22,-63,34,180,236,-29,12,550,841,424,-61,-76,129,166,-167,-550,-633,-307,52,56,-146,-279,-95,248,438,333,89,134,497,691,547,370,316,391,363,145,-145,-372,-442,-420,-212,127,196,-95,-418,-495,-359,-128,-22,-6,32,39,26,36,30,28,-92,-401,-501,58,719,344,-557,-1014,-355,364,401,-22,-169,-170,-95,198,687,994,733,196,-22,25,134,153,144,205,271,126,-130,-219,-97,117,387,531,284,-99,-458,-272,110,360,317,71,-230,-281,-289,-105,-71,-164
195,1,0.20368660986423492,739,-15,-15,-14,-13,-8,-10,-6,96,551,1339,1586,1180,97,-344,-179,65,127,74,-23,-91,-44,119,244,92,-280,-414,-175,6,72,12,-52,-74,-82,-107,-84,-40,37,112,166,234,254,162,83,135,167,168,121,57,38,40,39,-58,-206,-277,-169,-1,1,-18,-17,-31,-22,-3,0,10,78,186,260,166,-141,-367,-461,-422,-247,-42,40,30,17,19,-8,-90,-200,-173,-4,154,208,138,66,83,108,116,111,60,-137,-446,-631,-472,-65,227,231,150,45,9,-49,-132,-152,-121,0,130,141,98,56,35
195,2,0.34976595640182495,738,9,46,-3,-19,6,15,-7,188,736,1323,1276,729,164,203,176,-98,-611,-1240,-1256,-694,-28,348,529,534,365,104,-21,-86,34,151,246,385,518,276,61,-41,25,72,117,67,175,-35,-194,-441,-204,-212,-199,-168,-81,249,268,117,26,-19,-11,-56,-14,25,21,21,-10,-29,53,76,23,-129,-248,-23,224,238,-106,-465,-190,368,368,-59,-201,-8,403,578,510,228,56,27,-84,-146,184,505,398,73,-177,-92,80,107,-95,-334,-469,-274,-207,-100,-184,-186,-136,23,253,287,242,210,77,-53,-59,41
195,3,-0.04689590260386467,737,3,-13,6,4,12,27,23,20,21,-50,-136,-193,-99,201,182,-249,-688,-543,-98,31,-42,-112,73,458,738,668,231,51,107,324,287,-10,-366,-384,-135,-49,-366,-730,-590,-401,-238,-238,-236,-237,-109,96,322,499,474,143,-217,-170,151,428,418,243,-21,14,-10,-20,7,-13,-21,-26,70,307,524,151,-593,-671,133,858,505,-144,-377,-199,-74,57,154,145,-268,-750,-847,-383,-66,31,35,-114,-171,-243,-280,-199,-28,68,-104,-268,-429,-614,-499,-2,434,517,130,-259,-379,-269,4,282,401,328,206,235
196,1,0.21574756503105164,736,2,8,7,-3,1,0,-8,-48,-244,-701,-1016,-795,-62,421,506,404,264,90,-8,8,-6,-84,-130,-30,181,308,146,-37,-112,-60,-20,-47,-81,-54,-13,-18,55,220,347,266,-2,-184,-205,-176,-113,-87,-3,85,136,89,-12,-78,-48,65,74,-6,5,3,2,-2,0,1,-14,24,259,711,1006,781,202,-30,103,272,235,51,-86,-124,-82,49,151,129,-38,-183,-127,-45,-34,-48,-86,-98,-119,-111,-89,-49,66,231,377,358,191,20,-30,35,95,106,112,93,100,73,26,-87,-198,-238,-141,-8
196,2,0.3658478260040283,741,-7,-54,-9,28,-17,-12,29,-148,-679,-1225,-1251,-520,15,-69,-303,-269,557,1365,1384,451,-208,-347,-268,-122,88,121,142,94,-172,-243,-106,-14,-168,-214,-183,27,87,9,-187,-348,-485,-213,29,211,90,114,149,203,177,-2,-52,80,68,9,1,113,-34,2,30,0,14,36,-12,-214,-529,-724,-619,-449,-160,-301,-205,235,467,478,505,438,63,-231,-528,-590,-484,-130,-17,14,-19,-37,-272,-488,-456,-158,52,133,18,-38,-25,84,111,163,221,318,118,142,124,42,-159,-237,-178,-134,-39,21,36,45
196,3,-0.08307940512895584,735,-19,3,1,-31,-14,-24,-21,-26,62,286,386,115,-431,-493,176,960,906,340,-149,-68,47,121,60,-304,-668,-728,-482,-233,-243,-303,-173,25,187,103,-99,-39,374,718,505,199,-86,-267,-115,217,443,237,-205,-572,-558,-232,150,208,37,-180,-181,32,22,4,-9,22,-18,-8,23,3,-44,-221,-298,140,566,243,-213,-161,538,865,430,-30,-128,-67,-139,-258,-148,275,572,339,60,-174,-108,157,363,398,291,222,317,395,374,363,441,602,476,46,-357,-404,-189,-17,49,86,42,-185,-405,-423,-357,-313
197,1,0.21306754648685455,738,9,3,-13,-22,-9,17,4,56,340,859,1099,751,12,-423,-441,-329,-223,-115,-57,-62,-9,85,130,32,-164,-242,-102,68,87,13,-18,6,21,-20,-4,21,-18,-194,-305,-186,61,197,170,143,96,66,-5,-125,-161,-105,-4,43,-6,-103,-92,16,-6,-14,-5,-9,4,13,10,-42,-262,-674,-848,-592,-135,-26,-156,-232,-87,119,167,81,-23,-114,-166,-135,10,123,100,63,46,76,95,102,105,71,59,28,-72,-284,-406,-349,-145,23,51,-33,-87,-88,-103,-132,-127,-100,-25,102,189,198,81,-15
197,2,0.3403852880001068,743,-18,29,-14,2,-2,-13,-4,115,403,870,960,762,331,384,304,-90,-528,-716,-653,-613,-327,-124,319,698,729,439,67,-90,-55,-103,98,462,641,519,102,-83,-80,18,-25,-48,-79,-84,-230,-365,-200,-156,-176,-220,-52,211,253,145,-38,-91,-74,-5,30,-32,8,7,-21,-25,-6,0,-208,-611,-898,-693,29,376,28,-411,-331,423,889,525,-139,-379,-112,106,138,178,156,141,-106,-335,-144,185,278,-6,-242,-146,117,185,-104,-486,-540,-432,-160,133,18,-4,30,103,218,227,169,82,56,5,-8,104
197,3,-0.06029614433646202,736,-22,22,27,-33,-7,-39,-2,-33,152,444,342,-260,-767,-136,878,957,159,-437,-367,3,174,230,207,-38,-400,-616,-439,-192,-21,-33,-166,-186,-238,-295,-277,-127,63,111,38,-128,-426,-627,-322,187,605,393,-15,-337,-380,-183,137,341,401,246,181,192,-18,10,4,-12,-11,-37,12,-22,29,96,178,163,-101,-199,253,932,1039,541,171,85,144,27,-218,-498,-631,-269,79,138,-94,-338,-213,141,385,255,94,214,590,641,371,117,18,87,234,203,50,-183,-319,-341,-204,133,211,-64,-372,-404,-241,-45
198,1,0.23852938413619995,742,-1,13,5,4,0,2,-6,-155,-610,-1131,-1150,-591,-43,-12,-202,-259,-104,103,171,159,17,-160,-198,-46,199,214,83,-21,-52,7,82,118,100,59,34,-45,-184,-377,-447,-347,-195,-9,8,-68,-86,-102,-118,-114,-50,11,96,233,264,219,57,-64,-1,13,10,-4,5,3,-20,-149,-635,-1153,-1191,-535,263,530,441,288,129,-22,-34,12,-95,-188,-97,136,331,211,2,-160,-207,-188,-97,-21,34,22,-37,-68,60,238,236,-18,-267,-252,-167,-152,-111,-88,27,143,200,117,-15,-38,33,136,115,41
198,2,0.30554190278053284,738,-16,-5,5,-31,0,0,-33,-132,-417,-663,-650,-478,-228,-224,-46,504,845,585,410,426,191,-39,-255,-534,-464,-137,-1,3,-30,-62,-186,-463,-440,-132,26,57,-80,-172,-33,223,270,211,155,297,240,226,184,118,-104,-281,-214,-216,-54,17,4,10,22,66,10,-21,-5,10,-12,59,509,1083,1266,814,101,-22,79,187,-468,-1248,-1365,-656,114,304,119,27,-143,-167,-186,-301,-23,84,72,92,288,353,307,39,-131,-142,39,326,555,330,19,-223,-56,-10,-66,-153,-203,-92,-12,-124,-93,-49,-4,-88
198,3,-0.06699750572443008,735,-2,6,-10,-24,-15,-34,-34,-40,70,323,369,7,-519,-310,511,1198,853,5,-431,-163,117,341,239,-272,-762,-784,-432,-76,-83,-206,-121,47,106,-96,-198,-29,425,600,403,87,-160,-329,-120,177,445,143,-317,-557,-429,-67,157,101,22,-114,-86,27,-5,4,0,17,-7,-4,17,15,-48,-215,-193,141,448,81,-260,-15,578,754,489,151,115,29,-201,-278,-139,284,397,159,-76,-191,-16,271,421,326,202,163,427,639,626,469,404,442,308,-3,-319,-361,-250,-180,-107,54,40,-117,-475,-501,-415,-280
199,1,0.22914962470531464,737,-6,2,-3,6,2,-2,7,18,94,313,467,370,-77,-424,-637,-694,-533,-174,53,9,-50,-16,-8,-105,-216,-202,-67,50,130,163,147,111,110,118,111,113,-30,-351,-582,-447,-32,291,281,177,53,13,-52,-143,-157,-104,11,119,133,59,-20,-40,-8,-14,3,-4,-7,3,-5,-64,-400,-1161,-1573,-1320,-235,274,280,131,123,155,101,116,56,-124,-284,-220,51,231,124,16,-29,-7,10,12,23,43,70,64,1,-78,-183,-263,-254,-193,-68,-95,-113,-113,-94,-61,-4,23,12,33,119,196,167,6
199,2,0.3122430443763733,740,2,8,8,9,-18,-4,6,-15,107,446,817,904,407,-79,-85,233,367,-261,-909,-871,-199,335,339,144,39,-9,-180,-322,-201,62,130,-70,-274,-63,211,238,-52,-308,-207,150,510,586,291,-13,-154,-18,38,-14,-108,-177,-135,-123,-153,-124,-58,-40,-12,16,17,-1,3,-13,-2,20,181,647,942,873,509,182,189,53,-264,-675,-841,-783,-439,-44,156,267,339,257,72,-13,-23,50,116,266,423,451,194,7,-53,62,93,11,-88,-35,-89,-194,-329,-240,-267,-223,-113,86,234,183,26,5,7,23
199,3,-0.09513980895280838,734,-8,-5,-32,-5,-9,-17,8,-14,-19,-61,-8,149,209,-51,-148,253,757,950,627,326,227,60,-175,-367,-450,-238,62,87,-45,-203,-91,203,437,386,214,271,661,915,690,356,159,220,318,188,-81,-274,-383,-384,-245,71,229,10,-377,-501,-404,-211,26,3,-28,8,0,9,26,12,-67,-351,-450,-18,652,592,-212,-857,-606,4,290,156,70,-86,-152,153,562,779,439,22,-41,164,254,238,93,145,227,137,-154,-312,-162,10,271,567,379,-99,-576,-394,130,539,455,109,-166,-202,-186,-53,-31,-158
200,1,0.24791008234024048,742,-16,13,7,3,1,6,13,73,403,944,1029,620,131,98,284,344,171,-9,-83,-101,-3,114,172,109,-68,-173,-146,-117,-53,-29,-63,-119,-150,-132,-91,-27,125,319,399,274,119,-41,-53,48,82,123,128,99,58,-6,-59,-159,-211,-228,-116,17,3,6,-4,-16,-17,-25,-5,118,533,1171,1311,672,-209,-570,-544,-476,-431,-245,-101,-61,54,159,151,-40,-272,-230,-42,88,117,88,48,37,19,-6,-1,1,-82,-271,-309,-122,167,240,154,131,83,57,-9,-56,-56,-18,45,33,-14,-105,-81,-37
200,2,0.35914671421051025,743,-20,-1,-39,-23,-9,10,19,2,-188,-786,-1359,-1316,-588,-136,-209,-322,-153,692,1333,1177,413,-167,-201,-148,-174,-116,-4,152,43,-208,-220,-172,-52,-174,-206,-157,142,207,5,-218,-364,-476,-112,192,288,98,93,109,155,202,10,17,65,56,17,25,-5,-41,13,37,-1,-11,31,-46,-190,-510,-617,-466,-383,-129,-241,10,373,452,401,456,423,30,-289,-520,-505,-301,-48,-37,-23,-72,-149,-394,-547,-314,42,229,96,-188,-263,-95,127,113,104,214,353,231,235,212,146,-47,-142,-189,-223,-119,-3,27
200,3,-0.02277402952313423,741,-12,22,9,2,22,35,42,-3,-192,-384,-265,251,569,29,-821,-936,-311,377,502,231,-60,-110,158,630,855,499,116,-45,156,194,-2,-226,-105,201,226,-163,-669,-505,-182,96,274,173,-179,-384,-287,157,484,535,230,-128,-256,-94,130,209,61,-148,4,10,14,18,12,3,-25,59,182,319,70,-478,-406,222,568,-49,-584,-572,-334,-218,-138,38,285,263,-107,-462,-326,-29,278,296,30,-286,-411,-340,-230,-213,-336,-323,-227,-291,-609,-627,-204,422,700,441,72,-81,-152,-96,116,386,451,318,222,231
201,1,0.23182962834835052,743,-15,17,-2,0,-1,-7,-4,25,253,874,1279,1099,162,-456,-579,-407,-211,-67,10,-44,-55,77,135,-15,-252,-376,-164,14,86,66,40,25,-19,-91,-92,-51,-39,-174,-323,-226,78,291,259,176,118,78,15,-57,-100,-99,-33,25,25,-65,-123,-53,7,-13,-4,-4,4,5,1,-51,-242,-777,-1127,-968,-301,-37,-164,-345,-301,-55,153,236,139,-46,-195,-213,-90,78,59,18,-36,-48,-6,73,118,123,74,30,-81,-225,-337,-272,-93,85,113,34,-26,-42,-99,-155,-139,-47,31,135,213,231,177,35
201,2,0.3336839973926544,739,-30,16,32,-8,-36,-6,-27,22,335,907,1203,979,274,101,145,100,-400,-1170,-1271,-644,148,271,149,48,-66,-75,-187,-390,-106,47,73,66,77,123,134,16,-153,-118,82,278,514,387,81,-225,-91,31,-29,-123,-237,-222,-95,-189,-109,-35,1,-46,8,20,-27,12,33,4,-33,120,364,777,810,595,266,187,349,83,-208,-523,-688,-655,-287,133,457,534,451,119,-11,-6,39,70,154,267,365,240,6,-79,6,165,175,87,-27,-64,-127,-329,-277,-223,-244,-291,-170,55,149,220,61,-12,-41,-40
201,3,-0.048236191272735596,735,10,28,3,41,25,12,-23,37,172,283,38,-459,-420,173,593,244,-253,-440,-400,-354,-219,10,290,282,-5,-420,-398,-123,190,264,-28,-277,-304,-171,-173,-361,-571,-469,-273,-228,-456,-657,-351,202,473,330,68,7,-16,-64,90,337,433,287,201,192,-17,-7,10,-30,-13,-38,-16,-26,193,437,257,-312,-749,-184,726,1100,822,340,110,38,75,57,-126,-487,-736,-517,-64,66,-128,-206,-120,84,16,-235,-152,178,565,387,133,-116,-269,-189,182,516,372,-212,-698,-692,-287,169,251,72,-151,-193,-53,162
202,1,0.25059014558792114,739,-6,-7,-4,-13,-16,-12,15,-12,-191,-589,-879,-729,-262,-82,-200,-297,-122,127,242,199,96,-42,-139,-113,26,131,97,46,-12,-25,-13,43,91,136,86,37,-70,-199,-302,-275,-145,10,92,30,-23,-49,-63,-71,-43,-14,18,85,177,215,167,55,4,-5,-6,-3,2,-5,-9,-48,-225,-652,-988,-747,-59,385,510,531,428,209,-16,-77,-57,-75,-72,8,151,209,70,-55,-102,-75,-38,-30,-12,3,1,-32,-8,100,194,117,-76,-203,-157,-111,-96,-92,-53,18,53,37,-24,-37,-1,61,68,20
202,2,0.3591465950012207,742,16,-65,-14,8,34,37,48,-123,-520,-1247,-1362,-890,-115,-185,-340,-162,336,1091,1269,756,3,-322,-478,-396,-257,-73,77,259,10,-103,-221,-262,-359,-275,-112,26,-24,19,-148,-238,-256,-212,97,448,218,138,114,178,199,-18,-140,-37,19,11,-6,79,-5,-14,-12,-29,-5,-40,-48,-106,-265,-367,-257,-53,92,165,386,490,272,-23,36,280,237,-100,-543,-667,-524,-187,-33,-97,-31,3,-197,-512,-520,-207,30,-36,-280,-252,8,302,278,152,148,230,350,296,232,145,-56,-206,-242,-206,-61,54,32,-13
202,3,-0.03215452656149864,741,11,-5,-22,17,-6,-8,-31,-9,-36,-13,7,95,165,-242,-469,-173,496,734,424,167,147,178,-5,-369,-586,-413,104,191,6,-344,-395,-28,322,367,146,122,381,765,713,435,296,381,343,91,-233,-363,-319,-271,-202,23,141,22,-224,-381,-331,-224,10,-15,-1,1,9,7,45,26,-43,-276,-497,-168,535,728,-37,-909,-809,-167,283,249,121,-94,-132,37,506,858,686,253,30,70,73,109,66,204,344,271,73,-147,-94,31,234,596,533,-24,-622,-621,-44,451,422,41,-273,-306,-239,-87,-12,-77
203,1,0.28275468945503235,744,-21,8,18,4,1,2,-9,-30,-174,-344,-342,-57,305,594,756,713,349,-71,-238,-173,-70,-23,26,89,132,80,-6,-65,-26,-3,-11,-52,-69,-54,-31,62,203,400,399,157,-169,-269,-223,-113,-54,-24,26,74,87,31,-47,-122,-112,-59,4,49,-3,5,-6,-16,5,-18,15,193,781,1501,1509,714,-60,-110,220,389,216,-26,-152,-122,66,226,211,16,-186,-142,-6,64,44,24,6,-37,-69,-121,-95,-50,70,146,191,233,222,59,11,46,96,145,111,12,-69,-39,-43,-152,-232,-280,-154,8
203,2,0.34976598620414734,736,-24,-3,18,-9,-28,32,-21,-160,-461,-729,-688,-652,-438,-352,-124,209,413,487,546,526,115,-228,-348,-492,-451,-152,-58,-51,-103,-98,-192,-356,-348,-82,76,94,-52,-201,-158,60,126,134,160,324,298,258,251,238,51,-189,-240,-247,-48,69,89,75,-12,37,37,3,-15,-20,-16,82,535,1064,1285,778,102,-5,95,6,-788,-1334,-1077,-307,190,150,67,-59,-135,-168,-279,-269,4,117,71,-3,57,207,176,-109,-261,-116,92,340,636,321,-31,-328,-134,-29,-31,-47,-121,-80,-74,-87,-35,-2,-4,-39
203,3,-0.08575975894927979,739,12,-16,-27,-18,11,9,11,10,-128,-413,-348,264,1038,725,-232,-1113,-818,-71,416,359,120,-71,-41,282,758,858,433,-1,-112,45,136,148,114,170,146,33,-143,-184,-23,142,368,524,221,-222,-424,-191,187,297,80,-152,-241,-233,-171,-101,-70,-173,4,31,7,28,-5,20,-3,19,37,47,-18,-244,-337,-110,-39,-418,-716,-581,-239,-141,-244,-231,103,533,588,145,-213,-196,63,256,175,-178,-373,-236,-92,-132,-467,-618,-409,-365,-424,-459,-264,40,308,446,401,355,193,-96,-74,115,394,406,280,175
204,1,0.23182864487171173,739,3,-1,4,17,7,-4,0,-21,-230,-830,-1368,-1273,-560,34,16,-283,-350,-75,167,250,146,-88,-269,-281,-130,61,48,18,2,1,-3,21,47,65,76,74,31,-57,-163,-268,-254,-138,54,67,-32,-88,-123,-115,-44,-2,16,72,187,220,211,78,4,-4,2,-2,-6,5,9,-17,-145,-565,-1006,-1068,-548,66,330,438,433,250,-25,-131,-75,-72,-75,17,173,279,157,-17,-121,-116,-72,-27,-6,14,-14,-46,-43,90,287,314,73,-236,-290,-210,-119,-41,4,73,117,109,18,-58,-59,29,110,104
204,2,0.30554187297821045,738,-8,13,9,-20,-4,0,-11,12,-70,-424,-748,-723,-310,-20,-121,-277,-194,499,1155,996,93,-497,-358,23,123,33,129,323,226,-160,-337,-75,226,92,-181,-246,54,340,255,-109,-431,-642,-287,19,178,-85,-180,-99,71,236,210,148,101,42,-6,9,6,-28,-8,8,-2,2,-22,-34,-227,-716,-1053,-1023,-602,-35,6,-52,111,421,670,765,594,226,-53,-309,-432,-402,-112,-99,8,23,-18,-198,-384,-383,-59,78,123,-128,-134,-93,85,59,133,112,333,134,172,118,76,-69,-223,-170,-70,-2,38,80
204,3,-0.12060175836086273,738,31,1,-24,13,-43,-46,4,-12,-133,-369,-242,359,1313,1256,22,-816,-652,20,218,141,-51,-119,-5,266,528,491,223,25,80,219,228,190,123,202,148,-38,-323,-396,-202,39,325,436,88,-421,-527,-110,341,653,461,142,-71,-129,-40,73,106,-68,3,22,23,17,4,11,-2,43,84,204,149,-97,-96,176,119,-358,-728,-521,-249,-98,-119,-21,211,330,147,-292,-339,-159,136,286,127,-180,-321,-256,-145,-162,-491,-595,-432,-411,-512,-544,-282,97,406,433,362,375,324,57,-67,-4,231,293,237,220
205,1,0.21976765990257263,743,12,3,-17,-11,2,5,-17,-48,-223,-568,-786,-582,-30,482,868,893,504,5,-200,-114,-8,38,102,267,439,374,136,-37,-68,-10,-3,-40,-84,-49,-20,-49,-18,130,260,162,-156,-391,-339,-199,-55,-34,-18,28,85,85,3,-77,-103,-69,-13,38,-3,-7,-5,-4,-2,9,4,84,469,1061,1198,642,69,103,389,451,244,11,-142,-181,-31,154,252,126,-121,-216,-80,70,133,61,-80,-215,-277,-213,-91,39,150,247,283,251,189,61,-8,90,151,166,98,17,-24,16,34,-84,-252,-343,-211,-7
205,2,0.33100447058677673,741,7,-24,-4,27,-9,0,8,-75,-225,-264,-83,117,-95,-267,-302,27,145,-69,-103,211,392,105,-205,-347,-509,-378,-141,-95,-18,-15,-48,-206,-394,-232,-39,54,-105,-276,-228,65,319,478,283,238,248,189,105,72,23,-201,-257,-236,-145,36,143,144,26,22,33,23,40,-39,-31,15,288,928,1367,1216,522,216,318,434,100,-719,-1350,-1190,-403,151,287,421,442,241,-2,-315,-199,13,112,248,352,457,268,45,-141,-60,76,261,211,324,0,-281,-393,-136,-53,-62,-159,-152,100,95,-26,-88,-84,-123
205,3,-0.18358738720417023,737,4,3,22,16,-11,-17,16,3,-22,-74,58,590,1326,1265,308,-557,-729,-356,-24,34,-99,-180,-71,184,476,429,163,19,23,164,160,37,-96,-55,-8,-121,-353,-511,-337,-149,-3,25,-12,-122,-96,27,216,344,311,112,-58,-83,61,119,112,35,-12,15,11,13,16,28,10,8,54,193,174,-214,-676,-461,276,714,399,-64,-223,-207,-145,-65,30,46,-55,-181,-252,-229,-134,-32,40,-25,-159,-264,-229,-163,-152,-148,-134,-127,-244,-371,-293,25,311,377,218,59,57,64,84,161,246,220,143,120
206,1,0.26667219400405884,739,-19,2,7,-12,-5,-11,4,27,88,192,308,461,546,580,579,538,246,-108,-262,-218,-64,101,204,224,127,-4,-81,-80,-48,-64,-167,-260,-259,-171,-64,-7,119,308,359,153,-159,-300,-220,-84,-43,-18,29,75,112,99,4,-145,-191,-152,-39,91,6,-6,-1,-11,-15,-20,13,214,872,1538,1500,498,-479,-568,-142,57,11,-42,-88,-118,18,138,124,-27,-238,-203,-69,24,83,62,19,-31,-17,13,88,182,163,63,2,41,134,130,106,177,202,184,64,-43,-76,3,43,-40,-95,-114,-39,18
206,2,0.30286237597465515,736,-32,-26,6,-42,12,-74,-58,-3,-23,73,-9,-22,19,364,642,513,66,-658,-923,-409,159,343,107,-249,-259,-218,-347,-402,-171,4,2,-319,-396,-158,119,-16,-256,-352,-1,350,493,496,206,51,108,140,138,-20,-201,-218,-162,-148,-144,-18,7,-43,-64,36,8,-30,29,-89,-76,71,318,799,1045,893,548,470,369,-132,-387,-771,-854,-697,-245,241,419,449,557,427,61,-59,19,64,114,264,433,356,63,-129,-87,-55,35,3,-22,29,-141,-398,-415,-272,-127,-91,-36,133,306,196,9,-85,-112,-111
206,3,0.17824093997478485,737,0,-4,-6,6,7,3,13,8,-22,-140,-310,-378,-187,204,551,596,404,151,64,76,98,1,-202,-321,-187,94,185,36,-163,-206,-17,197,213,110,132,341,536,453,188,14,55,166,210,111,-33,-159,-242,-245,-132,15,29,-99,-189,-163,-93,-29,-10,-26,-14,-1,-2,-1,3,-19,-175,-420,-613,-739,-871,-1045,-959,-579,-170,154,282,214,59,-62,-7,271,517,519,286,62,18,99,159,168,186,162,124,104,57,55,162,332,505,441,137,-161,-214,-50,71,64,12,2,-49,-122,-109,-72,-76,-126
207,1,0.22244729101657867,742,-13,-24,-28,-6,-3,-11,0,23,262,837,1189,998,282,-44,221,504,365,35,-138,-152,-99,-9,115,154,62,-88,-111,-101,-72,-38,-53,-92,-147,-143,-82,-8,100,217,281,223,29,-140,-173,-55,55,77,35,-5,-19,13,49,34,-48,-135,-130,-56,-3,6,4,-23,-9,3,4,44,284,831,1078,756,-88,-470,-411,-314,-202,-13,109,102,56,48,35,-67,-242,-257,-123,40,137,104,11,-64,-90,-64,-10,37,52,-58,-218,-224,-39,151,199,208,206,154,51,-58,-65,30,92,69,-18,-74,-12,34
207,2,0.2841009199619293,739,2,-24,-12,7,22,42,80,-53,-265,-611,-534,-321,-193,-537,-701,-230,486,1310,1468,749,-103,-601,-576,-478,-330,-28,282,236,-82,-296,-164,-4,-3,-127,-103,122,284,332,-69,-310,-486,-330,29,284,138,99,71,140,157,106,29,142,165,146,81,144,-5,-44,-7,3,-10,51,-5,-91,-265,-487,-430,-249,-107,-235,-221,153,244,95,77,305,284,48,-401,-850,-788,-380,-75,35,95,196,28,-344,-554,-366,22,56,-163,-388,-296,-46,164,210,168,205,157,234,186,166,22,-132,-211,-191,-131,-19,60,98
207,3,0.06165298447012901,736,28,8,12,26,10,16,-6,10,119,265,222,2,-71,148,337,96,-219,-362,-257,-109,27,90,74,-52,-217,-282,-207,-90,-18,8,-19,-133,-235,-224,-154,-146,-194,-155,-96,-165,-344,-387,-212,38,106,2,-84,-59,-14,-10,11,101,151,132,131,124,-3,-3,9,23,23,10,12,26,67,46,-308,-1000,-972,10,1076,1184,428,-116,-211,-59,60,69,-22,-189,-276,-193,-57,-36,-116,-139,-100,25,52,-56,-115,-10,186,239,255,137,-4,-58,86,252,228,28,-136,-162,-58,29,48,-25,-62,-63,-32,30
208,1,0.2197687327861786,738,-8,-15,5,-2,-12,-14,-26,-57,-300,-911,-1204,-897,-22,518,602,469,231,-1,-67,-12,23,1,-14,6,67,66,-5,-71,-83,-39,6,13,-20,-94,-127,-118,14,192,277,186,-2,-104,-30,42,64,7,-12,-16,7,-3,-28,-47,-46,-35,-50,-4,-9,-5,-13,-14,-14,-14,-1,62,395,1036,1182,646,-118,-277,41,253,204,120,42,-3,-19,23,75,13,-190,-301,-183,-45,22,27,-18,-66,-112,-130,-100,5,84,137,134,122,100,56,16,66,102,96,19,-87,-130,-67,-2,-46,-125,-175,-92,-20
208,2,0.37790802121162415,742,-15,21,14,10,-22,-6,1,74,414,1070,1361,1157,358,70,111,110,-219,-717,-746,-407,97,265,220,195,108,-38,-131,-88,91,104,38,-31,65,217,192,-54,-220,-110,88,235,292,240,45,-92,-95,-29,-23,-81,-117,-54,-4,-65,-88,-67,-63,-127,8,28,-16,-11,-9,-8,-26,100,460,952,1005,687,193,-7,-116,-182,-103,49,32,-167,-144,-8,138,250,270,111,37,43,23,-44,3,177,300,125,-100,-138,63,190,138,11,-58,-120,-160,-221,-179,-133,-156,-192,-84,102,133,72,-30,-25,-32,-35
208,3,0.03619015961885452,735,-27,-17,17,-41,12,-31,-6,-10,271,748,785,-61,-836,-501,390,1054,693,62,-267,-213,-110,4,-67,-528,-840,-645,-269,-18,-118,-230,-124,8,-35,-230,-257,-24,271,369,139,-180,-505,-530,-95,354,660,370,-9,-235,-47,166,244,104,16,-15,76,182,8,4,7,-1,-19,-17,16,-23,-139,-387,-427,83,337,-68,-368,-43,525,538,294,67,33,-62,-226,-351,-221,179,347,184,-102,-312,-111,236,561,476,274,254,563,480,210,229,455,528,369,26,-214,-250,-235,-280,-203,103,215,34,-246,-292,-217,-69
209,1,0.3068735599517822,743,1,11,8,5,4,-12,-9,-24,-196,-699,-1187,-1195,-652,-150,-151,-328,-286,-47,109,95,90,62,17,-57,-130,-147,-67,50,121,104,87,76,77,71,62,69,43,-73,-191,-177,-18,151,141,51,-25,-11,-3,-36,-57,-37,44,83,68,30,26,19,-10,-8,-11,-6,4,1,3,-46,-258,-770,-1133,-1057,-507,-49,-6,-111,-166,-86,-5,43,39,-47,-137,-77,172,386,301,82,-66,-109,-82,-27,33,86,60,9,-91,-141,-152,-152,-166,-153,-145,-134,-136,-78,12,131,155,32,-84,-74,50,108,77,-2
209,2,0.26801908016204834,737,-20,29,12,-13,-27,-43,-39,175,730,1300,1220,643,74,159,261,-76,-390,-711,-884,-760,-69,296,493,514,489,215,16,20,60,-9,-5,227,559,438,110,-233,-114,-5,99,55,31,-19,-155,-377,-174,-148,-160,-277,-236,-29,86,50,5,-59,-68,-98,0,17,-32,35,-10,40,58,86,293,728,776,373,-65,-436,-398,-261,263,891,1040,571,-71,-341,-142,168,166,235,267,221,-65,-216,-36,332,429,-74,-288,-193,120,225,-47,-295,-518,-406,-224,-65,-7,-53,-58,-9,85,160,139,221,90,68,36,104
209,3,0.4958460032939911,742,-11,-12,-5,9,10,-2,-3,2,207,639,813,362,-251,-305,110,316,245,165,151,102,-42,-220,-280,-101,159,259,117,-43,-94,44,275,365,319,326,454,583,436,238,242,419,479,279,-5,-160,-108,-43,-63,-39,-15,-49,-124,-172,-173,-185,-178,-123,-3,5,3,9,2,-3,-8,-52,14,436,890,638,-176,-804,-653,-228,19,32,-45,-93,-10,238,504,458,169,-40,-26,191,275,199,-1,-34,74,149,-4,-152,-177,-72,43,104,25,-234,-458,-453,-169,122,224,26,-185,-226,-50,84,64,-24,-78,-34
210,1,0.42346426844596863,742,-4,-32,-54,-12,-11,20,37,-5,69,197,187,-203,-691,-746,-451,-84,80,184,139,43,147,454,737,343,-293,-670,-254,179,396,287,187,139,13,-23,-29,-10,-152,-387,-482,-125,202,352,193,56,56,69,-70,-167,-103,88,212,103,16,-50,67,71,-39,-46,-8,-5,17,31,-18,-87,-188,-613,-821,-717,-800,-986,-1146,-835,-231,77,114,32,-125,-408,-680,-373,319,678,492,197,4,-57,-38,159,252,318,212,-42,-256,-369,-343,-249,-88,7,-43,-219,-356,-268,3,200,150,10,-76,189,369,334,125,-51
210,2,0.3149225413799286,740,3,17,20,16,4,9,8,-54,-281,-789,-1079,-898,-261,34,-108,-288,-113,244,317,146,-78,-100,18,155,197,206,170,123,-1,-72,3,233,321,143,-74,-109,32,122,91,-18,-99,-123,-118,-98,-74,-59,-56,-75,-43,5,40,91,100,54,7,-4,-2,-13,29,14,6,-7,0,-65,-366,-973,-1109,-839,-204,-35,-121,-119,73,365,444,403,42,-178,-203,-182,-151,-43,42,37,-58,-57,-6,18,-48,-119,-102,25,118,97,18,-62,-93,-19,107,178,119,43,50,100,102,5,-67,-35,28,89,98,93
210,3,0.3001902103424072,738,16,8,22,19,21,-12,-4,18,17,-251,-872,-1117,-431,483,807,337,-167,-340,-287,-147,23,253,395,385,119,-194,-312,-164,26,98,-34,-194,-244,-172,-94,-174,-280,-270,-136,-131,-249,-308,-147,88,244,205,121,66,3,-55,37,156,186,163,134,126,8,8,-6,-19,-3,-2,12,58,304,671,703,194,-235,-23,544,708,408,35,-61,22,130,67,-262,-683,-706,-362,-34,-42,-191,-196,-61,71,43,-88,-108,11,99,91,10,-88,-113,22,242,363,264,29,-201,-248,-76,111,142,69,9,24,65,86
211,1,0.4449053406715393,742,32,-30,12,-35,-2,-8,36,134,559,1064,1198,964,664,412,194,133,98,34,-53,14,424,943,706,-195,-1061,-954,-293,90,127,-36,-215,-220,-268,-173,39,194,305,279,188,67,24,103,225,370,333,134,-71,-69,-33,172,63,-228,-441,-342,-70,23,-15,-19,-6,21,31,19,14,1,-51,-302,-606,-756,-628,-572,-492,-225,47,251,174,111,153,183,7,-154,-270,-21,163,183,157,124,158,87,-1,-25,-12,-38,-241,-465,-433,-115,123,219,152,45,36,39,-49,-86,-113,40,193,294,222,109,-3,-79
211,2,0.24925746023654938,742,-14,-18,-5,2,-1,5,-6,0,28,94,132,34,-52,96,496,708,338,-461,-1014,-774,-146,181,147,-28,-58,-42,-144,-247,-112,89,122,-119,-323,-163,172,264,27,-188,-130,90,257,292,173,17,16,115,230,226,81,-37,-106,-153,-165,-155,-109,-82,-2,9,-14,7,2,3,-18,-28,-60,-165,-186,-48,252,592,726,400,-93,-512,-749,-570,-141,208,354,353,255,107,-82,-75,78,128,61,56,180,334,225,-63,-235,-211,26,198,194,170,17,-142,-173,-132,-116,-225,-256,-115,53,114,47,-45,-120,-163
211,3,0.12061607837677002,741,30,12,-22,-22,1,-28,-7,130,566,1222,1313,618,127,191,253,3,-103,22,29,-4,-62,-87,-477,-968,-995,-561,-161,-41,-71,-104,-140,-155,-204,-204,-112,-106,-156,-133,-31,-96,-238,-98,181,448,302,56,-264,-299,-186,128,160,199,137,154,227,237,-17,1,-13,0,-33,-7,-3,-23,44,211,617,517,135,-241,-60,172,192,126,131,191,126,-282,-808,-1054,-460,130,350,37,-258,-284,8,206,175,52,36,375,642,653,395,143,48,106,90,-15,-202,-163,-180,-75,-15,93,5,-169,-273,-228,-178,-96
212,1,0.5976771116256714,739,-6,2,-10,0,-1,-22,-71,-33,287,774,975,749,454,329,210,3,-122,-123,-97,-157,-156,71,393,426,62,-242,-255,-147,-103,-76,21,120,100,59,90,273,368,176,-133,-301,-234,-103,-35,-56,-51,21,88,92,-3,-63,-45,-5,-41,-39,57,158,-3,-3,5,2,-10,1,71,209,262,121,-117,-42,295,466,239,-42,-167,-132,29,335,561,320,-278,-665,-477,-108,70,37,-74,-169,-197,-183,-147,-30,221,441,437,232,-13,-93,39,242,319,232,107,19,6,19,-18,-128,-321,-401,-303,-65,98,88
212,2,0.44625264406204224,738,13,16,4,-20,4,-12,-21,-156,-371,-614,-499,-109,279,658,729,325,-297,-617,-354,91,162,-94,-288,-225,-115,-155,-211,-84,80,27,-258,-383,-157,224,284,15,-197,-179,31,191,273,244,169,101,86,77,39,-11,-28,-36,-92,-121,-104,-53,-56,-105,-5,-20,-21,-6,1,-10,2,125,422,771,838,552,211,32,-35,-169,-469,-808,-799,-405,-19,142,312,349,137,-90,-74,89,148,41,-32,38,175,190,-5,-173,-102,43,185,217,171,-24,-186,-186,-77,-87,-208,-220,-89,79,105,51,-19,-84,-176,-183
212,3,0.03618953377008438,740,-30,-2,2,44,49,14,-11,17,-180,-345,-208,138,386,-164,-900,-821,-187,223,87,-121,-186,6,571,1049,1010,349,4,83,333,379,42,-112,6,123,109,-143,-498,-591,-418,-36,260,163,-121,-149,-51,173,382,361,100,-123,-211,-37,115,136,39,-70,-22,1,3,-25,-14,-2,28,57,384,782,855,479,544,716,316,-317,-654,-411,-133,-63,-54,84,64,-117,-541,-692,-499,-88,166,110,-122,-351,-416,-245,-129,-297,-547,-513,-126,-34,-168,-260,-45,199,282,171,11,-10,11,41,191,320,320,285,169,143
213,1,0.225127175450325,741,6,-5,3,10,-40,-31,-35,-52,-202,-214,64,364,340,-217,-401,-45,259,127,-22,-90,-218,-607,-901,-142,962,1286,468,-189,-320,-71,65,113,246,277,289,68,-146,-223,-201,-285,-338,-221,-152,-138,-191,-186,-81,68,143,62,88,198,365,328,12,-130,7,-28,12,-21,10,20,27,-58,-257,-513,-354,47,455,713,978,1030,378,-181,-362,-162,80,361,403,192,-45,-297,-243,-124,-19,-31,-99,-144,-107,-79,-111,-9,307,684,661,277,-143,-209,35,225,237,42,-55,7,83,6,-185,-273,-434,-463,-272,64
213,2,0.4087296724319458,740,55,-33,-2,14,-30,-22,-7,-82,-317,-855,-1164,-946,-528,-38,32,255,308,300,122,158,189,-12,-399,-692,-546,-251,-66,-151,-167,60,12,-304,-557,-412,4,223,200,-109,-193,-112,98,191,283,412,304,106,145,255,157,28,-104,-154,-55,-4,104,74,-1,-5,-28,-12,23,10,2,-12,18,311,640,818,376,12,60,329,96,-802,-1492,-1127,-145,172,104,-24,-1,-29,-110,-197,93,230,71,-288,-482,-162,284,272,-148,-186,11,300,471,519,217,-2,-116,67,-8,-160,-263,-174,-46,-39,-35,-64,-94,-221
213,3,-0.08307883888483047,738,11,-23,16,34,-48,-5,-4,7,32,131,243,420,641,607,153,-683,-1034,-788,-192,27,-52,-159,34,339,624,331,-223,-389,-145,211,233,-24,-247,-226,-30,66,-204,-614,-611,-281,-15,79,-132,-186,-86,92,171,217,266,191,21,11,106,253,255,126,13,15,-9,3,19,-18,3,-12,18,251,363,32,-568,-184,913,1358,582,-309,-478,-179,-30,48,55,-175,-641,-927,-629,-198,-124,-182,-231,-121,-151,-250,-170,-40,-17,15,81,122,-86,-447,-401,4,413,338,95,-154,-211,-83,55,105,204,161,158,106
214,1,0.32295653223991394,739,-9,-4,5,29,1,15,13,-8,76,-160,-585,-735,-334,484,766,363,-180,-350,-293,-168,74,504,796,311,-615,-1076,-577,-14,139,42,-92,-222,-299,-302,-297,-181,92,400,528,474,278,-33,-142,77,294,293,138,-75,-60,16,41,-248,-405,-482,-192,122,16,-3,-1,-30,4,17,5,74,428,1027,1024,110,-641,-695,-462,-363,-307,1,163,103,13,-39,-29,-149,-413,-377,-65,143,224,104,75,83,33,58,100,48,-246,-580,-530,-143,248,289,115,-49,-27,119,169,102,2,94,195,210,172,156,25,-106
214,2,0.3578047454357147,735,28,-42,-14,12,-30,14,51,-15,-261,-775,-1095,-866,-517,-165,-317,-143,169,399,360,428,304,2,-416,-668,-538,-289,-2,-38,-107,5,113,-65,-391,-441,-98,183,259,26,-114,-140,38,100,177,275,309,158,223,267,189,-3,-171,-195,-67,14,65,67,17,-6,-27,5,-3,-22,-19,-44,-56,155,472,815,489,163,141,372,187,-760,-1476,-1145,-213,233,100,-102,-144,-112,-103,-155,36,236,114,-198,-459,-226,242,339,-91,-248,-70,187,382,455,206,8,-102,37,33,-75,-194,-175,-78,-116,-100,-105,-71,-163
214,3,-0.07369869947433472,735,-10,49,-11,-30,2,-18,15,-18,-8,-40,-99,-330,-602,-280,293,1055,1136,701,94,1,117,172,9,-376,-844,-743,-15,316,217,-117,-245,-47,149,105,-25,-199,-58,323,533,338,85,-110,17,222,209,-16,-171,-270,-281,-170,20,66,2,-156,-189,-109,9,-28,10,-6,-18,-4,-10,16,-3,-149,-178,118,589,99,-967,-1272,-426,450,624,327,55,-40,-105,9,487,864,692,352,81,8,90,103,247,370,272,172,219,234,150,5,80,389,491,156,-294,-290,-163,9,25,-54,-46,-26,-160,-207,-252,-189
215,1,0.3886210024356842,742,17,4,-27,7,-35,2,-10,-6,5,149,212,32,-283,-451,-327,-129,153,297,292,89,-243,-749,-743,-37,738,794,248,-71,-136,38,258,363,362,257,182,-9,-392,-721,-665,-297,64,223,56,-184,-298,-149,119,195,61,-62,64,305,592,450,108,-117,11,46,-14,19,33,27,-10,-263,-869,-1470,-1105,110,689,382,142,310,376,137,34,14,-31,-168,-100,295,675,436,14,-216,-250,-134,-115,-140,-88,25,-23,44,305,351,77,-224,-387,-148,-28,-1,-116,-190,-81,26,-7,-117,-217,-149,-157,-62,22,79
215,2,0.3685273826122284,738,-6,21,6,4,25,-35,-41,110,367,1217,1506,1333,498,179,107,1,-179,-838,-960,-823,-148,233,413,464,344,97,-34,76,190,40,-123,45,305,447,216,-77,-248,-43,118,71,-40,52,-85,-388,-333,-194,-207,-217,-156,41,211,189,18,-58,-72,-34,16,-16,-31,-8,-3,-1,38,95,322,497,434,23,-139,-73,-172,-327,-95,642,811,434,25,-6,301,511,428,138,40,117,-14,-131,-81,339,556,191,-232,-280,110,248,130,-166,-362,-388,-192,-81,-30,-125,-194,-81,51,227,132,149,88,24,-15,107
215,3,0.5333678722381592,738,-10,-29,-9,3,22,8,-97,-103,154,558,92,-874,-1139,-311,413,474,231,10,-61,-139,4,469,825,631,301,77,21,129,140,281,396,350,252,258,247,155,58,124,430,537,219,-242,-265,-151,8,38,-66,-81,-41,-133,-178,-255,-201,-239,-202,-65,22,9,28,-17,11,-18,24,110,330,577,227,-415,-1164,-1246,-794,-134,-22,-157,-195,-98,312,811,853,152,-244,-220,79,204,49,-140,-155,-13,124,61,-264,-463,-310,-131,12,-33,-244,-271,-7,183,299,300,140,-64,-126,-47,150,195,132,21,-15,23
216,1,0.2760535478591919,736,-17,16,14,-56,9,-30,4,-38,-75,-71,-30,69,1,-380,-671,-529,-37,399,509,232,14,-454,-909,-643,254,827,592,28,-184,-106,65,223,310,386,456,249,-14,-514,-722,-514,-134,155,179,-68,-266,-287,-46,263,274,76,-133,-5,335,605,404,-7,-33,3,16,10,38,16,-5,-55,-411,-891,-1052,-111,660,553,-14,-49,287,321,201,78,53,-54,-149,4,525,737,353,-125,-418,-227,-149,-162,-177,-42,105,119,244,362,250,-98,-488,-491,-249,-49,10,-97,-89,7,86,-13,-225,-248,-254,-149,-25,8
216,2,0.34306463599205017,741,-2,-8,-9,-4,-7,3,24,142,508,1082,1216,899,330,118,62,-37,-249,-574,-654,-436,59,345,405,341,161,-54,-50,42,101,-20,-71,53,224,261,84,-109,-124,14,119,118,107,24,-109,-263,-239,-178,-186,-174,-87,72,155,87,-21,-94,-101,-58,-2,-15,-7,-3,9,6,1,73,170,115,-83,-241,-27,168,83,-39,147,582,642,351,-41,-64,97,177,128,73,109,60,-132,-256,-9,316,254,-209,-412,-135,200,231,4,-210,-319,-276,-122,-12,-57,-127,-114,-4,70,65,68,98,70,11,36,163
216,3,0.29080939292907715,738,-13,-28,-38,2,-16,5,33,-70,-397,-688,-94,981,1484,1110,371,-30,39,217,192,174,-302,-986,-1182,-453,133,287,-21,-253,-154,-74,-43,-70,-80,33,196,415,287,88,-155,-205,155,377,95,-125,-331,-279,19,228,207,102,-76,-32,37,148,153,21,-15,-5,3,20,17,10,-122,-218,-82,237,67,-432,-391,216,530,394,224,168,99,-60,-158,76,448,577,385,78,-49,16,144,330,395,274,108,113,262,342,261,299,520,587,297,-99,-217,-182,-80,-72,-105,-51,19,-98,-212,-300,-248,-231,-180,-21
217,1,0.3510984182357788,740,-7,-2,-13,-4,-15,-11,-5,7,10,-39,-246,-565,-639,-541,-418,-343,-187,56,194,172,-30,-311,-508,-350,-1,255,225,57,-22,36,196,305,280,242,274,232,-42,-379,-477,-246,30,160,68,-124,-226,-183,-27,144,134,59,38,168,319,320,186,-6,2,13,2,12,-7,-2,6,-83,-407,-954,-1230,-797,-10,287,150,49,183,277,236,147,-9,-217,-354,-84,370,547,247,-92,-174,-104,-50,-63,-21,72,122,109,20,20,11,-47,-175,-174,-85,-54,-90,-141,-91,-7,11,-48,-112,-108,-13,58,36,20
217,2,0.3524455726146698,743,-1,-10,3,-16,14,-2,-13,4,177,590,952,908,619,490,548,329,-132,-479,-514,-373,-188,19,136,206,227,197,104,62,77,15,-66,5,209,307,212,-16,-138,-58,63,80,23,23,-44,-176,-291,-261,-206,-178,-121,-43,69,147,105,9,-59,-50,-11,-3,-8,6,1,-20,-18,-5,16,-100,-334,-499,-349,71,234,11,-135,221,775,903,473,-57,-147,-23,70,75,129,192,64,-179,-219,90,370,169,-278,-380,-69,177,108,-94,-283,-388,-328,-131,52,69,22,23,75,92,44,56,75,35,23,64
217,3,0.009387795813381672,735,36,26,23,-31,-39,-1,14,6,170,300,-2,-555,-454,216,684,388,-15,-110,-50,48,177,170,-103,-703,-1147,-857,-284,132,58,-107,-239,-263,-252,-209,-20,168,278,277,141,-164,-454,-432,18,439,434,14,-309,-309,-70,95,93,31,-41,-25,154,283,13,9,-31,-14,-17,-31,-8,-37,-146,-409,-524,-243,152,387,536,637,693,523,391,315,268,91,-417,-698,-466,206,528,265,-55,-102,21,185,212,129,17,141,490,688,555,394,386,377,285,48,-224,-296,-403,-322,-58,205,144,-118,-324,-324,-235,-158
218,1,0.3604799807071686,736,-5,16,45,5,-23,1,-23,-45,-278,-833,-1213,-648,308,1023,1005,780,635,322,44,-21,-28,-163,-305,-147,320,751,477,1,-220,-187,-124,-130,-104,-70,-38,-87,7,268,498,339,-4,-160,-91,38,39,-67,-106,1,39,20,-204,-328,-200,-108,7,71,28,13,8,23,-21,-5,-18,-16,76,149,260,154,-22,-453,-429,126,502,362,-15,-188,-83,237,502,242,-345,-912,-570,42,348,291,-18,-210,-235,-112,-178,-161,62,436,595,407,228,49,39,85,188,239,121,7,-19,51,157,3,-277,-504,-363,-34
218,2,0.3712069094181061,738,5,-24,17,2,-24,7,-25,-7,99,512,845,1102,994,770,525,123,-262,-1002,-1191,-993,-553,-74,116,183,343,306,30,-43,-17,48,5,66,325,437,312,21,-212,-135,-21,88,73,223,-3,-193,-314,-134,-121,-158,-216,-96,131,166,3,-75,-65,-34,7,-17,-14,-13,32,12,21,8,73,60,43,144,398,841,549,-59,-444,56,610,701,219,-93,39,110,211,136,209,282,170,-129,-102,217,706,480,-159,-469,-199,106,98,-67,-275,-398,-273,-183,-72,-45,-98,-64,-19,92,133,134,109,56,33,102
218,3,0.06701155006885529,742,-18,1,-5,-8,-29,-32,-6,-103,-463,-878,-784,-117,284,167,86,287,488,399,280,213,127,-103,-296,-148,246,458,376,119,-38,-57,69,255,363,304,285,438,617,437,207,251,420,378,86,-251,-414,-337,-252,-142,39,102,-90,-278,-285,-202,-128,-134,-16,14,-9,26,14,29,24,-77,-431,-794,-679,-62,349,159,-141,-299,-243,-203,-155,-180,-168,70,561,982,845,369,111,153,286,213,9,-114,-82,48,25,-255,-527,-452,-207,30,48,-197,-407,-392,-245,52,315,371,161,-133,-175,-44,21,-23,-106,-147
219,1,0.38862138986587524,740,11,15,12,5,4,5,4,97,328,662,863,760,566,482,453,301,46,-141,-222,-230,-140,-55,-88,-216,-326,-276,-93,66,100,-29,-231,-324,-185,-54,-5,71,292,509,571,445,189,-5,37,142,146,1,-127,-172,-54,30,-112,-359,-460,-317,-85,148,-3,-3,17,12,-3,8,24,114,327,554,493,5,-551,-940,-883,-528,-263,-148,-144,-103,42,205,141,-345,-791,-686,-159,252,314,138,-30,-60,-24,22,-44,-57,-133,-250,-305,-115,89,159,114,-14,-163,-225,-180,-83,29,202,247,94,-107,-194,-121,-61
219,2,0.34038516879081726,741,7,-1,-6,3,-3,11,17,-45,-225,-712,-1117,-945,-111,585,670,126,-282,-204,15,97,-31,-59,143,311,345,273,187,180,82,-52,-74,89,240,154,-102,-203,-32,130,179,80,-74,-218,-267,-251,-162,-150,-161,-148,-112,3,100,140,67,56,84,79,0,-35,-27,21,12,-6,-1,-87,-371,-881,-828,-287,237,176,-323,-467,-85,590,904,688,72,-250,-264,-284,-246,-136,37,99,-52,-117,-4,121,64,-134,-217,-83,54,60,-26,-152,-213,-215,-45,128,156,96,22,26,61,50,5,58,69,58,29,48
219,3,0.5708916783332825,743,2,-2,-1,6,12,4,-19,-104,-458,-1138,-838,132,1132,919,420,22,-91,16,82,71,-161,-765,-1031,-453,-133,3,-136,-140,-73,5,-63,-177,-80,186,484,308,183,19,-121,-109,69,205,233,27,-63,-115,27,115,64,-35,-60,-38,65,157,58,-63,-18,-29,-21,-29,-7,-26,-82,-39,494,1182,999,-34,-1006,-439,232,515,380,161,167,76,-55,-20,163,399,349,71,-106,-124,-19,185,322,342,235,199,389,305,182,215,396,495,291,133,-48,-57,-62,-149,-134,4,45,-89,-211,-171,-111,-167,-127,-81
220,1,0.2479114830493927,743,-10,2,-57,-22,-9,-20,-3,44,345,1144,1573,1411,129,-276,209,398,109,-354,-179,49,200,306,299,166,-234,-538,-319,-50,132,174,108,-49,-107,-95,-75,-117,-84,71,242,344,316,208,110,74,155,287,178,-16,-155,-58,103,87,-65,-299,-266,-98,5,30,31,1,26,4,-5,32,-116,-391,-672,-769,-102,716,895,-53,-758,-574,-10,207,163,40,-6,-173,-367,-415,-164,90,237,255,249,186,202,64,-86,-134,-171,-370,-502,-326,-66,295,262,87,-106,-177,-74,-69,-74,-86,18,106,124,226,150,15
220,2,0.42749127745628357,736,-19,-12,10,15,-17,-33,-36,29,140,541,842,888,624,632,780,607,111,-467,-600,-254,220,338,127,-102,-154,-270,-271,-200,-14,150,72,-208,-268,-82,123,91,-124,-191,-61,125,197,251,168,27,-14,19,62,49,-31,-108,-183,-223,-186,-97,-80,-103,4,24,3,3,-17,11,23,71,285,858,1047,918,207,-197,-219,-50,-84,-419,-574,-450,-59,159,257,272,150,-56,-114,-80,17,-26,-105,-101,8,168,142,24,-57,3,75,76,43,26,-69,-137,-146,-131,-117,-110,-44,49,80,23,-47,-85,-97,-112
220,3,-0.21708956360816956,739,-2,13,5,14,9,-14,14,9,21,72,-54,-466,-754,-214,869,1339,848,233,-79,-16,167,242,147,-159,-599,-776,-420,-164,-133,-166,-200,-72,59,-19,-138,-124,52,178,162,67,-36,-156,-97,141,265,126,-44,-162,-144,78,224,248,138,15,30,63,-6,-13,-1,-13,-31,-13,-8,16,-5,-111,-35,199,94,-610,-1176,-519,603,895,462,192,241,236,31,-157,-23,315,425,324,192,92,40,-15,-5,77,156,223,348,492,371,273,317,464,508,335,161,20,-29,-68,-148,-111,-31,34,-28,-139,-219,-314
221,1,0.30419495701789856,739,-21,-31,-6,-13,-6,-15,-13,-39,-263,-809,-1179,-978,-243,215,260,151,51,-16,-42,5,37,63,73,109,119,95,29,-23,-29,7,53,72,46,35,-14,-27,16,97,112,46,-40,-66,-49,-43,-42,-40,-10,29,18,-1,1,16,-6,-21,-29,-26,5,0,4,-11,1,1,1,37,246,647,895,678,89,-266,-258,-8,95,-6,-101,-81,38,149,188,122,9,-65,-54,-17,0,10,7,-20,-63,-91,-103,-100,-13,84,125,97,53,23,-2,-31,-23,13,45,41,7,18,25,-12,-85,-112,-85,-23
221,2,0.39934900403022766,739,35,12,4,-34,-1,32,-6,-41,-44,87,25,-373,-1100,-1102,-169,501,323,-253,-335,104,372,254,-252,-450,-251,-54,-28,-118,126,355,178,-187,-285,71,337,156,-207,-312,-100,150,291,301,271,218,127,125,107,9,-155,-202,-200,-244,-148,-4,75,-22,-23,-5,24,-14,-11,10,-33,131,310,713,830,836,708,556,283,83,-280,-1085,-1317,-833,-8,391,393,427,172,-191,-268,-91,204,219,-107,-176,32,201,115,-214,-259,-81,204,332,230,119,-143,-362,-228,-144,-112,-90,-10,88,115,-26,-49,-22,-62,-159
221,3,-0.048235390335321426,739,13,-5,16,-16,-4,13,-25,31,198,470,289,-1,133,812,937,27,-739,-683,-349,-205,-117,-17,-128,-562,-928,-722,-208,86,94,-73,-57,38,8,-134,-211,-224,-267,-262,-231,-334,-434,-479,-56,253,246,127,28,92,25,-107,10,204,288,333,277,262,-1,5,-5,-29,-26,1,-13,2,69,192,183,72,-17,257,862,1176,1080,485,-2,-43,109,115,-184,-666,-853,-582,-167,-115,-207,-220,-31,169,120,-110,-105,80,364,459,281,93,-52,29,204,290,153,-64,-304,-363,-142,111,173,69,-98,-178,-162,-63
222,1,0.12596052885055542,742,-5,10,0,-1,-19,-21,3,4,267,950,1313,602,-617,-786,321,1026,626,-77,-264,-211,-26,136,319,501,332,-37,-156,-110,74,129,133,133,92,-29,-199,-378,-296,67,396,483,407,238,26,38,128,309,342,240,9,-65,12,25,-140,-347,-337,-142,-1,4,-9,2,-3,18,9,13,116,517,725,581,-87,-277,-72,-39,-226,-215,-8,21,-11,-8,-8,-55,-264,-455,-432,-159,106,179,31,-137,-128,-87,-92,-140,-159,-276,-482,-482,-116,399,596,528,223,88,73,166,156,88,24,-4,-19,-5,9,38
222,2,0.14339016377925873,741,-4,-32,-24,-26,14,-26,-16,14,227,507,425,-25,-584,-374,321,935,329,-687,-1561,-1530,-541,227,278,410,375,232,-149,-307,-122,249,126,2,-153,86,254,199,-174,-212,67,403,483,474,220,-87,-436,-256,-84,-46,-109,-50,33,-39,-19,-14,-32,-57,-2,9,2,-1,14,6,-26,2,140,293,206,84,63,308,348,-233,-624,-557,-261,-330,-436,-198,293,651,713,344,-22,29,162,-35,-126,-87,302,437,124,-149,-169,119,311,210,-45,-238,-228,-171,-149,48,56,59,-3,46,65,83,122,-8,-76,-55
222,3,0.6740788221359253,740,10,6,1,-9,-11,27,131,343,487,420,332,365,352,349,277,147,-22,-140,-126,-62,-138,-403,-641,-589,-311,-115,-73,-75,-20,30,-26,-177,-243,-135,44,143,110,-71,-273,-303,-58,246,290,92,-136,-211,-116,53,167,160,95,94,111,152,112,-14,-8,1,4,9,7,10,-11,-114,-563,-1257,-1424,-788,153,641,499,236,176,202,178,55,-191,-531,-600,-316,6,99,-8,-106,-14,149,213,157,136,262,447,516,301,150,103,171,223,93,-17,-37,-83,-113,-43,76,103,20,-79,-96,-76,-67,-46,-64
223,1,0.24120961129665375,738,-10,-1,5,-1,4,3,-2,-28,-120,-246,-61,491,788,390,-149,-136,152,185,-40,-176,-137,-116,-192,-222,-30,261,296,100,-37,-40,-25,-48,-24,42,75,3,-38,10,156,121,-137,-379,-375,-228,-137,-164,-136,-29,59,29,-31,-34,-10,43,37,4,-10,-20,-15,-20,-14,-7,-7,24,181,708,1228,1144,419,-233,-101,266,279,-41,-238,-213,-116,18,98,105,15,-115,-150,-112,-67,-5,36,48,-3,-69,-115,-102,43,259,368,315,147,-5,-58,-36,29,74,81,42,-14,26,92,46,-145,-286,-266,-128
223,2,0.24657811224460602,736,-15,-7,9,-11,-25,-20,-2,22,275,785,988,559,-72,-509,60,413,154,-981,-1530,-1330,-292,308,155,73,20,-66,-149,-208,74,394,162,-120,-460,-219,160,215,-114,-238,73,410,676,586,145,-202,-256,-132,-79,-221,-325,-202,-69,-73,-97,-33,-47,-60,0,17,4,-36,37,7,-37,26,191,564,678,687,579,518,264,-17,-315,-413,-339,-469,-466,-200,81,190,423,420,171,80,113,24,8,5,300,379,45,-243,-210,110,164,11,-240,-301,-175,-123,-137,-24,-47,-62,-2,235,279,238,-14,-147,-154,-103
223,3,-0.101840540766716,737,-1,29,15,3,19,-22,-2,31,210,493,230,-454,-920,-283,473,601,303,32,-69,-55,109,210,119,-175,-473,-414,-193,-104,-213,-283,-279,-228,-270,-304,-242,-199,-54,88,50,-84,-397,-494,-78,376,483,111,-194,-250,-9,211,313,338,293,198,207,305,45,-18,-7,-7,2,-60,-6,8,-17,12,115,153,-96,-164,379,957,857,199,-56,98,333,112,-587,-1084,-1005,-286,149,115,-221,-308,41,396,502,287,50,213,636,691,437,229,223,318,240,62,-144,-173,-198,-151,-96,-40,-117,-252,-330,-232,-226,-196
224,1,0.30419430136680603,742,-5,-9,-1,4,5,-10,-23,-3,18,-26,-177,-128,314,820,934,579,39,-237,-196,-45,21,-30,-101,-130,-113,-52,-1,-18,-63,-34,-39,-75,-76,-61,-28,-6,127,356,514,465,206,-78,-199,-146,-29,-24,-11,22,43,53,67,3,-100,-155,-131,-41,-5,2,-4,-11,-3,-1,-8,22,257,851,1381,1229,380,-249,-321,-180,-144,-125,-10,51,45,69,160,138,-62,-262,-223,-92,-9,18,48,93,91,63,-29,-92,-104,-50,34,117,134,113,58,83,140,163,135,46,-49,-101,-84,-70,-89,-131,-145,-83
224,2,0.39666947722435,739,6,15,21,5,-21,-9,-2,6,22,366,671,689,114,-211,-101,191,188,-256,-451,-225,142,256,97,-68,-176,-184,-188,-202,-53,107,133,-100,-307,-209,91,161,-106,-250,-134,155,347,403,165,-26,-94,-31,10,-7,-56,-170,-167,-174,-116,0,66,37,2,7,5,15,0,-20,-16,49,280,858,1240,1240,706,434,410,271,-92,-555,-602,-491,-232,8,180,290,261,69,-56,-24,81,39,-75,-106,31,146,151,48,-42,70,151,154,54,28,-92,-146,-165,-111,-99,-95,-59,-21,37,21,-47,-81,-95,-93
224,3,-0.08575882762670517,735,12,20,16,2,5,10,5,-14,1,130,209,-146,-850,-894,7,923,865,151,-321,-364,-243,-108,24,172,208,18,-197,-243,-161,-81,-52,-85,-96,-84,-122,-175,-232,-245,-133,-37,-108,-360,-496,-251,185,393,200,-43,-197,-141,-21,80,120,88,62,153,-12,4,-1,1,-2,-15,-4,4,17,65,210,316,273,152,216,507,591,446,312,286,286,213,41,-273,-613,-694,-439,-116,-25,-87,-76,78,279,296,116,-35,65,254,322,250,81,-47,1,125,154,49,-80,-166,-107,83,245,179,-49,-223,-196,-141
225,1,0.2572915554046631,738,-4,-5,4,7,4,4,-6,-45,-307,-1137,-1599,-1514,-404,411,509,192,-7,-46,-43,9,46,28,-47,-42,68,185,101,50,23,32,23,22,65,83,36,-3,3,86,157,52,-117,-216,-119,-87,-75,-54,17,90,119,98,31,15,60,67,50,7,11,3,-8,-7,-3,7,-12,4,127,539,805,699,214,123,288,314,93,-165,-180,-96,-17,47,67,50,-13,-57,19,34,42,19,6,-20,-35,-70,-46,-36,39,167,275,263,132,-47,-146,-142,-66,-8,55,90,88,72,29,-37,-104,-132,-118,-60
225,2,0.3524453341960907,742,1,-21,0,5,-4,-30,-1,59,115,220,118,-45,-10,312,712,658,112,-664,-1092,-726,-30,397,456,281,109,-98,-232,-214,-23,114,47,-206,-292,-94,183,145,-66,-129,70,315,369,291,42,-180,-175,-131,-69,-77,-99,-74,-50,-63,-19,-12,-16,-98,-4,2,-12,-24,0,1,-3,40,259,713,950,762,224,-64,-55,-6,-86,-329,-487,-482,-154,110,264,308,254,67,10,60,86,-25,-102,30,249,295,96,-73,-43,93,116,-1,-95,-141,-196,-228,-174,-127,-127,-137,-76,61,148,144,62,-33,-121,-131
225,3,-0.09513971209526062,735,7,23,17,5,-11,-17,-13,22,176,342,205,-98,-47,407,642,369,-9,-173,-193,-203,-70,159,264,134,-134,-269,-171,-41,-12,-98,-212,-262,-221,-112,-94,-192,-281,-270,-203,-293,-471,-472,-195,85,172,83,17,12,-27,-39,86,250,262,170,103,126,0,12,-2,4,29,14,8,13,74,136,-108,-780,-1132,-581,413,958,688,184,-16,41,136,52,-215,-524,-540,-254,-11,-34,-186,-238,-115,80,173,119,87,203,343,356,228,75,-4,42,166,243,133,14,-118,-247,-192,-18,82,67,1,-70,-87,-25
226,1,0.14472337067127228,736,-4,-5,5,-7,62,5,29,81,348,423,-271,-1470,-1570,-857,92,197,-216,-369,-120,8,121,302,254,-37,-501,-605,-197,45,85,28,-59,-132,-172,-178,-68,-11,25,64,96,203,341,242,124,206,366,590,302,64,-48,-20,60,-5,-189,-380,-201,-10,4,21,48,17,14,46,29,-51,-298,-822,-847,-353,112,-106,-637,-747,-279,210,260,47,-86,-123,-67,-15,-80,-225,-116,37,109,78,97,262,313,335,148,46,-110,-385,-682,-562,-176,231,305,115,0,-36,-45,-105,-105,-18,50,104,181,220,171,-1
226,2,0.34976595640182495,737,5,30,17,30,3,2,13,72,381,1194,1578,1452,434,-38,82,327,170,-733,-1224,-1037,-192,411,418,330,166,-110,-127,-165,25,174,80,-80,-104,179,324,193,-205,-319,-75,234,370,405,63,-182,-223,-103,-81,-181,-183,-77,87,41,-61,-114,-103,-134,12,15,-27,-29,26,-3,32,92,311,698,824,613,368,49,-51,-99,-71,43,-28,-309,-387,-152,206,495,469,234,26,66,57,-49,-39,219,559,577,196,-144,-184,66,135,61,-149,-340,-333,-343,-272,-160,-286,-336,-163,97,183,173,24,-36,-129,-142
226,3,-0.09380049258470535,740,-5,24,-3,-17,-14,5,20,2,0,-62,-222,-577,-840,-798,-457,-567,-637,-470,-183,-145,-163,-140,132,549,772,527,78,-34,116,181,62,-89,-211,-189,-179,-355,-457,-449,-301,-231,-173,-111,-95,-8,86,70,25,224,253,-51,-227,-132,147,264,223,143,1,4,41,12,-21,-17,23,14,144,399,300,-373,-1288,-1298,-138,770,830,312,-201,-256,-71,138,179,50,-272,-477,-320,-124,-14,-117,-184,-283,-287,-329,-303,-352,-160,16,3,-77,-379,-556,-312,131,307,108,-111,-219,-87,54,120,147,246,128,32,44
227,1,0.2318291813135147,737,4,-6,-2,-13,-23,-37,-21,6,80,308,570,776,676,392,-32,-353,-260,82,256,169,64,53,57,9,-143,-239,-149,-5,28,-28,-49,7,48,49,14,21,-11,-149,-320,-313,-119,76,126,117,131,93,-8,-104,-94,-51,-34,-40,-63,-46,-29,-8,-11,1,7,-2,-6,-6,1,-64,-386,-1187,-1537,-1169,-123,264,13,-187,-58,116,79,4,-37,-48,-82,-33,97,212,145,108,15,-13,4,45,73,101,119,110,-15,-141,-200,-225,-175,-75,11,-1,-81,-144,-111,12,113,138,56,36,94,162,122,25
227,2,0.34038516879081726,741,5,-6,-44,15,-29,-60,10,122,319,465,315,59,36,463,897,341,-295,-750,-785,-464,-16,328,632,663,460,84,-40,44,70,64,163,389,528,307,-16,-226,-79,-41,99,77,-62,-151,-252,-353,-116,-132,-173,-178,-78,237,270,102,2,-118,-79,-89,4,-35,-32,25,18,16,6,-103,-528,-1059,-1144,-549,-23,-73,-452,-463,314,1138,1162,454,-52,-75,131,274,221,149,165,153,-24,-38,155,540,366,-91,-260,0,108,79,-148,-440,-469,-354,-151,42,-1,-24,-54,64,269,259,144,190,70,37,39,112
227,3,-0.016072455793619156,734,-19,-13,-2,3,0,4,6,10,16,62,54,-121,-543,-850,-561,216,771,669,236,21,102,171,81,-76,-195,-160,-37,12,-72,-171,-154,-49,55,36,-34,-9,139,271,260,220,192,173,174,142,59,-91,-181,-188,-104,65,166,95,-37,-127,-119,-86,-5,-24,-12,-8,-7,-11,13,27,-20,-174,-264,-111,63,-134,-477,-452,-130,55,51,65,110,46,-60,-67,56,245,254,139,37,41,84,96,93,162,240,261,190,89,1,-22,97,283,263,13,-198,-175,0,141,177,166,78,-41,-102,-91,-58,-60
228,1,0.2318280041217804,742,-15,-8,5,3,-1,1,0,-20,-251,-796,-1183,-1038,-457,-269,-430,-498,-231,100,212,163,36,38,92,62,-85,-252,-224,-44,86,101,63,99,98,105,34,22,-81,-265,-466,-495,-284,31,172,145,89,26,-79,-151,-97,-36,-13,38,145,211,154,35,-9,-11,3,-8,1,-10,-23,-78,-337,-820,-953,-483,231,384,180,126,265,233,-4,-69,22,42,-52,-35,199,427,382,176,9,-52,-12,44,77,104,101,83,-20,-77,-115,-188,-277,-274,-244,-288,-356,-440,-397,-241,-49,51,43,78,179,240,173,42
228,2,0.3993488848209381,743,-26,29,9,-7,-21,-1,-10,172,590,1128,1171,727,476,490,392,214,-472,-1258,-1165,-470,129,310,365,207,86,-73,-173,-134,134,125,-15,-203,-2,231,231,-128,-167,14,150,348,350,84,-141,-260,-145,-83,-60,-114,-63,6,-32,-125,-110,-61,-127,-172,-6,-43,-29,25,-9,-13,3,59,-152,-388,-486,-26,1008,1273,519,-311,-365,-126,-212,-227,-131,194,541,403,279,-43,-2,116,61,-47,26,364,440,152,-91,-120,-9,143,60,-234,-360,-177,-80,-56,-78,20,0,-41,54,156,185,79,-121,-94,-164,-64
228,3,-0.08575969189405441,739,26,-27,-5,13,-32,23,20,7,-55,-308,-351,20,311,-107,-533,-13,557,212,-212,-32,468,472,131,-36,86,385,430,151,-52,-50,15,123,281,347,234,97,114,207,160,197,408,666,520,-18,-535,-498,-158,101,219,183,31,-126,-274,-249,-184,-214,7,-15,15,3,18,44,22,26,-51,-161,-201,52,446,69,-1159,-1623,-1350,-214,189,9,-173,-189,72,246,546,558,312,45,65,236,368,161,83,107,232,161,-64,-319,-495,-271,-124,121,-14,-169,-308,-6,255,321,363,75,-191,-151,16,188,231,125
229,1,0.3041953146457672,738,4,-2,-17,-14,-8,-11,1,88,507,932,930,352,-426,-568,-304,-41,145,195,111,31,-13,52,46,-44,-174,-114,-15,45,28,-1,32,58,44,-5,10,-25,-167,-362,-398,-231,48,121,79,46,26,69,49,-2,-44,-59,-24,49,121,116,59,-35,6,-1,-7,-3,-10,-6,-30,-222,-831,-1480,-1513,-960,-76,213,119,42,41,53,64,45,3,-59,-30,100,230,141,43,1,-10,12,12,8,0,63,84,69,-6,-48,-94,-134,-146,-89,-89,-131,-119,-102,-34,51,77,14,8,77,140,106,24,-4
229,2,0.4154309630393982,737,7,8,13,8,-17,-20,-3,-3,-39,-210,-428,-618,-698,-610,-235,178,296,-79,-466,-342,114,348,220,32,-113,-169,-252,-272,-121,80,58,-179,-411,-306,-5,130,9,-108,11,216,391,403,218,39,-32,-40,-11,4,-30,-72,-50,-62,-45,21,51,-1,-3,0,13,-11,-6,-19,-17,15,173,519,798,791,552,524,587,436,37,-501,-880,-754,-209,176,347,329,251,109,-9,-10,75,58,-12,-50,75,245,257,86,-50,27,173,225,135,80,-67,-199,-177,-113,-94,-132,-144,-89,24,37,-9,-46,-88,-163
229,3,-0.04287652671337128,739,0,33,18,3,25,5,11,4,91,231,401,555,528,-41,-816,-1233,-741,-70,60,-263,-442,-194,135,245,200,-119,-187,-70,97,171,49,-108,-180,-113,-61,-216,-420,-498,-408,-381,-429,-292,-190,50,224,198,134,136,76,-43,21,192,312,285,209,222,27,22,13,-47,-47,-3,-38,9,177,444,399,63,71,965,1469,1127,205,-194,-50,-13,-101,-187,-130,-259,-546,-531,-291,-99,-102,-226,-134,-181,-245,-237,-193,-68,98,319,120,-27,-354,-457,-110,241,315,121,-145,-303,-235,6,207,212,85,-47,-16,68
230,1,0.2385299801826477,739,1,11,16,-5,-11,0,4,-74,-413,-913,-994,-590,165,446,333,193,121,-80,-108,-5,96,54,7,102,323,378,200,37,-49,-54,-30,-4,41,65,52,19,37,181,295,176,-99,-271,-245,-215,-178,-150,-70,54,141,111,74,74,106,61,-33,-66,-1,5,-11,-15,-21,-8,10,89,481,1175,1412,1264,669,326,120,-61,-176,-104,-28,-15,-47,14,84,96,11,-32,-32,-61,-61,-49,-86,-142,-174,-151,-89,-55,65,198,269,236,119,-32,-68,3,68,88,100,46,-32,6,37,-70,-235,-269,-169,-17
230,2,0.3685273230075836,741,0,-16,-13,0,-8,-10,17,68,178,289,241,277,547,924,768,154,-321,-588,-588,-353,-2,341,555,470,254,2,-30,70,97,15,44,176,305,297,107,-59,-32,74,105,0,-81,-160,-228,-236,-169,-109,-116,-159,-119,-2,77,67,25,-23,-92,-155,-11,-12,11,1,10,2,-9,-80,-359,-858,-1000,-500,172,294,-172,-444,-101,545,702,318,-155,-242,-61,50,57,161,259,207,-74,-213,-43,230,239,-3,-121,7,102,5,-205,-365,-348,-224,-39,78,63,18,-5,-9,24,37,52,76,41,-9,28,134
230,3,-0.06699797511100769,741,5,14,12,-6,7,7,-9,-3,138,328,230,-89,-16,687,1079,709,97,-142,-117,-142,-206,-169,-87,-146,-379,-426,-236,-35,5,-88,-138,-198,-231,-230,-208,-161,-87,-26,-46,-125,-336,-399,-129,188,273,109,-86,-180,-142,-1,160,194,132,50,54,126,12,1,13,16,2,0,0,11,46,139,294,346,272,454,990,1289,916,207,-50,121,276,198,-38,-272,-355,-192,-54,-35,-139,-174,-44,70,84,15,-43,35,234,437,469,379,259,162,174,140,11,-103,-186,-274,-220,2,127,69,-52,-113,-95,-94
231,1,0.2693515121936798,740,5,3,-1,8,-2,-2,-17,-145,-595,-1150,-1255,-772,-271,-10,9,12,31,39,34,65,59,-6,-39,-1,62,30,13,34,76,106,113,141,126,109,85,52,-88,-232,-262,-196,-44,66,39,-10,-68,-91,-61,0,36,-21,-26,66,181,188,63,-19,2,17,6,-6,-6,9,-20,-139,-536,-913,-616,394,1066,773,78,-259,-229,-87,-38,1,10,-23,17,129,212,157,51,-6,-10,-21,-30,-12,27,27,-12,-66,-34,100,160,66,-124,-195,-168,-123,-117,-101,-15,74,95,67,46,40,44,14,-30,-13
231,2,0.3993491530418396,743,-6,-17,-15,1,-9,-20,-26,27,131,450,683,686,445,551,725,595,76,-578,-956,-684,-68,343,392,238,87,-67,-173,-139,22,118,65,-103,-123,10,172,100,-75,-130,30,211,215,203,44,-91,-95,-21,13,-35,-94,-110,-40,-30,-58,-82,-85,-122,4,4,-1,0,6,-7,5,25,82,82,12,32,238,558,597,232,-198,-451,-476,-363,-161,133,383,491,360,123,27,87,104,-9,-27,149,369,394,185,-5,-50,33,46,-35,-105,-148,-176,-211,-197,-167,-176,-226,-165,-5,112,125,43,-29,-63,-80
231,3,0.03619014844298363,735,11,-14,-17,-4,-19,-14,17,2,-155,-376,-428,-291,-489,-1082,-1197,-665,22,300,384,350,328,152,11,-10,200,360,248,54,-77,-7,79,226,321,297,294,312,323,253,236,365,561,543,208,-128,-281,-166,-60,59,124,76,-111,-237,-246,-175,-167,-234,10,-3,-5,29,51,21,27,9,-133,-322,-407,-134,133,-187,-1002,-1336,-782,-36,191,-18,-268,-277,38,374,564,318,141,82,235,337,137,-30,-27,108,157,-53,-393,-584,-503,-374,-165,-9,-103,-160,-101,106,307,387,189,-122,-256,-110,38,99,92,44
232,1,0.2505898177623749,741,-10,-12,-10,-6,-9,-10,19,172,689,1397,1347,284,-609,-576,34,357,212,-13,-81,-79,-51,7,21,-92,-213,-175,-55,3,-13,-31,-48,-83,-112,-137,-154,-76,66,126,91,89,86,59,81,119,181,204,120,11,-90,-64,-24,-63,-167,-192,-84,7,-8,-4,-7,6,1,-10,-1,-15,4,-73,-149,-92,51,232,177,71,62,124,111,34,6,1,-42,-138,-216,-179,-75,8,17,4,31,54,32,9,13,56,30,-161,-322,-285,-55,143,186,127,93,22,-38,-51,-35,-57,-66,-19,44,81,73,28
232,2,0.3363635838031769,738,-10,18,1,5,11,5,27,133,457,904,969,661,142,-7,27,-37,-213,-492,-578,-500,-131,137,323,368,264,100,60,86,52,-4,57,270,394,297,79,-70,-32,-1,-17,-55,-72,-113,-193,-262,-212,-153,-172,-178,-110,68,154,103,7,-65,-54,-39,14,-1,-18,-3,8,6,0,-41,-192,-535,-716,-617,-316,-276,-406,-303,198,729,709,183,-313,-340,-89,96,140,186,168,66,-123,-170,9,273,246,-87,-235,-47,149,105,-92,-218,-267,-222,-137,-26,-41,-94,-91,-3,112,155,114,88,56,32,69,130
232,3,0.08577346056699753,736,0,40,21,-11,13,35,12,36,-36,-152,-412,-486,-254,277,321,-157,-761,-707,-369,-302,-361,-323,-31,360,595,300,-67,-74,195,388,248,-107,-320,-91,41,-143,-494,-631,-495,-361,-348,-308,-259,-202,70,158,244,280,77,-297,-407,-165,210,307,221,163,-15,5,3,26,-11,-5,-17,17,204,641,945,456,-399,-698,-188,400,555,188,-270,-442,-202,57,116,-75,-347,-540,-479,-239,-103,-279,-342,-248,-201,-321,-450,-407,-119,245,377,172,-211,-512,-203,313,525,221,-261,-513,-318,29,338,426,250,143,73,151
233,1,0.22914977371692657,736,4,4,16,8,14,0,-12,-41,-285,-1017,-1583,-1573,-977,-296,-238,-330,-281,-141,-30,8,9,-17,-45,9,198,386,222,74,-36,-54,0,71,112,122,130,89,38,-44,-90,-151,-172,-146,-60,-65,-208,-239,-217,-116,6,74,37,17,108,185,190,97,12,24,12,0,0,10,1,-14,-96,-392,-567,-559,-313,7,134,166,12,-216,-274,-150,-58,-42,7,150,333,447,276,36,-82,-22,64,41,-49,-57,7,-4,0,87,307,403,205,-107,-248,-215,-155,-91,-52,-6,0,5,9,5,-32,-54,-99,-74
233,2,0.3685273230075836,740,2,-8,13,-4,-14,-1,12,-1,114,371,629,562,191,-139,55,359,382,-397,-1192,-1246,-348,324,441,158,-49,-155,-176,-181,-27,219,253,-23,-321,-162,199,313,0,-267,-215,84,321,435,315,131,-36,38,104,63,1,-91,-83,-85,-88,-109,-79,-26,-4,-12,19,4,2,-2,-13,24,146,521,872,970,809,482,317,124,-160,-444,-669,-661,-460,-63,191,291,299,200,82,49,68,42,-34,72,311,431,231,-41,-185,-112,-11,28,-24,48,-35,-181,-311,-263,-236,-261,-230,-119,146,215,103,-25,-80,-99
233,3,-0.1313227415084839,735,-30,-36,-6,-15,10,-15,-6,-9,-46,-138,137,890,1228,1099,679,643,431,136,94,234,282,59,-205,-331,-273,59,167,118,-74,-22,91,183,258,233,187,365,493,450,234,117,217,373,270,-34,-266,-284,-113,-88,-74,42,100,-16,-172,-262,-164,-111,-12,-9,12,-6,20,35,-9,-1,-79,-210,-37,803,1173,531,-528,-918,-503,-171,-145,-203,-231,-314,-157,153,390,371,173,81,145,292,196,-11,-139,13,172,-36,-391,-582,-405,-153,40,171,-87,-342,-255,-36,249,326,143,-196,-358,-358,-49,43,24,-61
234,1,0.2505896985530853,741,-11,-6,-5,-7,-11,-7,9,-35,-228,-588,-861,-833,-618,-497,-439,-348,-234,-78,51,100,87,18,-48,-42,90,165,129,50,-26,-74,-18,89,150,149,85,23,-57,-156,-236,-229,-154,-32,39,-22,-93,-155,-148,-85,-8,31,49,64,160,251,226,88,-22,-6,-12,-2,18,12,-9,-21,-146,-448,-657,-442,126,432,304,56,-103,-147,-134,-108,-125,-136,-121,41,285,391,248,28,-65,-26,3,-24,-37,-8,19,-25,-34,70,208,167,-40,-209,-215,-175,-176,-191,-149,-70,-9,-25,-47,-49,7,58,50,26
234,2,0.43151283264160156,744,-9,-15,10,20,-1,3,1,30,-26,-209,-259,-11,335,266,-118,-309,6,440,365,-69,-300,-85,231,388,302,158,107,41,-100,-114,93,379,319,-20,-181,9,266,247,17,-228,-341,-301,-207,-146,-119,-103,-110,-72,65,135,155,130,8,-98,-109,-35,-3,-31,-1,12,4,9,-22,-168,-541,-937,-1054,-862,-629,-470,-296,21,445,815,788,367,-68,-268,-307,-274,-130,29,75,-32,-97,-37,-26,-129,-229,-166,-6,158,106,-15,-129,-146,-183,-45,129,229,181,139,182,165,68,-91,-104,-2,73,110,106,116
234,3,-0.010713654570281506,741,-7,-31,-20,34,49,51,13,38,-109,-367,-536,-169,207,-191,-1141,-1299,-639,-24,25,-182,-309,-339,-204,72,503,641,422,151,188,281,206,42,-74,-18,118,4,-301,-372,-193,-40,94,280,78,-218,-300,-134,137,316,258,-138,-442,-395,-181,10,-40,-158,5,38,51,-9,6,31,4,-23,33,164,169,29,239,814,730,-246,-885,-543,-129,-128,-373,-263,142,498,471,21,-256,-118,90,122,13,-154,-243,-254,-154,-199,-559,-739,-515,-353,-407,-548,-340,-15,267,328,189,243,306,134,-37,-16,110,182,158,192
235,1,0.23450860381126404,738,3,4,-15,-11,3,18,8,-91,-518,-1151,-1371,-693,280,680,370,-25,-219,-172,-91,-20,-67,-152,-89,132,438,467,221,50,-14,-10,-65,-138,-107,30,123,164,200,342,366,161,-121,-242,-165,-165,-148,-191,-61,26,31,-26,-64,-87,-35,5,-13,9,-11,-7,-4,-13,-3,-1,22,89,390,765,754,297,9,66,298,368,238,12,-139,-165,-69,71,149,109,-1,-15,25,-17,-15,12,11,-66,-124,-133,-85,12,125,222,277,251,134,-33,-61,62,162,239,165,74,0,23,62,-12,-173,-291,-201,-56
235,2,0.31492263078689575,738,26,11,12,0,0,-49,-82,35,205,683,933,724,303,309,586,383,2,-737,-1290,-1240,-528,124,480,620,569,244,-99,-236,-64,93,63,41,179,379,228,-24,-170,-100,119,256,103,199,-98,-381,-403,-178,-100,-174,-218,-95,228,261,-19,-159,-243,-216,-27,3,-9,22,-14,17,37,30,56,-197,-543,-756,-394,-63,40,-136,-298,38,342,151,-308,-286,60,556,656,415,28,35,65,-44,-117,137,505,491,9,-242,-24,252,245,-49,-309,-522,-332,-290,-192,-76,-147,-205,-114,142,217,212,189,38,-76,-130
235,3,-0.08308009058237076,739,4,4,3,11,13,-10,-4,9,17,3,-3,26,359,958,1152,570,-327,-613,-340,-146,-208,-216,-33,243,387,255,0,-56,52,130,126,64,-29,-85,-73,-119,-351,-561,-532,-357,-253,-244,-187,-38,84,136,127,218,347,272,24,-47,-3,80,97,105,3,15,23,14,3,21,-6,1,42,218,337,85,-424,-459,207,824,740,259,-124,-159,-6,175,241,130,-139,-353,-358,-232,-136,-89,-62,-66,-79,-99,-124,-55,54,81,25,-70,-204,-298,-175,156,374,282,33,-144,-189,-69,105,214,240,157,84,83
236,1,0.19832736253738403,740,-8,2,-13,4,-8,-11,8,64,340,868,939,597,16,-50,164,272,141,-94,-121,-77,-37,-14,12,128,238,281,151,-53,-79,-17,40,19,-22,-22,-8,-35,29,154,271,247,62,-152,-166,-124,-59,3,50,63,24,29,26,-14,-59,-111,-83,-29,-9,-27,-6,15,7,-11,5,154,797,1515,1550,1087,-149,-482,-130,128,202,116,64,45,77,203,175,-32,-427,-481,-284,-110,39,42,-3,-71,-131,-157,-135,-112,-61,-91,-105,22,197,179,151,194,222,240,63,-79,-122,-13,47,48,-76,-162,-98,-51
236,2,0.32430320978164673,741,-17,-8,18,2,-50,-5,-21,70,330,968,1255,1101,213,13,130,505,74,-927,-1239,-658,202,290,97,-119,-159,-257,-199,-306,-18,157,-1,-355,-377,-17,300,196,-115,-191,58,418,544,473,178,-152,-26,52,13,10,-133,-159,-113,-167,-148,-136,-53,-87,7,23,-23,-1,4,25,1,115,459,961,814,380,-174,-127,156,171,-221,-708,-728,-729,-162,-10,290,538,493,205,62,12,31,-27,-37,158,397,251,-37,-207,20,115,173,30,-140,-268,-210,-352,-77,-84,-113,-205,-137,182,190,232,57,-19,-153,-140
236,3,-0.1125619187951088,740,21,38,16,1,-1,2,-13,-1,10,-23,27,296,869,1092,601,-235,-730,-458,-149,-141,-199,-79,201,437,488,209,-36,-2,124,180,159,37,-57,-10,-18,-207,-531,-658,-544,-281,-185,-156,-57,38,163,136,152,350,344,67,-69,-49,171,231,157,60,-17,11,15,25,-5,6,-6,18,170,394,212,-584,-1326,-1210,-287,436,546,154,-167,-209,-63,104,157,23,-242,-389,-253,-149,26,57,-13,-66,-167,-228,-152,-53,-45,-55,-91,-268,-446,-399,-13,432,409,152,-103,-269,-223,-75,91,310,285,228,154,145
237,1,0.19430667161941528,743,22,-31,-57,-34,10,42,6,40,198,754,1226,1299,549,-53,-78,47,112,209,245,182,-23,102,294,224,-272,-1119,-1102,-646,-36,189,120,-90,-231,-284,-237,-140,27,10,-120,-193,48,384,458,398,472,516,413,87,-163,-217,-14,90,9,-237,-273,-118,20,16,5,6,9,9,6,-19,-170,-594,-905,-569,44,149,-70,-368,-348,-117,107,140,71,-24,-106,-164,-241,-288,-225,50,120,77,-80,-135,13,88,83,55,-21,-116,-393,-676,-428,-17,255,194,11,-92,-131,-96,3,6,-76,-132,33,222,306,207
237,2,0.2921397089958191,736,-21,8,10,4,16,-8,9,-82,-206,-479,-332,-3,308,90,-453,-673,152,1337,1509,615,-201,-312,-118,168,175,236,259,205,-88,-214,-5,414,329,-63,-287,-108,126,80,-224,-471,-492,-336,-42,144,-70,-163,-137,1,164,118,64,161,146,120,97,93,-1,-15,13,5,0,24,13,-98,-485,-875,-890,-698,-222,-318,-367,71,473,774,717,508,84,-202,-455,-396,-389,-47,50,17,-30,48,-2,-148,-350,-188,77,232,22,-131,-155,38,113,185,210,352,117,146,136,159,57,-229,-262,-184,-34,89,169,140
237,3,-0.08441997319459915,739,-4,26,21,-27,-11,-20,36,44,190,434,356,-271,-1031,-1142,-475,-48,123,42,-214,-336,-235,13,240,303,36,-384,-437,-175,72,236,97,-99,-274,-299,-295,-261,-257,-306,-408,-466,-697,-618,-160,370,537,230,-57,-86,-52,-69,28,228,454,394,265,216,-7,-1,34,-1,-7,-2,-29,-13,54,265,366,110,-439,-684,-96,497,682,314,64,101,236,158,-127,-502,-676,-414,-143,-10,-195,-291,-192,-47,-8,-131,-164,96,634,888,599,255,7,-100,-34,-11,59,22,-138,-434,-434,-33,231,71,-115,-194,-124,-11
238,1,0.210387721657753,739,-6,8,16,7,24,-7,-3,-46,-360,-1217,-1635,-1605,-929,77,171,-140,-259,-168,-32,17,11,-43,-123,-97,120,376,264,142,59,-54,-50,39,160,187,123,44,-39,-91,-141,-178,-175,-129,-35,-61,-195,-206,-188,-51,66,88,14,-11,85,162,202,112,11,11,20,-4,-7,-11,-7,-28,-139,-464,-583,-543,-71,354,397,204,71,-19,-82,-103,-106,-123,-145,-33,226,495,352,81,-74,-72,31,50,30,42,81,82,70,114,222,236,32,-211,-231,-137,-86,-50,-16,53,71,86,68,31,-31,-40,-38,-42
238,2,0.24523593485355377,738,12,6,6,5,-22,-12,-10,-14,63,531,1023,1096,379,-157,-55,325,395,-464,-1213,-996,-134,280,127,-168,-351,-264,-194,-239,-125,121,154,-68,-459,-394,-1,252,1,-107,-50,159,347,422,206,15,-56,159,165,126,-30,-163,-186,-176,-126,-130,-61,-50,10,57,-10,-25,12,-6,-7,7,147,845,1023,972,650,185,197,95,-140,-518,-652,-598,-414,-78,160,394,391,370,85,-41,-20,11,-69,-16,207,372,182,-39,-214,-33,62,62,-46,-44,-142,-244,-371,-165,-156,-148,-114,21,193,187,95,7,-92,-139
238,3,-0.08709810674190521,738,12,12,-11,3,-12,-10,50,22,-4,-25,-164,-315,-334,-296,-379,-427,-235,-55,-138,-359,-425,-239,104,577,644,178,-119,-57,275,427,230,-87,-250,-183,-105,-345,-727,-889,-642,-497,-511,-351,-93,234,257,66,15,271,332,-82,-310,-13,307,363,198,88,35,11,2,-12,8,-28,3,27,217,505,433,-317,-1095,-943,-150,33,-175,-372,-240,-66,45,119,85,0,-334,-576,-496,-219,-41,24,-4,-145,-329,-430,-419,-187,189,335,52,-207,-587,-641,-225,286,464,287,-52,-241,-246,-30,278,298,270,135,56,166
239,1,0.20368748903274536,743,-8,-10,-12,-9,-6,-9,-13,43,295,790,1077,860,295,-31,56,241,289,163,25,-42,-75,-78,-22,62,113,116,52,-63,-80,-34,9,-54,-130,-108,-30,33,129,258,364,324,109,-129,-164,-56,56,84,68,57,12,0,6,-13,-93,-142,-136,-77,-8,-14,5,-8,-17,-19,-10,34,271,722,973,707,-11,-385,-274,-43,73,53,26,4,29,127,201,79,-278,-527,-410,-131,75,100,15,-88,-143,-147,-103,-49,-11,-9,-33,29,185,243,208,186,224,235,153,4,-90,-95,-28,10,-49,-156,-142,-51
239,2,0.3993489444255829,741,-8,-13,-50,-50,10,31,8,-27,-228,-857,-1306,-1284,-584,-321,-232,-295,-43,752,1189,783,42,-357,-208,-52,59,191,214,327,54,-178,-98,110,276,112,-135,-167,139,234,-21,-220,-375,-427,-77,253,258,55,-15,-58,30,140,73,147,164,211,144,170,29,-34,35,32,-42,-3,-11,-56,-228,-424,-453,-382,-388,-210,-167,-3,155,318,593,654,381,-75,-427,-775,-748,-374,80,99,-36,-72,23,-106,-383,-467,-149,142,229,74,-61,-85,16,30,122,257,375,278,273,271,152,-67,-222,-203,-98,14,143,233
239,3,-0.1219416931271553,737,5,5,-15,-17,6,50,-20,-3,-195,-414,-156,694,1384,930,123,92,459,567,209,-76,-158,-206,-106,41,417,546,398,234,46,-20,-20,21,153,283,280,119,-129,-225,-11,156,430,520,276,-144,-332,-288,48,239,232,-85,-343,-449,-228,-82,-45,-121,12,21,19,13,-14,-28,12,4,20,67,36,-84,-246,-618,-915,-935,-358,54,40,-248,-354,-150,214,557,511,63,-209,-94,248,440,277,-89,-333,-285,-224,-411,-637,-668,-530,-412,-482,-377,-123,122,219,28,-44,175,278,7,-61,66,290,250,128,112
240,1,0.2385294884443283,741,-15,4,-4,-8,-14,1,-14,35,268,691,929,593,-189,-597,-461,-277,-239,-194,-88,7,117,171,139,-61,-370,-525,-329,-22,166,132,46,16,1,-51,-111,-144,-188,-290,-385,-287,-27,191,220,160,121,140,106,-31,-137,-115,-30,36,28,-2,-3,27,-18,-13,-5,8,7,18,-10,-52,-239,-629,-843,-558,-36,162,-62,-333,-351,-180,-37,28,21,-51,-125,-94,74,225,188,79,1,-64,-29,78,188,195,100,-13,-115,-244,-333,-327,-208,-47,19,-95,-215,-267,-191,-82,-2,38,7,35,152,241,193,58
240,2,0.4248116910457611,736,0,-43,-8,30,-15,24,-38,-79,-258,-454,-669,-405,12,358,394,104,-82,-99,224,553,431,63,-448,-832,-745,-374,-48,-12,-68,-41,-31,-161,-444,-493,-119,237,268,46,-104,-144,37,91,95,133,221,245,327,365,219,-18,-187,-245,-198,-125,-23,177,33,-1,25,-23,13,12,14,37,208,736,1154,1059,418,99,-11,100,5,-737,-1278,-993,-158,390,368,386,341,54,-252,-418,-99,214,193,14,-99,43,206,137,-128,-222,-5,220,385,442,114,-273,-317,-218,-105,-157,-171,-171,-48,-132,-188,-232,-180,-205
240,3,-0.12328201532363892,734,-2,-13,12,19,24,-5,-12,5,158,355,115,-660,-966,-26,1006,639,-464,-824,-408,-3,121,128,149,-2,-325,-484,-338,-131,19,28,-18,-82,-148,-227,-167,-42,86,68,-34,-176,-397,-473,-278,84,292,180,-39,-213,-182,46,220,278,169,81,123,162,21,-6,-16,-1,12,-9,16,4,-11,-85,-105,-245,-372,-49,738,1315,1042,315,-24,82,301,248,-44,-321,-325,27,219,121,-181,-320,-203,55,228,238,220,388,610,490,298,208,288,353,212,43,-135,-117,-94,-182,-136,67,112,-30,-215,-193,-114,-101
241,1,0.27605313062667847,738,-4,4,-9,-1,-3,4,3,42,154,283,144,-277,-616,-574,-353,-274,-209,-115,-9,52,90,95,18,-148,-312,-259,-56,124,166,74,9,3,22,17,20,12,-88,-253,-306,-149,106,266,257,225,264,221,84,-62,-137,-112,-49,-30,-78,-93,-35,-19,5,-1,-12,-6,-5,-4,-7,-148,-617,-1295,-1286,-312,525,549,-81,-441,-313,-17,87,54,-19,-63,-53,12,108,104,54,8,-22,-29,38,132,170,121,27,-35,-103,-150,-159,-135,-43,19,-9,-77,-150,-151,-90,-12,63,45,19,54,156,200,109,20
241,2,0.27069851756095886,739,-35,6,-12,-75,-42,14,40,84,318,630,627,252,-125,-365,-359,-203,-88,-333,-935,-1139,-373,222,702,754,569,208,-10,-16,131,164,40,119,352,482,130,-272,-352,-217,164,319,214,197,-28,-206,-225,-381,-364,-454,-329,-112,144,125,118,58,-42,-191,0,6,-22,5,8,-39,-4,16,-60,-434,-722,-561,-141,136,-37,-253,-87,564,762,273,-478,-570,-242,31,171,322,374,410,181,-193,-111,219,538,219,-359,-542,-323,-58,-132,-306,-515,-538,-211,60,8,14,-40,-5,120,209,229,306,269,239,98,105
241,3,-0.15410400927066803,740,-6,7,5,4,3,15,10,7,-49,-177,-102,406,858,311,-689,-1164,-699,-35,270,299,142,-40,-166,-93,90,241,244,156,67,-18,-32,76,212,243,159,50,-25,8,94,167,311,389,289,2,-263,-249,-60,68,103,37,-37,-125,-194,-175,-145,-86,12,21,14,-3,7,27,6,9,1,-18,-26,51,334,490,201,-502,-738,-377,-26,21,-112,-165,19,281,446,269,3,-84,99,307,277,80,-104,-108,-51,-157,-384,-469,-301,-108,-82,-198,-236,-183,-72,18,96,151,115,-33,-112,-68,86,173,167,128
242,1,0.16884326934814453,739,1,7,6,2,-4,-6,10,80,374,898,1000,468,15,-26,255,402,243,41,-47,-64,-63,-70,-6,86,174,169,62,-45,-67,-52,-52,-84,-86,-50,-39,-21,78,270,375,286,15,-182,-170,-114,-72,-69,-37,18,43,53,39,11,-53,-116,-108,-20,-5,-7,-23,-18,-9,-5,22,145,578,1179,1129,229,-548,-578,-146,57,-31,-108,-61,23,102,148,111,-71,-275,-286,-106,40,82,27,-42,-91,-153,-139,-58,16,33,-23,-16,89,154,119,95,133,236,282,198,57,-58,-78,-65,-118,-210,-229,-98,-27
242,2,0.4060501754283905,742,-7,-43,-23,7,21,3,26,142,482,964,1110,837,396,142,81,61,172,292,197,-72,-171,-21,142,233,230,173,173,134,-3,-54,84,318,293,-52,-313,-315,-111,-40,-136,-246,-267,-158,-100,-110,-95,-49,-48,-74,-65,30,134,152,73,10,-37,-26,5,-3,9,-7,3,-20,-21,-115,-301,-471,-363,-90,125,157,7,-25,278,829,935,376,-158,-420,-449,-409,-234,51,170,66,-69,-16,138,138,-103,-343,-223,71,169,23,-165,-282,-313,-251,-24,179,240,227,245,258,189,58,-9,0,24,59,108,155
242,3,0.008047834038734436,742,13,-30,-16,32,47,49,29,-1,-174,-400,-564,-705,-611,-228,415,795,504,122,57,283,268,-49,-319,-485,-205,132,287,233,-124,-220,-111,220,352,263,100,227,428,308,203,223,499,518,341,5,-238,-208,-101,-108,-4,137,136,-87,-310,-331,-242,-152,14,37,-4,-42,-12,-13,2,-44,-206,-339,201,1070,763,-575,-1395,-461,520,526,17,-161,-126,-178,-107,183,475,508,192,132,224,253,127,73,203,295,124,-173,-410,-218,66,248,423,283,-116,-440,-316,1,202,290,112,-84,-182,-167,-72,-66,-33,-82
243,1,0.2197677195072174,742,-17,4,14,1,3,4,-3,-23,-178,-657,-1077,-929,-144,398,290,-85,-159,101,233,164,25,-104,-234,-270,-59,270,354,178,-25,-136,-71,126,314,360,214,47,-66,-122,-157,-280,-358,-311,-182,-137,-234,-384,-398,-271,-47,73,21,7,123,289,292,119,-14,-10,-22,-17,-9,-12,-14,10,105,411,880,1025,548,114,100,351,446,295,90,-14,-86,-132,-144,-63,149,425,433,164,-99,-121,-16,65,-4,-111,-132,-113,-75,52,267,422,259,-111,-322,-263,-184,-153,-99,37,109,80,-3,-52,-56,-44,-119,-127
243,2,0.3564671277999878,736,-8,-8,-1,-5,3,4,-16,-41,-253,-860,-1283,-1228,-425,196,235,-47,-103,361,746,690,199,-214,-271,-189,-173,-84,10,85,14,-118,-76,88,167,-18,-215,-173,89,134,-13,-196,-320,-358,-179,36,149,134,123,178,254,191,27,-5,24,55,43,70,0,10,17,25,-12,-5,-7,-38,-232,-676,-1039,-967,-471,-39,54,-31,-138,-141,-17,205,299,88,-136,-324,-395,-315,-172,-138,-92,5,24,-67,-250,-252,-35,139,123,-7,-17,34,103,70,21,62,159,138,117,118,106,52,-63,-142,-132,-87,-37,19
243,3,0.32699164748191833,742,-8,9,13,14,4,4,3,49,266,631,739,393,87,306,697,627,224,-26,35,121,9,-267,-435,-311,-21,169,112,-68,-178,-114,33,102,79,43,128,223,201,146,141,207,251,129,-49,-134,-119,-108,-120,-48,85,69,-75,-183,-173,-114,-42,12,7,10,9,6,4,-2,-36,-180,-378,-336,-47,-11,-460,-805,-523,62,330,190,2,-76,-115,-78,72,262,301,172,77,73,86,89,121,216,264,166,42,3,92,180,247,274,118,-155,-341,-238,-9,165,180,82,-20,-77,-94,-54,-23,-40,-107,-152
244,1,0.16348430514335632,738,-20,-4,-44,13,-11,-21,11,-18,104,261,353,418,466,614,364,-190,-542,-366,-135,-68,91,308,461,316,-287,-997,-1086,-424,64,162,-64,-352,-424,-248,16,204,263,261,111,34,267,511,495,403,438,595,454,149,-99,-172,-33,56,-61,-282,-291,-96,37,7,-2,15,9,-10,3,34,-12,-55,96,362,530,314,-278,-866,-948,-254,263,244,-20,-160,-165,-82,-106,-130,-126,33,148,44,-80,28,267,301,144,5,-41,-252,-621,-931,-677,-147,217,207,-87,-334,-352,-228,-108,-11,-15,21,183,346,363,188
244,2,0.30554187297821045,739,-13,-23,53,17,-8,0,-30,-79,-320,-825,-887,-755,-226,28,-70,-282,-221,104,485,810,408,-27,-243,-466,-530,-294,-42,-58,5,-62,-60,-83,-258,-262,-223,-55,67,-5,-80,-158,-187,-145,-17,101,262,217,199,329,354,116,-61,-99,-72,-59,7,68,2,22,48,49,-8,-22,22,19,280,1035,1442,1318,152,-431,-209,97,173,-596,-1031,-676,9,321,-5,-175,-166,-149,-82,-175,-40,221,60,-219,-476,-181,227,242,-79,-163,41,283,526,515,176,-59,-92,-4,31,-83,-226,-205,-56,-118,-118,-215,-60,-27
244,3,0.07371234893798828,740,2,5,-8,12,4,-1,21,-37,-360,-757,-792,-223,-44,-524,-1391,-1235,-542,128,230,25,-65,-99,95,474,665,419,107,19,41,217,124,138,281,401,314,81,-44,-50,118,236,299,104,-179,-264,-99,100,290,358,139,-75,-175,-140,15,85,-88,-264,-1,-15,11,-30,-6,-22,3,52,189,586,813,344,-146,-326,-185,-306,-690,-779,-515,-163,-77,84,342,493,310,-145,-274,-85,109,271,152,-137,-259,-252,-243,-296,-404,-412,-341,-377,-486,-333,-20,273,245,87,47,113,-35,-210,-39,293,280,193,94,77
245,1,0.3443964421749115,744,-8,-10,-5,3,4,-4,-37,-213,-479,-619,-573,-488,-377,-19,271,262,118,11,6,-17,-100,-130,6,341,557,410,104,-80,-56,87,230,238,107,-32,-175,-256,-207,-105,-76,-147,-192,-168,-185,-232,-256,-182,-41,72,35,-76,-72,73,231,186,65,27,-21,-8,11,1,-13,-18,-31,-152,-572,-1006,-653,286,906,867,562,280,37,-98,-23,100,170,162,125,76,22,-55,-141,-115,-35,-13,-100,-145,-80,-4,45,126,317,511,529,283,-24,-136,-38,133,191,182,150,95,69,52,-3,-115,-224,-218,-94,79
245,2,0.33368390798568726,742,-4,29,26,16,26,-2,20,-47,-136,-437,-483,-289,60,139,-194,-486,-82,995,1470,1020,-74,-409,-169,146,109,200,298,343,36,-260,-76,369,618,74,-458,-362,78,238,-47,-442,-653,-708,-337,23,98,75,44,122,290,287,211,252,220,231,-6,-31,23,13,16,6,1,-5,28,-58,-108,-67,1,2,-176,-458,-536,-138,151,460,665,774,198,-276,-656,-713,-530,-165,103,16,-94,-113,-65,-168,-366,-516,-253,-19,112,-37,-178,-223,-114,-102,93,266,200,266,346,466,315,55,-75,-116,-142,-145,-22,146
245,3,0.1474195420742035,738,-22,5,0,-5,-13,-12,-5,22,7,-1,109,-36,-450,-809,-645,-376,-513,-720,-514,-229,-95,56,313,626,690,358,-11,-29,154,392,357,91,-42,28,27,-140,-407,-534,-339,-198,-148,-166,-159,-103,-31,40,269,359,188,-144,-180,90,257,236,55,-57,33,3,-12,16,-1,9,17,59,338,991,1480,1178,322,81,228,231,58,-144,-175,-204,-75,25,27,-162,-473,-593,-313,-90,-38,-32,-42,-91,-227,-344,-325,-318,-168,-128,-136,-226,-442,-458,-181,189,274,57,-231,-302,-233,-70,96,237,163,60,66,220
246,1,0.2854336202144623,739,-1,-8,-16,11,34,27,2,-89,-309,-482,-171,25,168,211,236,171,139,58,118,50,-55,-204,-165,122,535,585,246,-14,-132,-34,103,252,330,208,-50,-170,-420,-317,-149,-134,-241,-194,-99,-93,-268,-262,-92,58,112,-59,-159,-44,211,303,154,70,15,16,19,0,-44,-30,-31,-83,-248,-829,-714,320,1573,1541,1040,533,206,-106,-186,-6,191,196,91,46,52,32,-180,-271,-174,-85,-179,-300,-200,-48,49,143,295,572,859,565,52,-287,-298,-23,42,45,112,169,117,125,101,-46,-163,-232,-200,-18
246,2,0.3216238021850586,737,4,-22,3,11,5,2,-3,-154,-725,-1434,-1529,-1062,-216,-20,-129,-103,142,428,495,439,55,-158,-289,-286,-181,-24,59,35,-64,-56,2,-24,-194,-271,-188,12,59,-15,-95,-135,-143,-42,97,206,118,96,148,199,164,-4,-67,-61,-39,-2,74,151,0,0,-5,-7,-14,-3,-18,-76,-321,-608,-660,-368,9,268,291,151,-224,-596,-606,-254,126,159,-19,-129,-91,-88,-143,-160,-13,111,-35,-321,-404,-34,241,147,-101,-153,29,226,358,281,117,-46,-41,29,37,-59,-154,-131,-123,-163,-122,-15,59,37
246,3,-0.0200936421751976,737,19,-7,-3,4,-18,10,-10,13,218,538,506,-121,-417,64,668,418,-63,-134,-20,-61,-85,-10,67,-206,-551,-697,-509,-162,33,59,42,-85,-263,-419,-394,-234,-123,-116,-280,-354,-516,-595,-365,37,367,204,-85,-233,-212,-59,106,193,198,117,126,229,17,-35,-19,3,0,-63,-19,15,44,303,600,694,416,-22,-337,-17,504,759,525,286,177,64,-383,-923,-1096,-651,-90,118,-148,-382,-462,-214,-5,39,67,224,487,546,515,290,135,93,147,231,41,-157,-339,-431,-222,142,279,70,-200,-190,-146,-82
247,1,0.5949965119361877,744,5,10,7,5,3,-4,19,9,-197,-677,-963,-678,-163,-65,-236,-322,-162,-25,-24,-28,37,62,-76,-318,-356,-89,155,223,99,17,13,-13,-57,-28,58,45,-154,-259,-146,105,219,198,171,243,205,40,-135,-165,-57,38,20,-13,-36,-18,-25,-66,13,6,2,11,-4,-6,-56,-281,-559,-906,-1051,-925,-497,-148,9,72,145,160,71,-12,-100,-155,-68,136,256,250,149,57,15,110,290,299,121,-107,-244,-368,-419,-390,-372,-228,-45,7,-99,-182,-127,-9,78,53,-84,-134,18,255,341,244,98,-10
247,2,0.3122430741786957,739,-1,13,6,15,-9,6,5,-26,-185,-565,-992,-1012,-656,-134,-23,-48,-43,17,99,211,303,92,-118,-303,-334,-188,10,16,-55,-96,-47,-48,-203,-318,-204,-22,73,-13,-85,-72,2,45,110,131,190,128,128,166,135,26,-125,-156,-101,-26,54,125,2,-6,21,0,-10,-5,-12,15,185,755,1266,1233,548,64,104,294,206,-328,-747,-707,-240,146,210,141,78,-1,-93,-181,-96,83,106,-62,-204,-71,199,269,21,-99,-58,119,266,343,170,-27,-141,-78,-51,-103,-187,-195,-76,-57,-54,-43,-15,-49
247,3,0.01742892898619175,736,-12,21,-4,31,36,25,-2,-28,-292,-690,-594,-45,30,-381,-463,-122,-35,-319,-233,64,135,75,192,659,1008,862,420,76,53,130,164,165,253,388,308,94,-69,-77,25,258,474,524,214,-154,-330,-119,266,352,194,-57,-181,-183,-103,-48,-87,-210,-20,34,30,50,31,38,13,43,39,58,170,263,502,470,-37,-627,-828,-565,-252,-224,-299,-73,401,830,738,218,-171,-81,251,440,371,76,-172,-213,-171,-276,-536,-656,-504,-355,-282,-319,-339,-169,100,264,329,249,58,-191,-171,73,251,176,82,90
248,1,0.6700432300567627,740,-6,-1,5,8,3,11,-15,-184,-644,-1204,-1262,-763,-109,187,155,62,-2,-39,-26,101,186,100,-162,-371,-247,52,193,179,89,-4,-117,-191,-152,-22,59,-55,-213,-191,-11,150,186,168,211,238,101,-36,-87,-8,103,72,-35,-68,5,40,-15,-88,20,6,18,2,-5,-39,-157,-403,-611,-714,-679,-613,-500,-405,-230,28,159,95,3,-36,-65,-46,31,74,104,130,122,84,95,236,303,224,79,-104,-320,-498,-532,-420,-202,57,178,67,-69,-113,-72,-14,11,-48,-130,-78,141,324,304,134,-62,-161
248,2,0.3524453341960907,742,7,1,-5,16,6,4,6,-32,-181,-539,-833,-838,-520,-257,-289,-342,-174,176,485,535,285,-72,-283,-341,-288,-105,55,90,-12,-99,-39,43,-19,-167,-225,-96,55,35,-65,-145,-137,-60,78,182,174,86,41,129,137,44,-69,-84,-41,-7,16,57,21,0,-3,-2,3,9,-7,4,125,487,754,690,254,-100,22,307,229,-245,-552,-371,43,225,40,-173,-217,-162,-138,-108,-27,94,64,-130,-275,-116,145,198,-5,-184,-144,43,225,271,127,-19,-61,-15,26,26,-53,-116,-123,-119,-122,-80,-43,-36
248,3,0.08711306005716324,735,30,40,28,23,-17,-20,-4,1,156,410,341,-107,-157,541,1320,977,198,-63,-13,-17,-81,-54,-35,28,-194,-397,-330,-129,-40,-110,-200,-268,-276,-319,-339,-251,-87,75,136,-172,-399,-546,-249,51,190,123,-121,-265,-143,-11,114,87,69,12,12,193,8,-8,-6,-7,-47,-2,-9,23,37,284,704,623,-73,-1159,-1056,-115,550,432,195,202,240,117,-200,-702,-756,-382,34,196,-52,-291,-339,-73,199,259,189,327,489,653,465,337,236,258,302,192,-50,-137,-125,-189,-143,68,234,55,-224,-270,-157,-119
249,1,0.21038714051246643,742,33,-10,-21,-17,-7,-1,5,75,364,999,1094,318,-81,99,545,496,189,20,-37,-102,-68,54,209,74,-311,-683,-498,-114,73,35,-128,-271,-258,-210,-131,45,151,247,152,206,199,165,57,176,279,389,157,-100,-242,-67,197,99,-224,-500,-332,-87,-9,-34,-1,27,9,-8,15,32,76,349,569,211,-538,-1181,-1133,-772,-187,204,350,209,139,268,274,135,-156,-380,-180,130,355,168,52,131,137,99,-118,-211,-372,-587,-727,-583,-80,378,577,348,245,211,115,-20,-39,-123,-91,4,97,224,304,220
249,2,0.380587637424469,737,-6,-2,4,16,12,7,-6,16,-4,-195,-416,-426,-112,57,-80,-357,-321,51,253,42,-236,-173,110,344,344,221,129,106,26,-103,-100,185,431,334,31,-104,41,221,193,4,-201,-341,-288,-145,-88,-59,-58,-44,39,171,252,290,222,93,18,22,-3,11,-7,-21,5,25,17,-55,-195,-491,-688,-722,-627,-633,-546,-337,-10,499,859,732,189,-239,-325,-249,-174,2,152,114,-76,-162,-11,163,84,-154,-276,-110,130,177,-18,-225,-287,-250,-19,198,193,97,86,198,224,107,-30,-67,-18,19,51,86
249,3,0.09381405264139175,742,-14,-39,-35,-22,-35,19,-5,2,-115,-366,-460,-174,-222,-903,-1474,-947,5,414,465,342,264,88,-32,24,323,483,297,49,-100,-115,-17,85,231,280,376,427,506,513,274,344,501,601,327,3,-143,-128,-17,-30,-96,-42,-81,-189,-228,-220,-125,-178,6,-20,-61,-28,54,18,7,21,-101,-398,-689,-325,194,535,-229,-1047,-958,-184,223,74,-147,-106,166,539,809,501,191,42,113,262,295,117,-37,-45,61,-30,-298,-456,-316,-100,39,74,-100,-188,-71,-30,104,256,188,-28,-198,-108,77,147,62,-37
250,1,0.22914843261241913,743,-16,10,-3,-13,-9,0,-6,-11,-146,-314,-344,55,574,774,662,435,176,-57,-165,-195,-180,-103,80,212,268,122,-66,-147,-116,-40,-59,-152,-203,-109,28,141,295,462,432,187,-162,-329,-319,-217,-141,-93,-49,-27,14,50,55,14,-77,-182,-189,-76,-6,-20,-19,-17,-10,-12,0,176,797,1467,1454,425,-292,-80,303,201,-75,-89,-54,-67,-22,84,146,-27,-350,-311,-144,9,62,34,23,2,-34,-108,-80,48,158,146,86,110,195,128,80,156,222,205,52,-135,-155,4,76,-41,-239,-278,-121,12
250,2,0.38728874921798706,741,-2,12,-14,-35,16,-24,-4,130,551,1160,1342,980,334,179,167,221,-369,-1068,-1166,-568,73,184,186,136,-35,-169,-154,-60,141,89,-82,-300,-110,207,292,-25,-242,-127,64,273,430,310,-10,-256,-157,-77,-140,-344,-323,-118,0,-81,-87,-80,-79,-149,32,-6,-36,21,47,-8,15,193,526,920,897,693,289,161,179,-53,-98,-241,-409,-537,-207,130,369,506,469,201,70,-22,-116,-118,-58,231,360,239,38,-39,-19,41,23,-66,-169,-163,-110,-177,-115,-58,-159,-203,-104,192,244,297,130,-1,-77,-106
250,3,-0.03617562726140022,737,-52,-26,-14,-17,-27,18,30,-18,-180,-356,-29,795,835,-208,-1342,-1033,-330,137,139,95,40,7,223,748,1028,590,64,-49,76,125,143,65,97,144,149,49,-102,-48,-6,154,393,359,-34,-370,-326,-34,207,271,119,-52,-177,-198,-71,-42,-33,-130,9,35,26,-27,-37,-8,7,27,109,285,431,761,837,488,-104,-622,-553,-176,-26,-148,-103,199,493,555,268,-247,-274,-100,179,277,174,-102,-287,-261,-206,-343,-477,-431,-357,-273,-372,-361,-245,-43,66,64,68,81,12,-87,-41,166,286,215,197,122
251,1,0.19430498778820038,743,10,5,31,13,20,6,-8,-169,-722,-1401,-1408,-432,152,-222,-843,-881,-250,141,302,295,98,-151,-312,-190,86,326,236,73,-93,-90,114,349,534,437,200,-86,-330,-632,-573,-343,-170,0,70,-78,-116,-142,-97,26,180,2,-134,-16,259,487,378,25,-15,23,9,-28,1,8,-1,-50,-301,-588,-637,-146,225,278,310,612,561,64,-224,-62,31,-8,-38,126,450,423,119,-53,-128,-95,-132,-195,-171,-13,73,9,30,304,409,129,-362,-569,-442,-235,-254,-310,-149,110,275,129,-66,-46,101,142,28,61
251,2,0.4368720054626465,743,-15,-19,1,-16,9,-4,4,62,261,692,1052,1026,604,133,-114,-219,-132,-69,-92,-188,-155,58,284,389,313,130,41,21,-39,-78,-14,166,248,121,-101,-159,-58,38,-21,-144,-184,-113,-43,-22,-9,-2,-51,-98,-46,95,179,160,55,1,-43,-62,6,-13,2,9,6,-11,-18,-63,-233,-551,-672,-580,-315,-207,-254,-301,21,630,955,584,-46,-319,-173,14,93,186,233,134,-98,-178,-22,177,107,-182,-302,-83,181,147,-55,-284,-387,-346,-69,191,236,180,134,182,177,103,45,55,69,42,59,135
251,3,0.054952435195446014,739,0,2,-12,4,8,9,5,-43,-91,-263,-68,543,607,25,-519,42,668,546,175,0,27,-23,-324,-414,-62,399,368,219,-10,-69,-32,218,523,601,335,58,7,95,273,419,619,633,257,-100,-303,-154,-20,37,-2,-26,-122,-193,-251,-118,-193,-224,-63,6,-27,-4,-21,-56,10,-4,-127,-404,-655,-619,-318,-458,-1211,-1188,-593,35,103,12,-17,18,262,666,979,686,231,-45,154,369,237,-33,-89,71,208,76,-154,-256,-127,-6,146,109,-178,-312,-184,52,333,436,170,-146,-341,-114,99,133,94,-14
252,1,0.35109812021255493,742,-1,3,-9,-30,-12,3,21,175,649,1144,1104,444,-166,-292,-174,-125,-121,-72,-48,-66,-45,-7,-7,-66,-106,-60,-3,23,33,31,17,-16,-42,-27,-6,22,-14,-66,-57,10,77,72,61,84,86,43,-32,-98,-96,-33,8,-35,-58,-33,-9,-6,-10,-4,3,-1,-1,-12,-19,-125,-491,-984,-1118,-711,-113,133,50,-89,-56,38,65,43,-25,-94,-89,-15,79,84,42,9,-9,11,50,88,99,95,53,-15,-112,-166,-129,-39,31,62,50,30,21,12,-3,-6,-11,-22,-4,47,60,70,31,-10
252,2,0.34038519859313965,739,-4,-13,-21,-15,15,8,-10,51,263,586,667,543,361,199,193,216,233,220,55,-162,-185,69,292,325,219,94,58,80,7,-101,-89,101,272,134,-143,-232,-97,22,-24,-149,-203,-134,-6,19,-65,-99,-104,-59,22,119,141,166,126,48,-46,-112,6,-5,-9,-5,-12,14,2,-66,-419,-1305,-1600,-1527,-389,225,70,-190,-112,377,529,429,101,-121,-107,-81,-34,85,136,141,-1,-94,-25,63,31,-111,-182,-109,87,90,-31,-159,-241,-235,-45,90,143,154,96,79,53,44,11,45,36,16,26,72
252,3,-0.20636813342571259,736,-18,-16,-23,14,-22,7,-31,-13,-33,-85,-72,136,415,390,244,370,514,421,272,184,208,119,-49,-327,-472,-302,76,203,149,-120,-216,-50,305,445,261,106,161,377,379,285,302,412,435,239,28,-177,-234,-226,-113,148,231,71,-239,-345,-222,-142,17,8,-20,-18,-6,-22,36,4,0,-181,-180,301,1307,1408,269,-727,-913,-561,-142,106,160,95,-14,187,609,827,446,51,75,254,309,184,52,203,346,215,-110,-347,-263,-9,265,462,275,-141,-433,-290,111,474,385,20,-195,-276,-191,-68,-101,-185
253,1,0.2666715383529663,742,-7,31,-18,16,6,12,0,116,406,719,328,-762,-1309,-693,347,998,505,-197,-487,-164,60,387,317,80,-248,-466,-411,-166,-18,62,-17,-157,-258,-349,-260,-36,184,496,575,444,254,-58,-212,-89,31,107,75,77,83,88,85,-63,-153,-242,-128,117,38,-2,8,6,11,2,13,49,102,-173,-870,-1354,-969,-472,-407,-453,-176,-28,-30,-22,107,400,322,20,-373,-451,-141,104,144,154,135,87,-27,-96,-64,41,51,78,-89,-54,244,388,407,206,120,125,-21,-199,-258,-65,241,156,59,-105,3,2
253,2,0.4341922998428345,741,3,-8,-6,-1,2,-5,-22,-93,-228,-231,-64,86,66,-172,-298,-132,392,869,831,264,-247,-374,-279,-196,-62,111,198,64,-150,-202,-53,85,-1,-217,-205,22,136,-35,-301,-418,-380,-197,54,214,239,182,155,140,88,8,22,61,75,65,105,168,-21,-3,-8,-40,-24,10,14,111,602,1411,1487,564,-254,-424,-59,112,-57,-153,-57,102,70,-101,-231,-284,-219,-74,-23,3,89,100,-32,-191,-179,-5,106,94,-11,-36,31,68,15,-47,-33,37,73,82,30,-65,-149,-93,-73,-100,-89,-24,48,50
253,3,-0.17286430299282074,737,25,49,0,30,0,-9,-10,-25,10,-80,46,203,637,834,600,-62,-787,-931,-470,-95,-6,-19,139,260,609,575,101,-102,66,326,433,183,32,5,-26,-176,-522,-745,-618,-169,32,-104,-288,-331,-275,15,152,264,270,-43,-251,-159,110,236,105,-43,-17,-10,20,4,-1,5,-11,-17,56,219,212,-276,-1309,-1319,-277,521,474,-71,-360,-231,-87,16,161,258,3,-255,-296,-184,-62,28,-72,-220,-340,-354,-244,-80,7,-2,24,-128,-316,-484,-372,-6,252,353,238,-26,-160,-199,-118,56,188,208,191,187
254,1,0.28811338543891907,738,-2,7,6,6,0,-7,-11,-1,19,181,425,595,561,439,282,124,37,21,35,15,-61,-144,-112,63,324,450,256,14,-68,6,75,61,29,-1,40,6,-21,29,103,0,-270,-479,-403,-256,-178,-152,-47,63,138,95,-19,-42,30,63,15,-35,-16,-31,-32,-27,-19,-15,-4,95,497,1225,1465,1021,183,-24,294,647,534,71,-168,-193,-59,45,72,6,-150,-223,-192,-170,-97,-46,-91,-207,-291,-257,-114,47,194,254,273,308,258,101,18,35,97,88,49,37,52,49,-4,-144,-239,-243,-139,-21
254,2,0.3430648744106293,743,4,-4,-5,11,35,-1,-14,-44,-237,-811,-1251,-1194,-503,74,164,-24,-45,266,491,454,131,-113,-144,-98,-95,-24,74,112,10,-96,-77,58,112,-1,-159,-115,49,96,21,-92,-146,-134,-15,79,109,74,82,119,143,122,21,2,61,52,30,45,-10,6,20,25,0,7,-4,-42,-227,-616,-848,-721,-362,-202,-259,-234,-41,200,300,300,174,-53,-246,-370,-327,-162,-18,18,7,3,-35,-116,-181,-139,-38,68,88,16,-42,-36,12,25,33,73,119,110,98,60,14,-33,-79,-64,-63,-55,-15,52
254,3,0.09515423327684402,737,41,16,-3,-40,-3,-10,-23,125,529,1152,1356,639,143,204,663,408,-135,-472,-382,-112,45,226,288,86,-200,-376,-251,72,225,120,-141,-210,-235,-245,-328,-546,-551,-384,-243,-267,-493,-512,-246,111,215,154,-11,-103,-174,-115,111,333,261,146,103,66,40,-12,1,8,-36,-3,22,27,143,201,-42,-417,-300,195,676,525,120,-101,-49,50,88,0,-249,-626,-624,-308,-114,-221,-456,-463,-322,-162,-62,23,270,709,847,477,52,-94,23,246,326,124,-89,-212,-224,-167,-1,164,131,-59,-93,-16,163,207
255,1,0.2318280041217804,742,-7,-7,5,2,5,0,-4,-9,-47,-135,-201,-57,234,373,27,-487,-626,-306,-34,7,-6,82,93,-78,-376,-571,-418,-115,20,-20,-82,-40,56,62,5,26,49,-97,-300,-328,-16,350,476,398,309,273,142,-28,-144,-119,-12,2,-59,-60,17,40,-1,15,19,-3,-2,-19,-9,-49,-282,-813,-1170,-814,25,492,175,-413,-618,-275,91,245,123,-62,-181,-131,49,169,133,84,56,59,80,205,373,381,174,-49,-219,-333,-364,-399,-328,-144,-21,-84,-215,-247,-161,-65,-5,-4,-2,55,169,313,268,118
255,2,0.30554190278053284,738,1,-15,-7,61,-38,21,-9,-87,-353,-680,-887,-749,-366,-239,-237,-132,-88,-124,110,364,280,-51,-684,-988,-765,-431,-124,-84,35,197,52,-274,-596,-465,12,282,152,-69,-28,156,307,236,97,82,113,124,207,103,-3,-91,-164,-183,-118,-64,82,154,17,44,12,-5,2,-5,5,-7,61,99,21,-65,14,63,135,128,-146,-816,-1346,-940,-38,557,520,447,262,-102,-444,-433,28,322,67,-221,-294,148,367,131,-219,-272,101,425,618,484,119,-216,-211,-240,-231,-365,-383,-234,-62,-148,-180,-231,-117,-155
255,3,0.056291352957487106,735,11,-3,10,9,-8,-36,14,-7,-5,-14,248,428,392,2,-19,483,766,461,108,16,111,28,-291,-518,-488,-92,49,-49,-255,-379,-281,-63,103,137,138,371,690,668,410,286,469,572,332,38,-277,-299,-190,-142,69,255,106,-170,-357,-251,-55,71,9,-19,-42,17,30,42,-9,-11,-276,-744,-943,-252,241,-93,-1228,-1335,-432,415,514,108,-117,-114,-7,253,594,506,169,-24,-22,75,193,195,311,328,251,62,-30,-61,33,120,271,363,208,-50,-177,-101,36,204,201,-18,-281,-266,-238,-137,-117,-66
256,1,0.2572917342185974,737,-7,-13,-9,-10,-8,-18,-12,27,269,852,1365,1013,-45,-681,-333,335,627,355,10,-116,-40,15,141,222,212,134,59,21,0,-11,-69,-201,-370,-366,-149,-30,62,210,327,384,270,30,-143,-138,-33,46,50,9,0,49,61,33,-50,-173,-177,-59,-19,-16,-1,-3,-8,-7,0,23,138,444,647,343,-305,-841,-685,-328,-144,-115,-119,-99,-11,92,141,-3,-265,-485,-338,-54,115,100,-25,-89,-167,-176,-111,-37,7,-59,-201,-176,94,348,373,303,213,224,156,-1,-124,-116,7,75,-5,-143,-176,-69
256,2,0.38058751821517944,741,8,-6,-14,10,4,-5,-12,-82,-300,-556,-477,-183,74,75,-61,-70,164,598,850,624,40,-363,-561,-613,-435,-63,211,187,-63,-166,-104,-36,-103,-187,-98,77,109,-54,-266,-344,-313,-229,5,269,297,280,260,265,191,51,-51,-16,16,36,60,137,-15,5,8,-9,-15,9,6,19,273,778,1135,866,148,-167,-56,75,-81,-327,-253,-22,138,55,-217,-402,-318,-154,-70,-77,0,65,-69,-266,-282,-27,201,201,30,-44,-16,82,126,97,-10,-88,-59,3,63,30,-71,-97,-85,-108,-139,-103,-32,-13
256,3,-0.18760712444782257,734,12,2,-2,-7,6,-12,8,7,98,265,94,-550,-1010,-264,891,1090,299,-291,-247,-51,0,35,67,-116,-484,-635,-312,20,42,-146,-223,-128,-63,-116,-159,30,244,271,61,-173,-371,-458,-206,175,367,228,-38,-275,-318,-134,76,182,151,112,163,153,-10,-9,-14,-3,-4,-6,-11,0,-66,-177,-300,-372,-400,-473,-435,-148,102,151,161,273,334,213,-14,-156,-179,-10,132,96,-78,-276,-262,-111,85,186,221,405,736,766,504,312,446,633,406,-36,-401,-319,-124,-81,-99,36,152,-8,-253,-258,-146,-68
257,1,0.24791018664836884,741,-6,-12,-3,6,-1,0,-2,-6,25,77,99,118,253,398,524,513,354,168,18,-51,-26,17,124,222,280,271,114,-81,-171,-131,-36,-5,-49,-71,-30,56,157,279,378,305,84,-169,-256,-188,-73,-4,14,18,-1,-42,-44,-51,-81,-118,-121,-55,3,-15,-20,-15,-7,-21,-5,35,354,1109,1604,1483,562,-106,-113,78,110,32,-39,-50,-26,49,97,43,-143,-308,-196,-91,-15,-7,-72,-156,-189,-147,-69,-16,7,11,5,46,107,129,75,61,101,131,100,-6,-86,-49,30,24,-81,-157,-113,-27
257,2,0.3524455428123474,736,-5,-27,5,20,3,-10,-18,-140,-580,-1219,-1330,-934,-209,-59,-181,-177,116,466,538,379,-21,-250,-405,-491,-333,-48,92,46,-80,-122,-124,-140,-180,-158,-72,78,62,-39,-113,-118,-99,-17,99,208,162,133,132,131,100,-18,-80,-47,27,107,132,144,-7,7,2,-4,-6,-17,-11,-13,20,238,385,306,-37,-208,-110,29,-132,-424,-400,-113,126,14,-218,-309,-175,-82,-135,-183,-82,-9,-150,-388,-379,-66,173,94,-135,-246,-93,197,360,282,78,-53,-21,-2,-20,-66,-124,-123,-109,-138,-108,-39,34,14
257,3,-0.008034112863242626,741,-31,-13,-22,22,36,8,64,37,-97,-406,-659,-538,204,622,159,-459,-705,-271,103,97,-95,-182,-33,344,704,680,175,-193,-64,281,365,214,-74,-81,74,20,-200,-480,-524,-426,-184,36,-72,-431,-538,-336,54,314,279,-11,-297,-239,-105,-23,13,22,6,6,42,13,-8,4,35,44,22,173,26,-628,-1235,-806,23,-81,-742,-1025,-439,25,119,28,67,274,335,34,-176,-109,90,228,218,52,-154,-218,-200,-270,-413,-539,-368,-278,-404,-556,-394,-113,201,236,80,37,4,-62,-2,218,388,317,94,90
258,1,0.26935186982154846,738,-11,4,22,12,-2,-10,-12,-46,-321,-1041,-1423,-1058,33,688,501,168,68,40,6,-25,-29,-39,10,112,253,308,189,68,-49,-57,-39,-38,-78,-81,-48,-31,67,218,346,259,23,-173,-177,-152,-50,-31,22,43,28,43,42,37,-6,-42,-93,-50,-2,-12,5,-4,-9,-17,-15,35,186,538,700,383,-143,-502,-307,66,233,164,38,-12,-10,55,169,189,105,-31,-53,-31,-31,-59,-81,-90,-88,-120,-105,-25,102,241,253,213,129,50,-23,72,139,207,139,36,-20,9,54,1,-106,-217,-163,-19
258,2,0.37790805101394653,739,13,31,25,-18,-20,-1,12,115,487,1007,1162,779,118,-97,72,156,-182,-635,-662,-270,184,269,109,-4,-58,-81,-110,-63,83,115,-18,-134,-38,182,249,51,-150,-119,96,279,316,195,36,-25,-6,-10,-74,-152,-194,-116,-53,-70,-95,-118,-109,-125,-7,-1,-21,-11,-1,1,10,116,336,455,333,182,210,370,305,-21,-346,-599,-642,-378,14,395,629,683,445,80,-126,-31,48,39,14,114,253,240,39,-90,-25,132,215,185,146,53,-69,-162,-162,-184,-245,-245,-97,103,151,33,-48,-65,-73,-117
258,3,0.008047403767704964,739,-13,-8,29,-19,16,31,4,33,-9,-153,-398,-401,-156,29,-308,-847,-922,-538,-196,-147,-145,-87,150,535,949,957,306,-200,-144,263,424,131,-135,-66,67,-45,-469,-807,-649,-307,-53,29,-23,-144,-43,104,359,568,450,46,-288,-289,35,171,209,97,3,13,8,32,-18,-16,-22,-5,75,358,594,311,-151,-173,157,259,-60,-339,-361,-277,-241,-14,191,186,-143,-572,-604,-152,145,196,59,-130,-168,-162,-193,-226,-287,-267,-238,-275,-431,-671,-597,-110,364,479,233,-93,-216,-166,-20,183,307,342,340,346
259,1,0.24791015684604645,741,-14,-2,-10,-18,-22,-11,13,38,195,594,775,443,-207,-468,-260,-35,55,87,121,123,144,292,439,330,-120,-559,-510,-173,142,129,-21,-171,-224,-273,-241,-142,-1,8,-125,-114,94,277,266,193,182,235,216,82,-61,-82,-6,41,-76,-212,-193,-52,-19,1,10,-2,3,14,-2,-38,-214,-709,-1147,-978,-187,281,91,-361,-385,-60,151,56,-52,-92,-141,-210,-158,-78,77,240,215,89,-63,-60,131,246,192,81,-114,-356,-537,-477,-176,165,270,174,25,-61,-62,-46,-29,-51,-104,-64,109,263,264,122
259,2,0.32430320978164673,741,6,42,-8,4,-2,-21,12,46,234,908,1289,1172,609,76,34,66,-106,-507,-927,-981,-520,10,322,508,560,370,162,85,107,123,112,42,235,462,391,120,-230,-137,-61,2,-86,4,-186,-281,-405,-179,-191,-193,-228,-141,127,106,-44,-77,-103,-67,-21,-35,8,-9,3,5,-5,35,41,-279,-591,-844,-600,12,161,-22,-221,95,556,390,-149,-211,-2,454,584,474,338,295,300,105,-51,82,333,385,155,-188,-187,-23,72,-60,-359,-565,-355,-172,-61,-101,-66,-81,8,123,115,129,86,22,23,40
259,3,-0.07235833257436752,739,-20,-18,-25,6,6,6,6,1,-170,-469,-445,18,351,-45,-568,-401,-36,55,87,330,483,219,-243,-419,-75,346,371,86,-209,-195,81,266,272,193,194,380,522,575,569,541,560,517,236,-93,-297,-199,8,158,266,315,63,-297,-503,-413,-345,-245,-8,29,-20,52,13,35,2,24,-67,-268,-296,-2,482,113,-910,-1113,-203,501,241,-407,-559,-162,269,479,412,240,31,37,392,459,296,-127,-321,-122,21,-171,-383,-428,-279,-195,-124,-55,-185,-302,-259,74,367,501,312,-134,-325,-176,98,187,110,4
260,1,0.28543397784233093,737,-5,5,-1,-9,1,8,-3,-54,-294,-873,-1097,-699,142,528,290,-127,-259,-123,43,94,32,-49,-70,-13,79,106,30,44,35,-18,-32,30,106,130,70,8,-76,-149,-160,-112,-32,78,76,-55,-126,-171,-126,-52,-26,-21,-3,46,126,187,135,26,-10,-4,-2,1,12,2,-9,-55,-325,-941,-1280,-1097,-343,132,307,306,226,67,-25,-23,-10,-28,-46,40,218,286,124,-35,-76,-7,23,7,-14,-2,32,44,49,78,133,101,-61,-202,-201,-163,-105,-84,-45,-6,-12,-35,-43,-40,-9,23,16,-1
260,2,0.38728880882263184,736,-9,18,-8,-34,-9,-18,-15,70,193,318,307,211,412,439,347,27,-145,-88,-157,-375,-316,128,438,510,511,329,107,83,25,-55,-38,94,299,222,20,-92,58,342,313,79,-252,-197,-3,14,-189,-331,-389,-313,-136,87,175,220,99,-30,-133,-130,-16,-41,-37,-56,-16,8,-4,-49,-299,-1055,-1552,-1530,-581,-72,-76,-89,94,719,1218,1033,298,-267,-369,-324,-163,-17,69,152,-4,-106,-85,-68,-121,-279,-283,-162,134,13,-181,-272,-387,-452,-46,192,252,172,194,231,196,157,-37,42,97,94,114,173
260,3,-0.08575837314128876,738,-28,15,14,-1,11,6,10,12,20,40,0,-127,-216,-264,-699,-1020,-701,-70,106,-59,-273,-162,232,542,598,155,-112,-94,228,459,287,-100,-298,-174,-34,-135,-646,-830,-555,-294,-178,-198,-196,-76,94,170,198,291,221,-42,-82,80,310,308,265,235,0,-19,24,-15,11,-23,-21,-20,147,447,440,-137,-687,-72,924,693,-343,-743,-434,-69,-7,83,39,-157,-508,-647,-487,-180,-199,-202,-118,-46,-90,-242,-212,9,373,482,277,-43,-512,-738,-454,97,586,315,-131,-462,-417,-98,125,124,167,94,115,190
261,1,0.24120888113975525,742,-19,-16,-2,-2,-7,3,21,203,867,1558,1528,447,-557,-783,-189,207,268,38,-81,-66,115,268,196,-56,-383,-306,-88,51,68,-2,-66,-114,-152,-128,-55,39,92,119,111,135,153,59,61,197,270,226,97,21,3,33,39,-65,-183,-211,-72,24,-21,-15,-1,3,5,6,2,29,91,166,194,-37,-402,-511,-293,-66,54,68,66,61,81,43,-83,-205,-360,-260,-19,151,148,55,22,61,113,80,43,-16,-184,-432,-432,-162,133,275,234,164,128,28,-58,-86,-74,-54,-13,61,110,120,67,-22
261,2,0.38728877902030945,739,-9,18,-4,-30,19,1,20,110,190,380,342,177,41,-14,-237,-457,-592,-383,-104,-115,-133,-84,397,771,786,573,308,247,89,-71,-15,176,380,275,78,-89,-42,116,71,-229,-364,-237,-34,-56,-89,-175,-202,-209,-54,192,242,151,-1,-111,-115,-86,-39,-35,-41,0,-9,5,-19,-85,-350,-993,-1408,-1045,-41,585,349,-132,-194,644,1333,1256,113,-436,-519,-456,-274,23,114,200,-59,-360,-253,-189,-170,-309,-217,22,80,188,-71,-290,-401,-379,-112,103,83,194,168,179,210,98,-95,-115,18,99,134,169
261,3,-0.04153463616967201,736,13,-5,7,14,-13,12,-38,-38,18,147,318,264,24,-249,-42,288,594,494,250,146,231,302,211,-214,-722,-783,-352,-43,-166,-401,-350,6,224,95,-149,-23,420,717,574,323,207,92,6,171,243,130,-173,-365,-469,-195,121,157,-83,-239,-191,-63,-6,6,-7,27,0,-11,-3,15,-76,-339,-454,-29,808,1018,369,-109,-215,-141,-108,7,228,164,-76,-277,-108,300,559,297,63,-49,-3,194,334,293,159,100,161,180,197,318,627,884,652,25,-553,-603,-282,19,121,72,-50,-234,-487,-426,-327,-352
262,1,0.27605316042900085,738,-1,8,8,8,-6,-5,-24,-147,-505,-902,-880,-456,-212,-259,-342,-202,0,122,118,78,6,-134,-230,-158,-2,87,98,69,38,45,88,121,102,56,21,-33,-195,-404,-441,-244,-19,123,89,-12,-47,-83,-110,-99,-77,-11,57,144,180,155,60,-41,3,3,-3,2,1,13,-10,-118,-518,-917,-865,-229,343,570,455,189,-3,-48,-11,13,-36,-87,-11,197,417,340,114,-58,-92,-60,-28,9,26,50,82,93,161,215,179,14,-168,-222,-226,-224,-180,-77,47,50,1,-39,-57,-56,-14,26,21,12
262,2,0.3082211911678314,742,-9,46,-14,-30,30,-4,-16,103,330,790,852,615,191,132,194,-2,-207,-486,-680,-656,-248,223,728,962,732,342,73,-7,84,3,12,169,381,389,19,-207,-96,154,232,44,-147,-66,-90,-209,-156,-173,-277,-281,-176,62,171,99,-81,-119,-164,-149,17,10,-24,-27,38,17,2,-7,-172,-636,-953,-893,-360,-160,-195,-239,64,731,1001,562,-120,-160,114,507,489,408,338,442,119,-98,-154,-23,102,-50,-239,-157,149,243,37,-306,-523,-451,-142,123,121,134,99,105,104,155,124,103,84,35,14,64
262,3,-0.07503844052553177,735,14,27,11,7,31,3,5,9,13,-55,-108,-81,231,728,827,261,-357,-497,-272,-111,-176,-241,-121,206,467,354,36,-2,227,360,157,-117,-289,-166,4,-57,-387,-621,-433,-182,-111,-155,-200,-138,6,171,264,320,311,148,1,39,162,173,107,30,-16,20,46,2,-16,0,1,-18,38,291,372,31,-360,20,1054,1528,1004,144,-217,-106,-52,-5,2,-60,-307,-543,-486,-158,65,113,-22,-185,-263,-238,-185,-161,-221,-233,-282,-321,-503,-620,-423,13,401,273,-39,-216,-273,-165,2,134,237,196,157,190
263,1,0.25729069113731384,742,-6,-7,-7,-14,-18,-12,-11,31,288,865,1300,1090,333,-235,-192,158,302,151,-41,-146,-143,10,171,156,-75,-266,-215,-57,40,44,-1,-79,-129,-102,-33,22,60,65,83,173,212,149,58,57,147,161,101,45,17,-4,-4,-29,-115,-197,-177,-57,-7,9,11,4,-4,-3,13,18,0,35,105,116,-29,-271,-540,-664,-538,-228,45,125,88,41,5,-31,-85,-153,-119,15,120,130,61,42,64,44,-21,-57,-125,-248,-359,-327,-124,156,285,268,189,68,-49,-103,-75,-58,-56,-6,69,103,79,25
263,2,0.3430647850036621,737,5,-7,4,15,-8,7,-2,-63,-248,-551,-642,-468,-287,-295,-406,-263,35,396,604,550,233,-92,-368,-513,-482,-272,-83,-44,-55,-25,-82,-252,-418,-360,-106,125,156,50,-27,10,67,8,53,178,251,238,219,199,88,-63,-151,-90,7,60,69,75,4,28,9,-28,-25,5,4,25,229,648,881,716,234,-12,21,104,-57,-502,-759,-549,-39,189,102,38,5,-97,-221,-257,-56,81,65,-20,10,168,204,-16,-214,-211,8,267,396,349,69,-117,-92,-17,-12,-61,-89,-76,-43,-72,-122,-97,-61,-67
263,3,-0.04823639988899231,742,41,31,6,-23,-10,-21,-28,39,263,482,225,-411,-716,-161,628,704,288,12,44,48,25,51,-173,-549,-793,-541,-137,-58,-160,-177,34,211,91,-202,-114,390,862,782,290,-108,-389,-293,112,471,366,-99,-574,-597,-207,193,278,117,-103,-73,59,227,-10,-49,-5,-33,-13,6,14,-62,-157,-226,15,398,195,-419,-553,43,457,344,159,233,211,-28,-409,-485,-268,121,127,52,-137,-182,110,397,445,246,114,337,653,807,646,455,463,390,111,-212,-349,-175,-62,-97,-13,93,-5,-277,-395,-305,-217,-152
264,1,0.25729191303253174,737,-19,3,-8,-10,-7,-1,-5,-91,-373,-713,-763,-348,213,581,664,561,290,21,-109,-121,-83,-21,123,304,392,171,-139,-304,-259,-155,-85,-80,-42,2,12,15,157,440,540,280,-99,-274,-281,-235,-111,-12,113,177,138,24,-87,-139,-100,-63,-77,-38,6,-12,-2,-9,-7,-10,16,174,779,1402,1394,649,-48,-107,133,212,120,1,-117,-148,-23,159,203,21,-245,-222,-124,-71,-75,-60,-61,-102,-144,-131,-93,-31,86,226,293,256,177,41,21,136,148,162,115,45,6,21,13,-89,-217,-298,-160,27
264,2,0.34038519859313965,740,-17,-43,-20,22,4,-44,-25,-194,-769,-1419,-1495,-849,-37,72,-55,27,584,1148,1272,770,-30,-449,-658,-489,-134,77,116,81,-84,-205,-167,-248,-416,-370,-222,49,50,-66,-201,-196,-335,-177,6,274,119,246,223,227,184,-11,-40,120,58,92,106,101,-13,-3,-11,2,10,-2,-76,-143,-181,-184,-110,-47,-30,14,229,330,-28,-310,-118,246,140,-98,-628,-654,-576,-325,-241,-227,-5,98,-147,-478,-527,-271,6,69,-36,-48,80,308,349,47,-100,-48,34,84,86,19,-129,-182,-135,-110,-3,69,86,-4
264,3,-0.0938001498579979,742,20,-7,3,-10,-26,-11,-7,-10,65,258,245,53,-188,162,888,1095,566,-96,-216,-33,213,179,-210,-652,-917,-623,-194,27,-35,-176,-145,72,124,-28,-104,118,627,719,511,134,-109,-147,90,234,182,-221,-527,-551,-301,57,237,45,-177,-309,-241,-8,-20,8,-51,15,14,12,27,-21,-212,-423,-268,374,746,178,-450,-336,5,32,-86,-62,65,5,-152,18,559,835,500,-22,-244,-94,201,360,341,251,175,154,243,307,276,301,519,633,445,-22,-520,-419,-163,146,208,92,-147,-267,-345,-255,-267,-244
265,1,0.24791038036346436,740,-11,-19,-5,8,-5,3,-19,2,116,348,568,540,292,198,258,390,417,208,-85,-191,-142,-18,102,193,180,103,18,-71,-90,-56,-34,-111,-199,-174,-80,2,105,288,509,512,242,-61,-191,-189,-75,18,136,160,79,6,-16,-63,-131,-158,-125,-57,-3,-5,-8,-8,-11,-13,-11,29,299,996,1521,1371,341,-407,-486,-206,28,101,44,-38,-84,47,145,41,-199,-384,-218,-9,86,58,-39,-80,-65,-47,-57,-67,-86,-174,-229,-99,168,334,256,267,299,275,207,89,35,10,35,34,-54,-158,-175,-38
265,2,0.3591465651988983,742,-19,-8,11,-27,-4,-19,-30,20,29,-204,-463,-541,-153,238,307,-22,-193,244,684,461,-82,-252,32,480,493,309,165,237,186,-141,-277,69,451,398,50,-225,-51,197,227,-75,-525,-660,-180,156,150,-65,-179,-74,146,338,309,223,156,5,-86,-87,-10,-19,-9,2,-11,11,-44,-58,-234,-793,-1233,-1125,-492,-45,-13,-93,7,418,967,1058,568,-21,-457,-663,-584,-297,-30,87,30,-45,-70,-135,-390,-595,-297,19,184,-38,-217,-201,5,-61,49,123,277,228,368,299,183,19,-268,-190,24,69,140,149
265,3,-0.0844196006655693,741,-18,-19,-18,19,10,24,-8,-9,-183,-494,-417,358,1120,771,-44,-388,-206,-88,-112,23,98,-66,-178,-40,440,743,558,281,22,-32,16,88,189,262,220,100,-96,-106,65,298,562,633,290,-213,-550,-380,36,285,285,88,-149,-228,-297,-224,-119,-184,-14,21,11,3,26,23,38,16,0,-96,-222,-242,-193,-227,-417,-579,-456,-237,-182,-214,-285,-181,175,664,855,536,69,-131,49,194,68,-194,-277,-87,25,-260,-746,-858,-553,-296,-195,-105,-114,-36,54,244,447,588,393,-89,-289,-37,315,372,224,66
266,1,0.27605342864990234,736,-4,-18,-3,5,12,-10,-17,-38,-214,-567,-781,-599,-223,-112,-201,-293,-193,23,145,143,55,-57,-180,-233,-144,3,65,72,36,-9,2,47,56,21,-3,15,-30,-214,-415,-414,-181,63,169,113,0,-119,-181,-136,-49,-22,-34,14,114,187,152,43,-21,-6,10,14,6,5,4,-49,-275,-762,-1082,-702,85,614,622,248,-112,-258,-128,27,14,-75,-118,-7,201,332,189,-33,-121,-55,24,56,58,55,61,64,105,214,246,102,-144,-266,-206,-161,-152,-152,-93,-38,-7,-6,-21,-29,-5,63,71,13
266,2,0.3430647850036621,737,-14,22,27,-15,-24,-12,10,50,274,700,962,842,359,50,-7,-45,-233,-579,-826,-806,-381,76,397,536,443,157,-60,-94,27,89,142,178,250,279,156,1,-79,12,123,154,121,147,58,-85,-201,-195,-215,-210,-150,-11,112,84,-62,-124,-129,-93,-3,-24,-14,-2,0,-13,-13,22,-2,-134,-315,-365,-121,152,189,-55,-190,79,376,264,-90,-208,62,361,398,261,142,147,71,-64,-63,156,337,214,-36,-125,39,200,123,-134,-376,-363,-113,66,41,-39,-55,-46,42,165,176,145,29,-39,-31,51
266,3,-0.08441978693008423,740,-6,25,21,-9,21,1,0,1,70,76,-34,-173,-45,563,770,181,-520,-600,-269,-80,-116,-94,138,447,502,260,-22,-32,163,245,4,-315,-385,-103,11,-119,-608,-789,-625,-402,-295,-284,-165,94,297,387,430,364,183,-194,-180,42,331,342,286,195,4,31,-6,-18,-17,-16,-5,-35,150,497,383,-191,-945,-540,519,1029,617,77,-74,-30,99,203,163,-201,-681,-797,-366,-16,64,-65,-115,-17,-12,-220,-295,-101,320,524,245,-150,-458,-531,-115,246,450,99,-279,-506,-486,-245,47,126,178,99,109,211
267,1,0.2063658982515335,740,-5,-2,3,-5,2,5,-9,-73,-400,-976,-1186,-804,-143,42,-183,-442,-411,-98,142,260,121,-69,-203,-167,17,112,65,67,44,37,43,92,109,84,40,17,-137,-397,-578,-496,-234,33,143,93,-10,-138,-193,-175,-86,-41,-17,59,136,220,160,24,-10,4,15,-8,-17,4,2,-70,-392,-1024,-1208,-687,194,557,364,114,-36,-73,-63,-9,-57,-130,-103,60,325,398,175,-41,-157,-104,-33,-1,-18,24,61,66,101,234,306,137,-154,-282,-247,-222,-198,-205,-109,1,57,80,6,-42,-4,82,79,38
267,2,0.3939899802207947,740,26,34,8,-7,4,12,33,128,426,1183,1514,1125,143,-527,-385,-90,-181,-762,-1288,-1068,-167,505,549,328,121,-125,-179,-286,32,214,253,187,233,235,159,32,-36,-116,61,133,382,416,24,-325,-181,-313,-236,-186,-184,-61,75,24,-49,-70,-129,-153,17,3,-36,-29,16,31,54,130,236,455,406,293,248,266,178,-17,-2,20,-70,-382,-342,-99,303,621,636,323,123,184,121,35,18,246,421,327,108,-45,5,196,86,-121,-293,-205,-13,-30,-213,-174,-252,-210,-42,208,197,126,-59,-115,-168,-134
267,3,-0.10184160619974136,739,-27,-19,-14,-16,3,-38,-40,-28,100,383,348,-77,-567,-223,544,1084,868,430,262,179,202,150,-81,-526,-807,-549,-172,5,-144,-264,-98,87,63,-254,-292,5,548,635,241,-102,-305,-298,64,287,420,97,-334,-552,-425,-33,235,151,-24,-114,-16,138,30,31,-1,8,0,10,6,-9,-159,-325,-168,355,699,165,-364,-394,-148,-192,-217,-72,102,16,-259,-354,-51,371,415,145,-161,-227,96,438,513,287,108,150,462,614,486,392,495,550,322,-224,-566,-396,-95,53,145,226,174,-137,-426,-419,-329,-245
268,1,0.25729167461395264,738,-6,18,22,26,3,4,-8,-172,-729,-1433,-1520,-892,-78,158,15,-82,-81,-71,-15,67,40,-125,-206,-42,276,305,164,86,21,17,45,99,99,52,6,-40,-105,-214,-292,-298,-260,-98,-51,-181,-242,-279,-193,-68,36,44,25,69,168,222,106,-27,-15,-5,-10,-7,-9,2,-15,-48,-234,-489,-520,-126,360,634,624,447,212,-10,-119,-145,-125,-64,58,196,314,243,38,-129,-153,-76,-30,-40,-36,38,74,88,205,432,505,265,-86,-265,-260,-238,-173,-95,11,97,95,34,-67,-130,-108,-63,-37,12
268,2,0.3685273826122284,736,6,27,-16,-8,6,7,28,110,333,733,771,537,185,52,-87,-330,-506,-514,-446,-506,-337,-55,404,746,714,334,36,1,37,26,108,298,438,367,141,-25,-7,146,175,86,-48,-78,-75,-184,-245,-185,-323,-292,-120,150,192,193,61,-55,-112,-120,-19,-32,-14,-20,-3,-33,-20,-28,-288,-949,-1319,-1124,-216,239,103,-123,-57,719,1170,880,8,-450,-274,-168,-14,223,302,431,96,-212,-169,-23,63,-95,-185,-69,118,184,-91,-293,-459,-382,24,328,202,135,100,111,133,109,6,42,35,-2,28,85
268,3,-0.08307906240224838,737,-34,2,-56,25,12,29,6,11,-101,-410,-516,-4,640,281,-712,-895,22,720,536,-59,-407,-386,-287,-64,274,524,446,161,-55,-63,63,211,279,278,219,51,-136,-179,48,269,490,663,387,-128,-673,-422,110,437,387,183,-26,-164,-294,-228,-176,-207,-17,-8,6,-12,23,23,9,-4,3,-40,-94,-148,45,541,577,-43,-489,-233,79,30,-191,-127,219,624,735,425,38,-135,-30,250,202,-87,-329,-245,-37,-50,-446,-701,-611,-414,-297,-237,-185,-115,-16,140,320,487,505,176,-91,0,261,369,259,128
269,1,0.24120934307575226,740,9,-4,-12,-4,-11,-15,0,121,526,1061,1021,297,-226,-299,76,250,138,-112,-187,-117,8,127,158,55,-114,-123,-102,-90,-51,-8,-25,-85,-125,-81,-16,90,264,485,484,263,63,-114,-124,3,84,203,197,106,18,-54,-80,-142,-200,-204,-89,41,13,-12,-15,-14,-19,-17,5,127,577,1109,1183,483,-312,-768,-626,-195,162,253,125,-16,74,182,89,-165,-439,-381,-87,87,124,41,-22,-14,0,-15,8,25,-35,-169,-216,-7,266,339,293,304,241,181,82,21,-3,-2,25,35,-20,-89,-60,-24
269,2,0.3310045301914215,738,1,48,13,-10,-15,18,27,183,735,1371,1361,732,-69,-230,51,76,-389,-1158,-1318,-745,66,423,369,310,67,-137,-210,-206,130,312,211,286,371,189,37,-144,-67,17,108,151,397,140,-107,-416,-207,-239,-129,-106,-116,79,130,-33,-38,-81,-110,-124,16,14,-15,-7,13,13,55,184,273,404,238,120,39,120,104,60,96,64,-165,-327,-109,141,680,801,629,273,110,151,73,3,247,481,524,231,-72,-90,53,156,1,-290,-451,-264,-133,-140,-132,-193,-193,-52,109,257,216,187,-7,-116,-234,-187
269,3,-0.10318027436733246,737,30,-14,9,-11,-31,-21,-11,-30,105,242,245,26,-236,-18,813,973,437,-179,-240,-4,135,1,-247,-609,-848,-535,-179,31,-51,-171,-153,35,91,-33,-68,109,537,504,260,-24,-243,-204,26,145,179,-95,-320,-448,-238,113,195,47,-120,-197,-125,62,1,48,-4,29,11,1,-3,-29,-175,-361,-244,280,386,-361,-1121,-383,743,1133,648,30,-292,-316,-299,-144,120,379,350,161,-8,-49,79,194,274,294,246,251,322,367,316,312,494,442,162,-213,-465,-274,-47,132,135,98,-82,-354,-547,-403,-240,-142
270,1,0.25729212164878845,744,-3,-14,-14,-9,7,12,-6,-29,-112,-187,-109,71,139,27,-289,-493,-333,32,227,185,62,-67,-183,-253,-275,-154,44,165,134,56,17,52,96,59,38,-46,-255,-549,-582,-340,-8,196,222,180,83,-31,-141,-154,-120,-57,36,132,181,172,100,21,-13,6,3,-9,2,3,-27,-233,-864,-1524,-1522,-638,264,538,361,157,55,-1,20,19,-66,-189,-199,84,402,383,199,80,-16,-37,-12,23,35,51,46,-8,-41,-57,-88,-166,-237,-152,-117,-202,-234,-259,-179,-88,-40,-28,-1,108,240,278,129,-12
270,2,0.3591465950012207,741,25,-4,-48,-17,17,36,47,233,468,718,516,205,-137,-121,51,64,0,-353,-641,-592,-112,338,652,700,409,65,23,64,111,123,261,496,411,98,-141,-83,181,280,219,-95,-156,-140,-107,-273,-236,-341,-329,-101,92,246,249,163,-19,-78,-98,-55,25,-49,-39,5,33,5,4,-152,-684,-1228,-1283,-619,-68,30,-116,-152,508,1206,1126,367,-282,-267,-190,-46,172,221,315,186,-101,-125,-47,67,-75,-187,-207,55,207,16,-150,-426,-547,-219,130,306,102,88,115,162,247,108,68,72,35,25,50,142
270,3,-0.08307932317256927,736,-3,-21,-2,10,7,20,34,-46,-232,-493,-207,524,834,129,-451,-195,355,448,169,-48,-92,-147,-256,-130,208,488,336,167,83,120,203,241,272,327,311,383,278,219,180,277,532,540,82,-558,-715,-262,206,377,305,122,-219,-454,-462,-332,-269,-325,-20,-5,-4,19,16,58,28,2,-85,-195,-205,-40,337,224,-348,-939,-807,-221,-52,-140,-273,-144,257,821,943,358,-44,-184,76,191,6,-250,-232,20,80,-207,-663,-663,-319,-97,-32,-83,-230,-274,-150,79,294,387,219,-120,-190,91,334,297,65,-96
271,1,0.257291316986084,739,-9,5,-11,-8,-9,-22,-15,29,291,990,1530,1401,330,-434,-604,-402,-280,-222,-99,-87,-46,53,163,123,-181,-442,-328,-142,3,47,22,-24,-77,-73,-45,-11,45,117,214,258,264,226,136,144,192,192,135,72,26,34,61,40,-102,-212,-221,-57,-6,-5,-11,1,-3,0,2,-4,-4,-4,-31,-63,-255,-444,-577,-567,-388,-112,100,116,53,4,-31,-144,-286,-313,-148,102,219,172,88,91,94,63,24,-9,-81,-249,-440,-422,-143,109,204,189,101,33,-59,-81,-36,-11,-11,54,143,163,157,105
271,2,0.3524455726146698,743,-18,-43,-3,25,-4,-23,-20,-106,-239,-458,-486,-353,-374,-202,-95,154,166,44,105,398,523,49,-497,-814,-724,-273,81,71,50,34,-108,-381,-516,-330,35,204,29,-271,-302,-55,273,259,152,141,300,194,308,220,90,-156,-228,-220,-95,26,101,68,8,31,29,43,-7,-5,9,37,263,960,1414,1298,392,-54,-11,26,-128,-805,-1344,-1126,-237,308,242,115,-85,-168,-108,-172,-38,181,116,135,105,158,170,168,-80,-131,67,147,368,430,72,-226,-267,-174,-171,-159,-210,-185,21,-5,-35,-35,-42,-58
271,3,-0.11122163385152817,734,9,-26,-11,-6,-15,-15,-32,-1,-4,13,58,172,182,-229,-559,-349,225,420,162,21,12,107,52,-297,-613,-538,-41,216,137,-199,-291,16,362,413,168,95,470,987,958,409,72,25,152,238,85,-93,-123,-191,-279,-155,96,121,-145,-321,-317,-213,23,5,-42,-21,10,-18,19,11,-30,-287,-516,-201,562,841,3,-884,-794,-206,101,45,-44,-88,-120,-68,176,474,520,246,120,99,136,201,168,155,216,221,164,-49,-76,58,255,608,711,182,-373,-501,-82,410,597,400,74,-295,-510,-440,-234,-207
272,1,0.23182962834835052,743,1,-2,-3,15,13,3,-9,-65,-306,-820,-1153,-919,-239,243,274,150,85,58,34,13,-4,-54,-127,-61,169,296,228,113,68,33,10,41,77,66,26,-12,-68,-139,-224,-273,-225,-119,-37,-56,-119,-169,-174,-150,-106,-88,-76,1,168,276,226,96,-24,-25,-6,-2,-3,-4,-10,-28,-133,-401,-629,-476,28,419,606,622,432,117,-88,-96,-74,-95,-82,57,254,320,170,-14,-90,-53,-46,-103,-117,-85,-8,46,93,202,300,253,18,-203,-284,-275,-198,-88,31,103,91,39,-14,-57,-76,-45,-21,-25
272,2,0.3243033289909363,738,-9,-95,2,-6,-12,-51,-52,-112,-391,-1049,-1119,-876,-277,-143,-47,126,289,558,808,920,361,-133,-532,-618,-441,-93,21,88,-71,-76,-129,-343,-559,-451,-51,116,-29,-262,-245,-58,36,-42,71,314,346,471,456,335,113,-208,-342,-265,-23,114,116,90,-27,-8,-8,-5,4,48,37,4,97,430,600,490,-110,-455,-148,378,341,-427,-897,-490,241,335,-31,-334,-328,-255,-152,-255,-105,97,56,-296,-465,-197,131,110,-175,-352,-67,343,532,412,92,-1,195,215,110,13,-162,-250,-259,-100,-72,-8,-18,-73
272,3,-0.07503876835107803,741,16,29,32,6,23,30,-2,6,21,61,72,-90,-334,-208,-8,-161,-509,-579,-260,-115,-115,-105,164,533,635,454,4,-59,33,205,185,-115,-410,-466,-240,-118,-365,-698,-682,-417,-191,-200,-282,-161,180,336,299,198,132,41,-132,-40,254,452,454,307,-18,7,43,-13,-16,-7,-15,-37,-34,272,487,197,-470,-610,291,1407,1274,535,-31,-37,46,137,150,6,-280,-581,-506,-212,-117,-181,-194,-110,-43,-68,-260,-269,-119,164,178,33,-115,-363,-385,46,429,389,-103,-417,-501,-251,114,316,309,156,19,86
273,1,0.241209477186203,739,-6,6,3,-6,10,2,7,-1,17,50,90,45,-131,-402,-612,-591,-298,42,148,107,82,64,-59,-217,-298,-291,-101,79,137,83,17,49,84,77,32,6,-118,-367,-529,-421,-69,233,336,294,196,79,-67,-161,-176,-103,-8,102,157,139,75,17,-4,-7,10,7,2,4,11,-77,-451,-1208,-1588,-1267,-161,368,321,174,213,229,122,51,-26,-113,-188,-87,215,380,228,102,-3,-29,-8,27,39,26,21,27,4,-38,-160,-270,-300,-199,-85,-158,-253,-334,-264,-128,-27,14,-8,39,156,274,208,40
273,2,0.3564671277999878,741,16,58,7,-20,-21,26,31,148,639,1389,1479,987,36,-301,-87,9,-229,-916,-1336,-953,-36,449,502,428,121,-201,-227,-267,57,234,156,245,332,224,67,-168,-66,10,177,275,507,335,-62,-420,-176,-325,-250,-150,-50,108,139,20,-44,-119,-98,-152,-16,5,-20,-30,15,7,16,104,149,186,74,-31,7,102,-53,-265,-308,-135,-49,-140,-73,138,610,720,568,246,48,133,56,-43,138,381,470,213,-83,-80,79,263,170,-187,-356,-226,-28,-45,-140,-309,-325,-180,68,271,183,105,-39,-81,-96,16
273,3,-0.057617321610450745,740,-7,-7,-42,38,14,4,5,24,-43,-254,-415,-37,658,670,-15,-273,204,520,315,63,78,-26,-264,-462,-205,197,374,132,66,96,177,288,291,322,291,200,295,361,381,320,364,664,610,101,-467,-488,-101,210,227,168,51,-168,-507,-511,-353,-263,-7,-4,5,1,18,11,17,17,-20,-194,-351,-208,168,442,-25,-765,-1042,-778,-307,-105,-65,-126,-55,328,758,832,330,9,-5,182,126,-50,-258,-231,-17,-10,-388,-769,-609,-267,-42,42,-36,-182,-228,-75,221,446,397,75,-263,-198,63,321,340,155
274,1,0.21306820213794708,743,2,-1,15,11,-1,-3,1,-53,-347,-1053,-1428,-1220,-291,244,215,-91,-208,-141,36,156,130,-90,-284,-193,119,377,249,128,34,-37,-36,25,103,148,127,73,-41,-183,-306,-295,-198,-56,2,-66,-174,-215,-189,-120,-85,-82,-76,-6,155,283,244,53,-8,0,13,-12,-7,6,7,-26,-177,-581,-816,-691,-36,415,509,399,231,23,-89,-88,-78,-114,-87,66,283,428,255,49,-69,-66,-66,-96,-85,-10,16,-14,28,214,427,373,65,-203,-267,-287,-254,-188,-54,91,117,86,24,-64,-114,-55,-34,-66
274,2,0.2706986963748932,735,49,-17,-15,10,19,8,-55,-41,-174,-615,-948,-864,-483,28,179,286,365,550,755,788,570,42,-256,-503,-598,-448,-124,-6,25,-58,-105,-232,-431,-536,-186,94,197,-3,-111,-145,-49,-111,30,117,359,163,304,249,92,-77,-237,-191,-121,4,59,54,14,-2,14,30,0,-27,5,9,82,350,844,998,587,66,25,328,474,-180,-1032,-1055,-333,183,116,-203,-350,-324,-285,-283,-337,-42,117,69,-213,-195,44,301,151,-97,-100,63,281,400,217,30,-128,80,111,98,-87,-281,-272,-152,-83,-21,-27,-69
274,3,-0.04823689162731171,739,1,18,30,-10,13,48,-21,-2,58,86,45,-196,-321,5,301,-12,-499,-396,-100,89,21,-18,234,573,604,250,-131,-177,-84,-4,-131,-336,-431,-387,-234,-251,-556,-685,-487,-258,-188,-355,-401,-166,191,314,308,256,181,-45,-121,103,420,508,392,232,-1,41,19,-26,-15,-42,-14,-44,65,397,457,-10,-624,-299,780,1436,799,-115,-468,-163,75,242,225,-136,-678,-851,-516,-91,-45,-148,-205,-59,42,-67,-211,-102,162,242,103,-51,-254,-462,-242,152,452,220,-136,-344,-439,-176,140,249,217,22,-32,56
275,1,0.21306660771369934,742,-6,-11,13,-9,-11,-11,-6,-8,-87,-273,-375,-266,70,341,482,484,328,66,-90,-114,-102,-85,0,121,254,284,124,-57,-154,-119,-57,-70,-101,-101,-65,-32,94,355,535,415,116,-122,-204,-237,-191,-120,5,74,55,27,-39,-135,-156,-127,-114,-93,-14,-14,-14,0,-6,-5,9,78,492,1314,1566,1210,131,-266,-66,118,50,-60,-59,-35,42,176,251,124,-196,-393,-242,-110,-2,49,13,-66,-153,-170,-124,-65,35,109,140,137,125,96,80,160,190,166,136,109,88,69,31,-58,-191,-320,-250,-75
275,2,0.33770570158958435,739,7,-66,-10,-17,11,-57,-34,-133,-633,-1305,-1447,-1043,-96,174,33,25,477,1151,1331,846,30,-340,-246,-236,-103,-27,97,329,46,-136,-135,-240,-351,-293,-180,-46,67,15,-102,-150,-399,-237,26,342,154,188,163,158,212,19,-82,-8,54,78,72,112,-19,-40,5,52,1,-23,-38,-160,-345,-610,-548,-301,-94,-57,3,106,57,116,343,533,264,-84,-418,-513,-434,-234,-109,-114,27,68,-141,-485,-621,-299,91,292,128,-150,-180,49,259,146,78,208,271,261,312,168,-86,-280,-198,-104,57,107,91,48
275,3,-0.10318051278591156,735,-13,31,32,-8,-45,-10,7,-9,39,233,372,28,-563,-462,442,1110,555,-139,-190,125,173,12,47,291,247,-146,-427,-232,-47,63,-81,-367,-499,-431,-267,-156,-219,-366,-461,-417,-424,-508,-473,-106,359,500,247,-20,-180,-210,-88,208,552,571,402,272,-5,11,26,-3,-13,-5,-48,-3,13,181,295,215,-154,-502,-258,480,733,315,-189,-239,-23,273,248,-225,-661,-693,-332,-29,-25,-197,-198,2,235,175,-42,-21,400,853,733,315,27,-159,-156,87,258,179,-125,-426,-572,-318,60,154,-45,-307,-363,-170
276,1,0.2224472016096115,743,-6,-17,-4,-12,-14,-23,-7,103,441,843,890,419,-176,-373,-328,-295,-242,-145,-68,13,81,100,13,-191,-393,-345,-150,23,49,42,73,86,57,-14,-43,-77,-169,-266,-241,-37,158,222,206,200,183,134,50,-42,-70,-29,52,68,-7,-69,-37,7,1,0,8,6,5,-6,-20,-133,-509,-923,-945,-475,-47,-18,-179,-213,-102,-6,36,22,-22,-106,-139,-10,191,229,118,30,-47,-58,1,100,135,114,77,-10,-169,-355,-396,-255,-63,54,19,-72,-111,-143,-156,-128,-57,10,43,122,191,216,131,20
276,2,0.33368393778800964,741,4,7,-1,8,-5,3,2,4,-57,-286,-481,-502,-145,102,93,-73,0,400,696,530,51,-166,18,302,341,227,157,196,145,35,44,209,310,151,-99,-146,46,168,37,-229,-385,-319,-98,17,-20,-135,-132,-43,106,177,140,133,103,34,-9,37,-10,-8,5,-6,-2,-6,-13,-70,-284,-712,-940,-783,-285,-26,-10,36,201,458,592,529,169,-144,-340,-444,-374,-86,149,157,-14,-101,-159,-271,-358,-353,-210,-32,64,47,6,-42,-84,-131,-21,192,299,280,213,163,100,2,-100,-96,-34,25,30,15
276,3,-0.05091512203216553,737,4,15,25,21,18,-16,-25,-27,56,304,443,182,-429,-690,-106,503,653,373,24,-132,-192,-6,26,-175,-637,-698,-244,128,90,-161,-138,91,245,93,-134,-136,156,431,245,-15,-245,-399,-260,69,323,284,-125,-457,-527,-253,128,206,90,-105,-140,16,-22,-16,-11,1,-3,-12,10,10,-42,-176,-211,149,504,212,-306,-290,297,689,622,427,250,38,-204,-407,-256,214,626,457,-8,-345,-239,189,440,388,236,305,560,717,542,379,388,649,667,246,-332,-503,-357,-156,-74,58,93,-125,-504,-547,-374,-266
277,1,0.22914932668209076,738,-5,4,-8,-8,-10,-5,-3,27,124,495,843,825,229,-356,-541,-391,-125,168,240,115,-19,-11,54,-23,-207,-418,-289,-44,148,166,72,-22,-14,-3,22,48,12,-172,-426,-468,-225,76,199,197,204,175,122,-6,-97,-107,-26,49,79,16,-27,5,5,7,8,1,2,4,7,-21,-220,-834,-1387,-1349,-560,75,85,-207,-310,-172,60,156,150,-70,-265,-237,12,304,253,138,76,12,-20,28,126,174,150,75,-26,-130,-277,-356,-283,-163,-26,-45,-167,-175,-167,-134,-111,-72,-44,-4,100,231,260,115
277,2,0.3403852581977844,736,35,-60,-14,-3,-7,-16,-41,-130,-483,-1160,-1373,-1058,-262,-153,-182,-3,417,880,1078,824,173,-222,-551,-730,-678,-372,-55,102,-76,-123,-282,-561,-657,-494,-115,105,138,-46,-137,-110,-150,-128,136,494,330,317,314,265,157,-78,-213,-137,-21,60,87,60,-47,7,-19,11,-16,10,11,-11,25,198,344,362,-89,-249,-251,-36,-86,-371,-501,-201,90,-45,-340,-464,-283,-149,-135,-248,-66,68,-75,-360,-402,-77,220,282,31,-185,-113,148,409,358,150,49,212,237,182,9,-179,-241,-209,-214,-123,-18,55,-8
277,3,-0.09245991706848145,736,-9,4,-4,-18,-26,-45,-46,-41,69,355,451,4,-601,-438,427,1146,557,-338,-700,-269,5,254,274,-20,-462,-797,-613,-176,42,26,-91,-150,-146,-255,-300,-117,112,166,-50,-237,-326,-470,-352,16,414,321,-68,-375,-420,-243,36,175,307,159,54,69,-12,15,-7,2,0,-26,12,-32,-14,-2,19,122,170,-77,-64,476,923,915,355,56,52,206,83,-269,-522,-311,133,183,23,-237,-192,137,395,330,125,84,433,765,615,280,109,131,213,115,-118,-343,-440,-428,-293,26,158,-1,-358,-508,-388,-170
278,1,0.231827974319458,742,-1,2,-28,-15,-12,-12,-5,23,264,955,1490,1350,349,-437,-622,-461,-335,-274,-115,-78,-14,159,266,150,-151,-368,-240,-44,104,155,107,24,-45,-93,-101,-73,-27,-59,-96,-42,124,244,218,219,230,209,135,18,-58,-40,17,53,-23,-160,-204,-88,4,3,10,1,3,-5,-7,-16,-85,-328,-493,-455,-232,-219,-393,-484,-215,252,466,301,11,-128,-163,-96,-15,61,57,40,34,37,26,58,76,113,124,108,-37,-285,-513,-471,-179,74,174,95,-21,-35,-74,-120,-106,-63,-24,62,150,199,166,64
278,2,0.34976592659950256,739,15,-66,-35,-31,12,-25,-9,-68,-469,-1156,-1361,-1016,-86,204,6,-48,352,984,1041,578,-143,-351,-107,75,165,174,235,284,-37,-242,-78,68,27,-222,-396,-200,138,209,-30,-249,-466,-269,32,237,56,12,72,113,279,215,184,217,101,78,31,82,-32,-45,-4,13,0,-26,-30,-162,-409,-910,-872,-541,-122,-30,-104,-220,-286,47,453,606,152,-151,-425,-560,-517,-143,-1,-37,-110,-100,-236,-474,-600,-362,-85,161,122,-32,-72,26,143,126,133,312,204,281,300,190,39,-193,-213,-177,-1,80,86,16
278,3,-0.0763782188296318,735,-7,-18,-43,25,28,36,22,44,-85,-359,-429,-81,599,465,-389,-1164,-778,-30,185,-7,-260,-251,-71,356,828,791,294,-101,-168,128,218,70,-46,108,266,101,-306,-461,-254,23,261,433,261,-107,-423,-224,221,533,495,168,-183,-215,-137,80,122,-3,-12,-1,11,-25,15,18,-16,2,82,209,180,-160,-470,-145,185,72,-283,-125,13,-128,-392,-320,135,476,376,-16,-220,-130,85,204,33,-254,-445,-396,-261,-339,-689,-842,-658,-373,-283,-432,-448,-167,268,452,364,189,22,-146,-75,176,504,529,367,227
279,1,0.23585017025470734,740,6,3,17,7,-2,0,5,-10,-42,-159,-231,-182,100,368,577,624,407,12,-197,-115,-6,14,18,80,143,147,66,-33,-69,-33,-9,-65,-132,-113,-74,-1,109,330,536,473,157,-152,-227,-156,-71,-46,26,114,112,47,-19,-92,-117,-107,-57,-23,-5,9,-22,-8,-5,-3,-7,65,426,1208,1593,1371,229,-327,-259,-6,-2,-92,-115,-96,27,182,233,49,-262,-422,-220,-48,33,38,26,-15,-58,-105,-109,-76,11,62,94,117,146,139,97,126,123,118,110,73,44,28,40,-22,-161,-291,-247,-61
279,2,0.3497658967971802,742,-25,-82,0,-5,20,-12,-22,-159,-591,-1407,-1517,-1154,-235,-61,-157,-188,34,739,1188,975,128,-400,-406,-368,-170,98,102,57,-229,-358,-319,-414,-503,-522,-330,-89,103,69,-114,-169,-157,-180,64,413,315,368,298,288,176,-18,-139,-47,44,109,87,77,35,24,-13,22,-6,33,-14,-74,-100,-3,90,171,-100,-130,1,278,175,-190,-279,44,222,119,-231,-263,-219,-37,-41,-233,-194,-7,-144,-381,-491,-225,35,157,-47,-284,-101,312,539,353,64,34,230,217,194,25,-126,-263,-202,-193,-14,63,83,-35
279,3,-0.06699804961681366,740,26,3,9,-3,11,27,14,10,12,-66,-110,-153,-113,130,67,-483,-898,-920,-585,-324,-174,-79,106,423,727,652,116,-151,-58,208,185,-86,-356,-318,-88,-102,-314,-651,-559,-323,-148,-108,-121,-106,47,162,258,362,334,81,-195,-58,265,497,396,193,-14,8,14,45,34,-13,-26,-27,81,304,435,53,-529,-519,185,883,525,-177,-674,-681,-438,7,237,149,-227,-487,-408,-119,-2,-44,-92,-148,-152,-231,-346,-380,-266,-210,-237,-314,-336,-607,-573,-123,342,419,30,-402,-449,-244,42,246,394,320,163,164
280,1,0.24790997803211212,742,-2,4,-1,-19,-19,-18,-23,3,119,438,667,596,224,113,192,267,74,-306,-419,-210,22,127,168,167,113,63,56,18,14,38,28,-47,-111,-126,-61,-4,115,322,523,500,258,-9,-158,-123,-10,39,90,105,64,-5,-27,-60,-127,-175,-148,-49,1,-1,-12,1,-1,-7,-6,30,312,1008,1471,1310,277,-453,-598,-384,-149,50,112,-4,-106,9,168,102,-201,-441,-303,-102,28,56,20,12,-13,-46,-73,-22,3,-107,-212,-157,50,203,190,161,177,165,147,72,-5,-29,17,10,-93,-213,-223,-67
280,2,0.3618262708187103,737,6,2,-22,-8,18,25,46,240,494,746,620,386,113,180,181,-28,-120,-267,-556,-505,-44,338,592,478,189,-6,37,74,172,171,345,509,460,237,-24,-78,108,195,95,-122,-102,-11,-42,-291,-279,-410,-308,-94,82,213,194,114,-23,-135,-109,-1,12,-48,-13,0,22,6,3,-184,-664,-1258,-1272,-547,-32,-30,-215,-307,348,1086,1057,288,-298,-342,-264,-276,-207,-2,274,221,-50,-197,-146,-42,-123,-285,-226,89,302,178,-139,-498,-557,-207,153,259,69,115,171,274,258,78,28,50,18,34,54,189
280,3,-0.09514007717370987,741,-19,16,6,36,-3,-12,-32,-1,167,404,359,-290,-743,-141,660,790,34,-631,-918,-616,-126,204,389,156,-223,-371,-184,60,5,-91,-184,-197,-233,-278,-305,-222,-135,-228,-365,-414,-579,-700,-358,231,501,181,-326,-510,-341,-84,216,429,475,312,170,176,17,24,-2,-3,16,-36,-11,-8,46,99,189,115,-88,-174,131,730,799,201,-285,-279,-21,130,-85,-584,-774,-294,43,121,-97,-239,-98,266,420,214,-15,33,358,538,402,207,80,30,64,93,-34,-173,-289,-407,-291,46,199,20,-314,-427,-264,-73
281,1,0.23853012919425964,738,-29,-9,11,3,8,17,11,-62,-424,-1222,-1581,-1264,-143,525,603,411,232,108,53,106,67,-115,-243,-121,202,387,244,66,-64,-100,-71,-23,28,49,13,-42,-43,31,60,-33,-180,-235,-163,-167,-184,-199,-164,-84,17,52,18,37,133,261,222,63,4,14,-3,4,-6,-10,-21,-6,64,215,276,236,166,254,349,313,66,-232,-275,-126,19,86,111,138,162,206,151,61,-7,18,3,-70,-107,-95,-33,24,171,434,608,491,152,-160,-245,-158,-43,-2,33,43,28,-2,-13,-73,-89,-101,-39,22
281,2,0.34306472539901733,739,17,-25,-16,12,-47,10,-36,-92,-322,-875,-1183,-996,-369,-177,-193,-119,126,517,807,833,385,-68,-530,-773,-687,-415,-48,111,-23,-157,-242,-360,-488,-510,-234,-7,65,-63,-110,-58,53,-127,-59,164,328,394,449,345,180,-46,-228,-219,-25,114,159,116,1,0,-1,-2,15,-7,14,-25,41,250,502,550,82,-195,-166,133,195,-294,-703,-397,190,305,-58,-436,-405,-215,-141,-268,-150,31,104,-147,-328,-126,142,186,-122,-366,-156,291,566,482,53,-117,60,242,177,12,-149,-237,-172,-94,-29,104,113,21
281,3,-0.07637887448072433,740,5,-13,-34,-16,-5,-35,5,-19,-134,-273,-130,342,572,-12,-465,-148,424,496,371,211,109,-11,-340,-518,-320,109,152,58,-38,-20,146,351,462,381,251,215,344,515,521,458,533,632,382,-87,-428,-244,93,180,133,104,-60,-349,-556,-437,-245,-176,-2,-29,-17,1,12,54,10,-7,-150,-343,-361,134,583,212,-603,-1094,-631,212,668,504,10,-304,-196,398,829,482,-6,-191,77,282,220,-94,-198,19,228,111,-189,-285,-78,135,393,470,199,-214,-280,37,416,593,376,-21,-373,-316,-100,125,98,-47
282,1,0.20368589460849762,742,-21,-13,-12,-16,-9,-13,-6,47,331,838,1029,703,121,-158,-93,31,-6,-101,-121,-104,-24,114,211,147,-2,-97,-68,-42,-6,17,3,-54,-96,-89,-38,50,160,285,356,295,149,-15,-63,4,76,110,110,69,14,-24,-41,-114,-218,-257,-163,-31,-6,-10,-4,-5,-7,-6,5,55,288,705,881,568,-95,-479,-495,-349,-128,44,37,-33,-43,38,76,-46,-275,-367,-230,-58,17,6,-13,-5,1,-27,-9,-8,-105,-284,-357,-199,102,257,245,195,138,124,98,47,-17,-35,-6,-3,-40,-111,-101,-63
282,2,0.3524453341960907,742,9,-4,-15,-30,10,-15,-13,11,-125,-441,-654,-571,-4,222,98,-179,-52,609,944,439,-220,-320,91,439,379,215,147,319,114,-100,-104,138,273,43,-191,-141,169,412,114,-364,-679,-573,-130,105,-113,-206,-113,64,228,239,126,1,-61,-170,-109,42,42,-47,-7,7,-14,-38,-44,-103,-347,-904,-1086,-819,-168,-131,-130,-13,221,575,793,726,219,-130,-545,-729,-627,-350,-21,137,-86,-130,-218,-343,-484,-449,-102,61,-23,-149,-132,25,138,-15,37,256,229,390,360,253,112,-71,-184,-146,45,143,138,46
282,3,-0.07771885395050049,739,6,37,58,-5,-16,-42,-22,11,176,408,328,-196,-671,-150,753,1032,450,-195,-344,-231,55,209,160,-389,-848,-649,-130,125,-28,-200,-192,20,83,-80,-224,-134,97,148,20,-148,-455,-555,-200,224,426,103,-298,-481,-291,82,378,327,184,-1,-18,129,3,2,-30,-7,-3,-40,13,-19,-56,-152,-26,287,340,-75,-217,305,756,681,396,205,75,-86,-397,-562,-471,-68,106,7,-138,-111,91,321,383,261,191,296,614,740,593,391,421,556,410,30,-299,-234,-65,-12,23,121,-10,-274,-536,-485,-297,-138
283,1,0.21574640274047852,741,-7,4,10,-3,-9,-1,9,-48,-291,-710,-808,-525,-136,-117,-262,-362,-266,-70,48,70,-30,-152,-233,-204,-135,-110,-69,32,76,54,39,83,129,133,59,-40,-210,-428,-487,-319,-84,100,131,71,42,-39,-128,-136,-97,-24,63,201,256,251,133,1,5,9,-2,5,-8,-6,-17,-118,-561,-1274,-1455,-903,119,555,496,355,257,129,62,53,-16,-99,-91,89,351,384,175,-1,-71,-24,2,35,82,119,64,43,59,142,129,-44,-259,-268,-189,-185,-173,-223,-180,-64,7,14,-46,-39,70,190,154,40
283,2,0.3403852581977844,737,-12,-27,-18,13,-13,0,-12,-60,-233,-613,-824,-682,-295,-88,-38,40,187,370,555,609,311,-55,-334,-424,-337,-134,78,91,-20,-84,-144,-237,-317,-320,-158,-17,-17,-101,-137,-72,4,25,91,199,289,285,252,176,71,-60,-154,-106,13,83,97,58,-3,-22,0,-13,-19,-3,7,26,118,406,682,646,204,-105,-67,142,94,-405,-805,-612,-35,278,193,48,14,-42,-151,-237,-114,77,138,10,-70,46,206,162,-97,-232,-76,218,447,389,89,-107,-73,53,36,-89,-215,-207,-92,-25,21,55,32,-47
283,3,-0.08307943493127823,735,1,-2,-11,14,4,-7,11,29,-120,-397,-417,164,783,353,-446,-701,-176,45,-173,-234,28,152,-14,-57,173,526,529,190,-62,-86,68,259,365,375,280,211,265,317,212,150,313,665,604,74,-498,-447,-35,296,327,208,-73,-377,-532,-381,-204,-132,9,11,3,39,16,41,12,35,-22,-196,-257,-164,261,382,-120,-861,-953,-420,-16,15,-202,-247,26,521,826,535,46,-63,146,415,319,-64,-291,-121,73,-70,-588,-841,-527,-146,9,-1,-191,-197,-106,141,353,445,371,22,-220,-41,236,386,269,30
284,1,0.23852932453155518,742,-1,-5,5,3,4,3,20,39,127,327,419,207,-216,-520,-580,-420,-189,54,102,33,4,-7,-72,-228,-410,-459,-257,-60,26,24,40,100,130,122,59,-20,-202,-429,-496,-284,34,239,270,281,204,128,-21,-88,-89,-34,61,168,185,92,17,-14,-16,-4,1,-14,-4,11,5,-115,-602,-1382,-1565,-1000,14,405,296,65,-46,-50,67,217,82,-142,-267,-122,154,248,130,37,-39,-57,-30,57,137,145,71,-14,-114,-213,-264,-264,-226,-79,-12,-89,-123,-164,-137,-52,15,23,3,69,203,285,194,17
284,2,0.29884064197540283,740,-2,16,-22,-15,1,56,49,166,508,866,841,566,113,122,25,-260,-538,-639,-639,-501,-79,300,605,704,529,183,61,22,79,65,216,433,563,269,-43,-142,45,132,60,-166,-89,-89,-77,-318,-219,-382,-308,-137,57,248,201,148,9,-97,-104,-43,-11,-9,-23,0,-6,-29,-2,-63,-394,-859,-1053,-586,21,206,12,-113,364,1018,1020,237,-305,-254,126,507,470,362,275,263,-13,-166,-50,157,125,-96,-365,-172,105,142,-71,-452,-650,-351,-15,183,-10,-4,68,182,263,153,82,36,17,30,22,164
284,3,-0.06029597297310829,737,6,33,21,17,5,24,8,52,97,143,-58,-366,-250,83,43,-525,-801,-584,-301,-284,-227,-43,351,563,476,72,-62,72,201,149,-139,-397,-426,-265,-183,-399,-718,-719,-498,-277,-305,-404,-255,30,307,237,126,108,-6,-175,-69,305,582,478,333,168,15,42,32,-37,-8,-23,-20,27,256,509,264,-378,-742,-11,935,845,170,-191,64,303,368,186,-102,-564,-844,-514,-21,134,-119,-281,-283,-49,55,-58,-55,177,346,198,-133,-305,-473,-364,-6,277,249,-89,-417,-460,-236,56,230,222,51,-31,91,265
285,1,0.24791094660758972,738,-12,2,-2,-11,-1,0,-2,-121,-559,-1195,-1261,-645,-23,139,-45,-143,-84,36,139,166,29,-157,-233,-98,56,20,-44,-22,-16,-16,15,90,107,72,-10,-96,-208,-372,-405,-269,-121,38,50,-79,-118,-200,-194,-131,-63,-4,61,161,259,298,145,-25,-14,7,-2,5,-3,3,-20,-123,-484,-989,-1058,-462,247,574,537,330,7,-231,-161,52,68,-39,-19,227,500,436,152,12,48,78,-6,-73,-58,-25,2,17,122,259,258,31,-213,-238,-182,-215,-190,-170,-21,92,107,27,-83,-106,-21,86,43,-14
285,2,0.37120676040649414,743,-2,54,1,0,-9,31,17,143,622,1224,1278,647,-34,-250,15,222,-229,-915,-1018,-428,188,424,227,163,-50,-239,-299,-260,74,305,107,19,130,268,287,22,-141,-110,108,490,566,155,-207,-343,-80,-127,-128,-292,-263,-53,32,-68,-32,-57,-46,-116,23,31,-15,-11,6,39,78,195,485,796,708,362,2,-28,-126,-285,-369,-479,-623,-475,-19,297,625,708,575,215,28,40,92,86,260,449,486,272,-4,-64,71,152,65,-114,-66,0,-25,-249,-242,-376,-314,-107,115,225,158,46,-47,-125,-118,-83
285,3,-0.0576166957616806,736,-15,-12,25,-30,-19,-52,-5,-5,74,211,192,29,-332,-233,389,954,933,412,125,156,267,176,-218,-650,-783,-404,-44,5,-164,-223,-30,209,242,48,39,333,818,827,453,87,-86,-18,156,204,41,-181,-345,-372,-156,152,160,-72,-358,-351,-164,66,-5,-28,-17,2,-6,-2,8,-39,-204,-453,-153,500,689,-85,-864,-513,146,337,149,114,128,52,-11,207,511,613,206,-25,-80,-21,165,290,356,343,216,193,210,310,316,343,597,697,221,-290,-521,-156,207,285,173,12,-199,-373,-349,-193,-114,-159
286,1,0.2572908401489258,742,4,-14,-7,-13,-18,-14,1,38,237,469,472,97,-318,-518,-464,-237,39,167,69,-84,-83,-14,-8,-139,-359,-398,-220,-13,31,-25,-44,0,65,51,23,-57,-202,-352,-342,-88,187,299,247,141,71,51,-6,-73,-100,-58,55,136,86,-6,-25,-24,-13,-8,-8,8,9,-3,-23,-184,-673,-1178,-1162,-485,160,296,83,-122,-181,-65,110,183,27,-189,-229,-9,225,237,122,53,23,5,-7,34,95,98,57,-18,-105,-222,-293,-278,-159,-32,8,-59,-131,-189,-171,-126,-68,-20,41,166,252,228,63,-48
286,2,0.3430647850036621,737,-10,-21,10,22,4,9,-5,-54,-156,-274,-302,-162,-154,-224,-352,-64,402,518,322,253,229,2,-318,-649,-724,-597,-296,-128,-35,80,93,-224,-522,-389,-33,139,25,-203,-118,202,563,447,112,20,173,341,407,181,-34,-246,-281,-186,-81,32,78,-31,16,7,46,26,-13,14,5,21,210,823,1367,1363,494,19,-9,102,50,-564,-1107,-1057,-320,249,408,348,189,-30,-204,-278,-112,172,238,182,226,339,342,211,-40,-54,30,120,405,491,136,-157,-241,-170,-190,-162,-231,-156,-8,39,-26,-34,-79,-81
286,3,-0.05091569945216179,735,15,15,11,-31,-22,-57,-20,-10,85,166,200,76,-223,-106,400,741,515,138,165,326,314,128,-332,-717,-741,-267,53,-39,-363,-440,-89,333,466,236,117,398,831,788,410,111,46,143,227,122,-80,-271,-470,-511,-336,32,128,-94,-330,-325,-193,-4,-3,-9,-21,-2,-11,22,17,-68,-262,-508,-189,517,777,63,-526,-275,242,308,151,214,178,-45,-236,5,574,776,331,-17,-109,-15,232,309,340,318,212,64,10,80,151,294,646,720,224,-374,-608,-203,224,335,181,-24,-252,-398,-346,-163,-163,-249
287,1,0.23182909190654755,737,10,13,-5,-14,-17,-7,-4,11,245,910,1546,1512,651,-176,-325,-101,59,119,62,-51,-165,-32,209,248,2,-296,-283,-115,-6,40,7,-73,-124,-125,-66,14,95,121,150,210,275,293,131,46,77,117,171,144,62,-13,2,-9,-120,-254,-305,-153,-17,18,-8,-17,-4,10,4,7,15,106,188,180,-20,-271,-444,-502,-389,-74,206,217,83,-5,-28,-106,-212,-311,-285,-96,64,73,3,-6,64,117,94,12,-120,-310,-509,-503,-228,102,238,185,108,76,40,-50,-99,-92,-38,74,149,124,55,6
287,2,0.4033706784248352,740,-8,-46,2,22,-24,-36,-63,-100,-239,-480,-566,-397,-212,-9,38,196,368,372,418,553,381,41,-424,-782,-773,-533,-181,-82,10,38,-78,-352,-522,-330,-50,121,-1,-240,-107,212,445,312,76,60,248,285,390,255,45,-157,-235,-215,-49,86,132,15,35,-3,66,31,-32,16,28,23,237,836,1344,1262,323,-18,18,209,235,-535,-1131,-917,-58,492,344,254,164,-14,-153,-327,-93,201,202,149,81,219,325,267,-46,-285,-80,139,516,569,133,-259,-216,-93,-89,-122,-287,-232,16,57,-3,-50,-46,-64
287,3,-0.07905805855989456,741,21,23,24,-7,25,6,28,6,26,-12,-20,-146,-153,121,178,-285,-853,-969,-481,-204,-210,-281,-52,389,603,378,-179,-294,-42,333,436,68,-319,-404,-224,-128,-366,-814,-794,-448,-176,-94,-186,-186,-17,191,297,325,285,106,-166,-133,186,408,382,238,-18,13,55,25,-4,8,9,-9,21,255,418,121,-450,-596,281,1249,938,111,-388,-189,-116,28,106,9,-265,-488,-323,-29,24,-161,-274,-280,-202,-151,-182,-103,1,96,-25,-229,-327,-498,-396,-12,355,338,-93,-379,-389,-177,23,113,231,224,145,212
288,1,0.24791017174720764,741,7,7,-9,-13,-11,0,-4,44,262,859,1267,1088,122,-506,-681,-495,-135,169,240,73,-65,-12,114,52,-162,-360,-245,-59,52,68,32,14,-11,-27,-24,-39,-89,-229,-302,-208,65,228,218,212,209,200,112,-5,-42,-19,29,51,-11,-129,-153,-59,-23,-10,-4,-4,7,-4,-1,-34,-221,-725,-1102,-936,-280,-83,-227,-382,-228,58,248,206,59,-111,-220,-205,-123,-44,-53,-5,25,22,18,72,131,139,46,-45,-159,-308,-435,-420,-230,-8,160,161,57,-24,-96,-111,-87,-63,4,77,180,225,181,59
288,2,0.3323422074317932,743,47,31,-28,-45,6,23,27,69,312,703,788,632,246,124,117,87,-116,-341,-685,-839,-441,-71,425,659,549,295,109,95,1,-54,134,374,492,294,-33,-113,22,212,92,-142,-363,-278,-169,-175,-279,-262,-327,-216,8,170,243,203,28,-27,-102,-99,-27,-16,-31,-8,27,-18,-10,-3,-247,-732,-1110,-966,-197,225,55,-367,-365,375,945,684,-66,-410,-232,-134,-100,4,230,399,66,-278,-225,25,170,-50,-293,-227,124,341,56,-375,-727,-623,-167,149,63,-135,-18,135,333,358,187,89,54,29,43,114
288,3,-0.0844196230173111,741,24,48,6,19,29,21,-4,46,177,305,33,-497,-487,213,568,190,-254,-267,-211,-363,-293,-29,315,355,148,-99,-82,-24,31,-4,-219,-374,-384,-229,-154,-244,-488,-619,-530,-438,-504,-433,-114,321,436,162,-28,1,30,-31,6,307,476,377,283,222,18,31,28,-2,-9,-36,-9,25,194,449,280,-310,-788,-422,327,619,351,9,-30,-33,130,211,-134,-714,-953,-349,123,179,-226,-506,-319,71,153,-92,-91,314,794,821,401,116,-167,-205,80,355,221,-144,-557,-626,-286,128,292,158,-98,-187,-79,152
289,1,0.2385302186012268,738,-7,-3,-8,-15,-3,-8,-6,20,140,269,300,55,-260,-463,-472,-273,123,417,340,73,-77,-80,-78,-151,-269,-294,-154,-16,38,36,36,63,63,45,26,-35,-224,-450,-502,-247,115,301,273,207,145,101,-7,-79,-76,-42,32,80,85,51,35,-8,-17,7,12,5,-3,13,-11,-190,-806,-1526,-1553,-759,148,385,147,-30,-38,48,156,234,38,-206,-258,-59,156,134,44,-4,-43,-30,4,67,98,58,8,-69,-117,-214,-257,-280,-262,-101,-43,-119,-157,-202,-138,-50,-8,-14,7,118,243,308,176,1
289,2,0.3336840569972992,738,-10,1,25,2,-16,-11,-31,15,252,814,1163,980,132,-109,143,486,272,-617,-1041,-677,33,335,163,14,-34,-169,-305,-401,-19,278,178,-78,-229,15,263,236,-56,-205,33,441,656,513,28,-253,-59,113,77,-24,-230,-317,-186,-158,-42,-28,10,-108,-2,48,-40,1,27,6,-27,89,296,854,865,708,268,246,386,140,-211,-684,-779,-646,-139,161,376,339,265,91,47,-15,9,13,184,337,379,256,-10,-89,-51,91,75,-44,-140,-136,-85,-269,-253,-282,-217,-148,-42,248,233,222,41,-70,-90,-92
289,3,-0.07503921538591385,739,-23,7,10,-8,37,8,22,30,37,27,-46,-162,-206,-9,-166,-695,-917,-504,-131,-196,-415,-294,92,520,675,428,15,-112,32,235,136,-160,-366,-245,-42,-78,-487,-774,-594,-297,-139,-183,-208,-76,157,324,410,488,347,12,-169,-63,323,440,312,116,-3,0,29,-12,13,-15,-3,10,117,441,546,-26,-836,-702,149,549,124,-326,-355,-133,-5,141,142,-154,-704,-1003,-508,-8,115,-141,-257,-239,-196,-272,-317,-52,321,431,206,29,-210,-371,-185,186,560,347,-187,-542,-465,-143,213,210,236,85,25,179
290,1,0.22244864702224731,736,9,0,-7,-16,-22,-16,-4,34,262,910,1358,1230,320,-392,-500,-267,11,237,254,66,-100,-16,120,75,-127,-358,-282,-105,25,48,38,-13,-62,-105,-58,-4,9,-113,-230,-178,50,237,225,171,174,142,132,39,-35,-83,-40,-7,-36,-104,-122,-56,-3,-11,13,0,5,-5,9,-5,-180,-624,-975,-868,-324,-97,-177,-270,-114,181,344,272,110,-87,-199,-205,-129,-102,-105,-46,15,14,10,54,107,129,66,-35,-152,-327,-494,-492,-267,-11,159,111,-32,-75,-102,-100,-73,-32,-20,70,200,261,217,64
290,2,0.3591465950012207,741,27,9,26,27,-3,-20,-49,16,284,981,1469,1359,449,204,360,485,185,-649,-1284,-1056,-191,285,334,201,81,-103,-104,-258,-102,107,201,266,210,231,190,143,-58,-103,28,213,311,399,22,-283,-284,-138,-101,-80,-143,-117,122,88,-29,-75,-70,-137,7,34,-6,-27,27,-2,-42,68,233,455,437,266,270,195,331,186,-26,-72,-98,-312,-327,26,343,483,418,237,82,108,41,-32,47,333,551,376,8,-200,-101,169,164,-85,-312,-341,-144,-165,-310,-326,-339,-170,3,263,289,249,123,-48,-181,-134
290,3,-0.08441907167434692,736,3,4,-10,-4,-17,-22,-23,7,216,430,197,-391,-621,35,735,294,-491,-712,-451,-197,-3,139,282,33,-463,-652,-378,-47,100,53,-122,-249,-322,-336,-210,-81,-55,-128,-209,-256,-419,-412,-61,382,611,272,-106,-329,-269,-37,124,251,310,197,168,209,-14,-11,11,-16,-30,-15,-12,-36,88,169,179,17,-169,142,1048,1428,1099,132,-121,12,249,161,-221,-519,-643,-240,16,104,-86,-222,-105,76,124,10,-37,186,633,599,285,41,-97,-38,83,89,-28,-323,-453,-453,-187,155,200,-19,-285,-312,-109,108
291,1,0.20368704199790955,737,-14,-16,-1,0,-4,-2,-6,-88,-510,-1342,-1615,-1298,-183,275,92,-149,-169,-93,0,68,8,-160,-250,-137,125,270,155,25,-100,-138,-85,38,142,186,97,5,-66,-95,-105,-142,-194,-164,-89,-102,-131,-163,-161,-69,18,52,36,87,181,275,213,60,-18,2,6,5,-5,-11,-20,-3,-16,-56,-100,-31,184,401,473,319,-22,-324,-349,-140,18,65,70,109,176,244,119,-31,-105,-103,-75,-86,-81,-68,-6,45,171,367,512,380,29,-246,-273,-123,6,39,76,99,94,69,-14,-132,-191,-164,-64,7
291,2,0.3779081404209137,736,-24,-96,-15,-12,24,34,36,-121,-522,-1285,-1390,-947,-164,-223,-458,-569,75,944,1220,667,-54,-329,-276,-165,-30,100,247,333,-9,-159,-253,-216,-205,-239,-211,-22,96,82,-141,-426,-393,-230,121,373,123,87,89,190,233,75,-60,40,46,73,103,203,-20,-10,17,0,-26,6,2,-164,-325,-604,-478,-298,-131,-187,-307,-186,-169,20,291,415,95,-254,-555,-602,-436,-133,-51,-97,-61,-9,-194,-493,-470,-197,101,170,32,-111,3,210,265,211,189,307,235,329,266,63,-64,-259,-197,-185,-29,115,144,85
291,3,-0.08575846999883652,737,7,-7,15,14,4,46,19,21,-29,-289,-418,-58,476,415,-474,-1360,-872,81,589,357,146,-100,-288,-144,154,616,630,267,7,-61,10,113,245,361,386,220,9,-91,-2,172,328,539,443,36,-410,-447,-94,139,332,164,-61,-135,-214,-179,-160,-159,31,40,-6,-4,5,25,6,22,17,-52,-84,-131,-109,41,-71,-706,-1122,-934,-232,16,-24,-171,-2,345,535,389,-90,-255,-117,169,248,20,-191,-164,-57,-48,-282,-599,-525,-256,-141,-127,-157,-96,92,325,475,388,254,-63,-243,-159,140,360,290,105
292,1,0.21976855397224426,739,-5,2,7,8,-7,-3,-20,-146,-690,-1415,-1543,-1033,-75,152,-108,-263,-168,42,103,90,-68,-238,-258,-89,142,201,88,-22,-108,-140,-49,96,181,171,83,-20,-136,-229,-279,-262,-217,-97,-44,-80,-92,-134,-140,-88,-15,5,19,133,239,294,186,15,-7,-6,-18,-5,14,10,-11,-49,-227,-470,-550,-268,266,585,566,266,-130,-344,-224,22,115,57,24,106,244,237,66,-79,-120,-69,-58,-87,-73,-54,19,74,188,385,472,244,-107,-281,-203,-67,25,25,42,62,85,66,-7,-72,-72,-15,36,42
292,2,0.4060502052307129,739,-30,7,10,11,-13,11,6,35,65,-99,-302,-340,-91,119,108,-201,-272,146,501,359,-32,-63,166,453,448,317,212,257,212,7,-73,155,420,240,-118,-292,-52,181,127,-311,-649,-635,-282,-145,-142,-277,-250,-57,123,235,232,176,162,28,-84,-25,-17,-7,-58,-11,-32,30,57,-11,-270,-833,-1345,-1179,-572,-220,-372,-452,-233,194,746,899,464,-79,-403,-665,-575,-302,1,188,129,-37,-118,-354,-448,-477,-252,20,165,28,12,-68,-51,-48,163,382,463,271,243,177,153,51,-184,-189,-40,35,84,112
292,3,-0.04823683947324753,739,-34,-19,-26,-17,3,-33,5,-30,-6,15,81,112,126,10,214,866,1146,786,122,-51,61,175,-14,-362,-501,-294,107,186,11,-243,-268,5,205,161,42,24,251,533,471,238,166,204,261,176,-87,-377,-521,-372,-229,105,242,121,-173,-344,-273,-101,21,-18,39,36,12,66,24,29,-60,-316,-455,-15,509,298,-685,-1385,-783,221,735,425,148,-114,-274,-102,272,708,630,181,-78,-85,34,127,284,437,433,229,-52,-106,-19,146,294,492,327,-64,-419,-334,35,142,279,101,-109,-141,-194,-123,-134,-138
293,1,0.2291490137577057,740,0,10,9,-4,-8,-23,-10,-50,-273,-695,-884,-554,147,525,455,168,-145,-242,-99,78,108,-17,-76,52,233,276,114,-39,-99,-59,-30,-45,-53,-11,23,23,83,212,245,111,-139,-251,-182,-80,-32,-10,-3,40,71,76,43,-10,17,85,107,49,-7,-19,-7,4,7,-6,-9,66,373,876,1073,725,157,44,245,296,55,-194,-223,-99,82,202,216,111,-57,-125,-71,-10,55,71,22,-75,-135,-131,-76,-17,113,250,335,290,146,15,-33,8,51,93,103,82,47,14,-33,-108,-213,-246,-150,-25
293,2,0.37790802121162415,742,-45,-69,-22,-13,15,45,63,-100,-435,-1158,-1404,-1080,-225,-217,-353,-483,-81,688,1027,732,12,-270,-317,-318,-183,77,311,445,52,-107,-176,-181,-111,-216,-225,0,153,207,-12,-389,-464,-369,52,301,130,59,59,196,256,187,27,34,34,57,20,121,-16,-32,15,-3,-27,34,14,-116,-346,-687,-652,-401,-238,-257,-401,-155,39,199,302,350,103,-227,-543,-652,-491,-199,-18,-29,7,-28,-230,-540,-546,-242,54,134,4,-124,4,254,344,270,184,321,306,290,154,25,-15,-148,-156,-169,-71,43,112,99
293,3,-0.08307985216379166,741,-18,-21,-26,-3,-27,-36,-4,-43,174,407,292,-259,-513,169,1434,1475,525,-497,-710,-364,-43,149,63,-184,-640,-602,-327,31,60,-23,-114,-162,-295,-374,-306,2,265,141,-11,-202,-365,-294,73,356,421,12,-285,-403,-247,40,190,162,71,15,29,183,-32,12,11,-1,10,5,5,-32,-42,-97,28,182,99,-224,-244,318,739,564,235,84,102,-11,-265,-436,-244,266,384,135,-213,-347,-99,218,334,245,116,142,455,506,334,192,211,288,247,-42,-328,-459,-446,-279,-29,200,215,-78,-353,-379,-218,-73
294,1,0.21306660771369934,742,-2,-8,-9,0,-7,11,0,-70,-389,-1046,-1307,-930,72,616,551,211,-117,-237,-116,81,104,-19,-86,45,269,342,110,-77,-130,-98,-23,-3,-17,10,15,17,63,244,316,146,-116,-240,-169,-108,-59,-59,1,60,105,99,29,2,42,165,148,47,-4,10,6,0,-1,4,-1,45,304,893,1111,849,194,103,297,355,107,-217,-236,-105,94,186,213,152,18,-72,-61,-51,-2,41,22,-63,-114,-165,-93,-31,102,269,410,346,168,-28,-105,-25,42,109,126,109,42,-12,-38,-132,-209,-249,-165,-16
294,2,0.35914668440818787,736,-7,-11,-68,-9,-18,20,45,16,-237,-850,-1445,-1396,-769,-179,-313,-468,-269,335,902,988,536,-79,-349,-537,-509,-266,40,304,289,15,-127,-320,-384,-387,-218,-71,119,36,89,-64,-163,-247,-47,261,435,186,127,96,210,226,37,-74,22,35,61,78,16,-1,28,11,3,-15,13,-48,-150,-227,-286,-135,-52,-119,-198,-150,-38,-148,-170,24,157,-7,-232,-497,-483,-333,-153,-102,-36,77,42,-336,-653,-434,-52,184,9,-215,-180,215,493,555,311,236,266,280,217,-9,-118,-183,-222,-178,-167,-23,80,86
294,3,-0.06699788570404053,741,-3,18,-40,-17,7,-4,-1,10,72,181,187,-134,-362,44,677,566,-203,-623,-560,-201,-143,-72,169,347,205,-302,-553,-302,63,310,232,-105,-361,-363,-237,-118,-190,-411,-381,-260,-256,-388,-307,-7,339,420,336,223,38,-141,-168,-27,284,362,307,179,-25,22,-17,-54,-6,-76,-2,-47,55,298,383,15,-432,-247,743,1478,1132,121,-564,-504,-169,148,159,-204,-587,-607,-320,39,58,-113,-188,-105,-109,-241,-289,-117,259,397,279,17,-190,-302,-69,282,418,125,-325,-456,-497,-117,189,210,75,-91,-79,40
295,1,0.2385304719209671,736,-20,8,2,-10,6,-3,1,5,108,462,806,776,142,-478,-731,-543,-160,142,202,30,-110,-65,25,-38,-217,-354,-193,19,163,146,65,26,55,50,28,1,-78,-247,-424,-417,-144,146,224,165,87,25,-28,-89,-103,-94,-35,26,63,24,-47,-28,-16,-16,8,5,10,5,-19,-31,-232,-874,-1438,-1409,-562,89,78,-196,-144,140,242,141,0,-149,-266,-238,-59,160,152,77,6,-50,-46,11,79,127,105,48,-24,-136,-230,-308,-273,-162,13,28,-65,-122,-147,-116,-46,30,45,59,164,270,291,129
295,2,0.34574422240257263,739,-14,-38,-58,-49,-1,28,31,-31,-352,-1027,-1427,-1240,-340,-104,-215,-234,132,767,1069,831,152,-201,-249,-344,-264,-27,234,450,104,-121,-149,-129,-12,-156,-242,-82,158,233,26,-239,-537,-528,-142,176,168,8,47,171,368,346,95,38,45,70,17,85,-30,-79,18,8,-43,14,35,-79,-300,-612,-696,-457,-293,-132,-350,-274,-78,47,121,276,217,-31,-380,-665,-572,-321,-31,57,142,59,-153,-498,-590,-273,-2,118,9,-117,11,152,303,283,222,347,352,179,109,8,-41,-89,-124,-137,-62,13,60,67
295,3,-0.03349432721734047,741,1,10,-5,-7,5,-9,-5,-12,38,158,215,-79,-366,-173,175,32,-538,-649,-342,51,-31,-130,11,270,266,-215,-524,-368,16,311,255,-39,-298,-285,-153,-47,-126,-391,-386,-274,-267,-373,-330,-79,262,413,320,243,84,-85,-156,-52,234,366,311,194,-22,22,-44,-46,-6,-64,1,-39,36,271,417,111,-405,-320,602,1524,1159,20,-693,-575,-156,175,230,-107,-528,-759,-548,-77,81,-28,-103,-71,-113,-238,-295,-143,191,408,346,62,-146,-370,-157,248,448,262,-195,-380,-526,-194,149,227,116,-53,-78,14
296,1,0.20636527240276337,742,-19,-18,6,7,8,-1,-7,-44,-285,-991,-1550,-1475,-551,208,248,-42,-92,55,104,90,17,-140,-281,-244,5,263,221,86,-6,-75,-66,-14,53,108,113,58,-19,-81,-122,-171,-221,-194,-49,-19,-83,-142,-172,-118,-34,45,43,49,147,261,263,102,-2,-3,4,-6,0,-3,2,-7,-61,-230,-417,-388,53,489,701,607,312,34,-80,-16,47,19,7,85,227,296,179,-18,-147,-142,-69,-58,-79,-105,-76,-25,78,250,448,458,200,-96,-196,-154,-64,-5,35,82,95,90,27,-59,-128,-96,-56,-23
296,2,0.3618260324001312,742,27,35,-20,-10,17,14,-26,36,158,252,275,70,191,164,273,179,142,318,367,39,-254,-59,282,694,644,381,75,13,-125,-120,92,512,649,307,-99,-205,8,192,45,-226,-508,-508,-272,-309,-367,-250,-140,10,144,177,159,144,138,34,-70,-55,1,-42,-43,-36,-11,10,12,-42,-370,-1025,-1479,-1279,-443,-131,-185,-166,157,700,1033,941,314,-134,-280,-518,-496,-220,118,397,152,-56,-147,-284,-271,-256,-149,15,156,111,2,-72,-281,-363,-75,231,285,127,118,147,323,276,5,-50,1,50,59,109
296,3,-0.08307880908250809,738,-27,6,-40,-26,-25,-29,4,-21,-19,115,222,193,-79,-211,232,1171,1318,575,-310,-555,-172,198,209,-188,-571,-672,-300,85,118,-107,-177,-18,111,18,-120,-103,194,588,560,271,77,-94,-14,218,244,76,-286,-459,-501,-166,160,223,-26,-252,-283,-133,6,-31,25,10,-6,43,26,25,-17,-250,-422,-131,476,475,-234,-922,-338,435,612,239,32,-28,-98,-173,13,546,758,450,16,-218,-170,48,267,339,270,138,31,56,108,181,278,518,435,25,-409,-547,-215,26,241,206,66,-61,-223,-294,-233,-184
297,1,0.23853056132793427,736,12,11,-16,-15,-2,-7,0,63,421,1227,1593,1309,214,-349,-237,24,45,-14,-28,-41,36,187,283,145,-160,-356,-215,-73,42,71,34,-32,-84,-108,-100,-25,52,56,61,135,202,163,63,79,140,172,149,71,-5,-48,-40,-80,-172,-275,-230,-59,-15,-9,-12,-16,-6,-7,9,4,24,132,199,106,-211,-545,-685,-556,-238,54,127,45,-8,-7,-34,-133,-238,-273,-118,79,161,115,47,67,95,107,51,-22,-122,-336,-514,-464,-159,116,190,129,24,-8,-63,-96,-80,-53,7,94,121,103,69,31
297,2,0.3336840867996216,737,-1,29,17,6,4,2,4,126,471,962,1066,770,264,124,115,-15,-287,-637,-766,-576,-98,230,392,471,369,50,-182,-197,-17,117,184,236,263,214,88,-76,-139,-84,26,121,197,162,-28,-194,-202,-154,-180,-230,-200,-53,66,35,-30,-68,-73,-94,11,5,0,-6,-1,-2,5,20,58,-8,-133,-149,63,202,103,-40,116,385,367,72,-155,-25,292,461,387,190,60,-16,-133,-101,139,363,294,-8,-200,-96,120,164,-52,-315,-418,-330,-223,-212,-229,-153,-37,65,142,165,147,119,41,-25,-45,-6
297,3,-0.06699822843074799,739,-1,30,6,-3,5,-15,2,-23,61,277,424,25,-580,-563,39,318,-192,-483,-288,123,86,-40,18,178,27,-483,-692,-392,-34,147,93,-117,-272,-277,-196,-75,-42,-119,-175,-212,-309,-499,-433,-41,431,537,210,-49,-175,-207,-126,78,299,355,239,194,-18,8,-45,-42,-31,-28,-15,-35,17,169,303,153,-170,-267,351,1258,1161,242,-441,-348,34,285,226,-237,-695,-791,-420,67,129,-71,-114,19,147,15,-127,-19,381,779,661,254,-6,-167,-6,247,349,80,-350,-595,-537,-140,208,192,-48,-261,-270,-116
298,1,0.2385297268629074,740,-10,3,-1,4,-7,5,-13,-89,-424,-1192,-1501,-1144,-37,487,465,231,79,-79,-121,-62,-66,-186,-228,-32,251,391,170,-13,-114,-111,-53,-10,-8,38,39,4,6,132,241,128,-121,-217,-164,-165,-156,-169,-117,-31,51,78,38,23,57,132,116,19,-2,6,17,9,-2,-8,0,39,220,636,805,643,231,286,450,420,112,-165,-196,-82,14,71,122,148,93,14,-37,-124,-116,-63,-22,-47,-100,-132,-59,15,138,333,474,411,188,-54,-118,-25,61,116,124,96,40,10,-23,-111,-177,-215,-145,-20
298,2,0.3658478260040283,740,19,39,38,-20,-25,8,5,60,492,1017,1163,617,-15,-158,4,55,-498,-1191,-1295,-545,140,237,56,-141,-229,-152,-114,-54,162,235,27,-167,0,268,262,-44,-184,-148,89,433,637,390,127,-100,2,-35,-105,-217,-249,-116,-32,-111,-81,-57,-15,-86,30,15,-13,-4,-18,43,82,216,538,944,868,592,136,95,37,-133,-190,-352,-536,-542,-95,195,539,721,596,163,-37,-134,-25,57,268,447,414,159,-61,-178,-42,17,13,-105,-79,-84,-138,-315,-136,-182,-262,-254,-118,100,139,115,-13,-79,-99,-94
298,3,-0.07503785192966461,738,0,-4,20,22,20,9,48,21,-20,-172,-339,-182,186,387,-167,-837,-868,-190,246,117,-126,-215,-129,334,775,910,475,-14,-83,130,134,-40,-217,-60,94,-58,-597,-969,-729,-298,32,140,-8,-235,-332,-29,390,692,567,159,-179,-139,108,274,283,75,-7,19,13,3,13,15,3,11,72,315,465,8,-667,-706,-115,34,-268,-343,-45,198,20,-118,-5,157,37,-442,-663,-372,-117,30,-13,-196,-279,-263,-200,-93,-100,-136,-261,-217,-316,-526,-481,-59,430,529,228,-23,-155,-213,-132,121,373,382,248,174
299,1,0.23853033781051636,737,4,14,-7,-9,-1,-26,-9,40,293,893,1198,998,288,61,208,311,105,-169,-237,-149,-3,102,161,142,-3,-132,-108,-120,-96,-37,-2,-49,-96,-125,-69,1,132,282,437,402,211,22,-75,7,125,179,166,110,38,7,-14,-98,-179,-248,-194,-64,5,-2,-12,-10,-3,-10,-7,47,281,905,1219,974,63,-410,-455,-331,-188,5,139,124,96,159,157,-17,-275,-395,-189,22,123,126,58,32,51,38,13,17,-29,-200,-384,-277,52,249,216,178,164,173,125,31,-45,-119,-71,-9,7,-60,-66,-19
299,2,0.32430338859558105,736,9,-5,7,-4,-2,24,-19,-21,125,385,499,252,-89,-114,157,253,-357,-1030,-917,-112,267,111,-281,-539,-531,-385,-200,-58,136,123,-192,-472,-314,80,311,45,-162,-128,195,609,738,401,123,-9,127,126,113,8,-148,-180,-197,-117,-34,30,33,-82,-21,40,0,-13,-13,49,36,149,637,1141,1157,719,118,-8,8,-27,-266,-684,-932,-712,-91,207,346,465,389,202,55,-16,51,126,175,313,476,301,-12,-198,-64,7,36,-18,143,42,-51,-295,-181,-231,-228,-243,-147,159,175,51,-32,-81,-46,-44
299,3,-0.09245973825454712,737,-2,1,4,2,-8,7,-24,9,13,121,254,200,-114,-441,-289,177,499,246,65,82,219,190,-16,-425,-744,-682,-203,58,-58,-322,-323,65,337,191,-21,155,797,1076,834,382,112,16,99,221,162,-111,-448,-622,-539,-101,173,64,-221,-334,-249,-68,-3,-21,-29,-3,-21,-17,18,8,-99,-393,-521,24,788,749,-42,-367,-158,31,-26,-4,174,122,-97,-176,124,503,604,278,143,72,84,200,219,233,236,145,110,94,182,184,336,628,589,78,-529,-578,-231,92,233,258,97,-180,-438,-366,-181,-181
300,1,0.25461119413375854,742,-5,-13,-9,-9,3,-1,-8,-34,-134,-441,-699,-639,-272,-123,-245,-378,-252,91,309,288,118,-14,-111,-177,-150,-59,9,91,161,120,43,35,95,151,110,48,-73,-281,-501,-513,-253,33,179,106,-40,-73,-69,-41,-44,-53,-62,24,155,212,157,56,-7,4,30,10,6,1,5,-38,-283,-977,-1487,-1396,-421,332,414,216,108,48,-41,-63,-104,-185,-218,-70,218,466,332,96,-68,-111,-79,-54,-38,-5,15,-6,-38,52,144,126,-74,-221,-213,-191,-278,-255,-212,-87,30,107,77,26,28,119,144,51
300,2,0.35914668440818787,738,-5,5,0,-2,-9,-7,-21,-16,60,232,356,254,52,55,170,99,-292,-611,-472,-66,194,101,-130,-280,-291,-245,-216,-118,20,70,-80,-293,-266,-25,161,46,-138,-114,164,430,477,268,65,-10,55,107,101,8,-103,-155,-134,-108,-47,7,4,-45,3,21,-7,-17,-14,4,0,126,500,910,914,549,128,87,165,83,-246,-650,-795,-499,-24,244,325,329,240,35,-89,-11,138,133,125,194,302,262,57,-144,-124,-14,90,137,213,121,-63,-207,-194,-192,-206,-199,-90,74,118,21,-42,-44,-35,-63
300,3,-0.08575915545225143,734,6,-26,-19,-5,-9,-23,-7,0,-54,-89,-26,218,230,-287,-767,-593,102,361,318,302,277,75,-246,-466,-388,-24,234,180,-154,-398,-218,192,385,220,112,307,770,912,711,387,317,351,307,40,-263,-353,-384,-346,-183,73,144,-99,-391,-368,-261,-108,27,-9,-49,17,-16,10,14,11,-103,-406,-366,63,711,468,-460,-1196,-893,-304,73,156,147,-20,-103,152,470,516,284,75,156,269,273,123,-2,111,140,51,-296,-373,-147,45,321,561,343,-106,-542,-358,19,336,430,167,-79,-145,-211,-70,-31,-134
301,1,0.238530695438385,743,-2,-12,-14,-16,5,11,-4,13,196,659,1077,974,382,-63,-10,221,208,-40,-214,-208,-110,28,145,170,26,-159,-195,-161,-117,-70,-19,-34,-88,-117,-97,-52,24,148,281,325,223,59,-17,25,100,131,98,34,-12,-5,18,-14,-148,-237,-205,-68,8,17,3,-3,5,-5,-6,29,108,448,775,717,152,-359,-523,-420,-163,91,176,97,57,81,107,9,-212,-367,-281,-32,115,113,50,39,51,52,32,12,-25,-156,-330,-319,-103,124,191,185,192,141,78,-3,-84,-118,-95,-23,45,8,-22,-36
301,2,0.3685273230075836,740,-30,24,8,-9,30,-15,-13,65,368,945,1254,1002,377,109,179,100,-111,-533,-882,-929,-400,45,384,629,598,397,99,-35,45,91,99,341,585,558,104,-190,-224,24,125,51,-63,33,-83,-311,-344,-246,-244,-242,-161,84,304,230,21,-65,-70,-49,6,-15,28,3,-24,4,29,44,-13,-303,-474,-512,-159,-33,-85,-156,140,724,884,448,-97,-156,37,334,351,288,211,229,95,-37,-24,258,459,259,-85,-182,55,197,39,-332,-551,-525,-166,-12,-42,-122,-101,-24,170,252,259,147,103,-6,-47,51
301,3,-0.08575886487960815,735,17,-5,64,22,12,13,6,21,3,217,315,-6,-477,-316,587,1324,873,2,-303,-244,-219,-44,213,260,234,-132,-360,-183,30,227,250,-31,-281,-346,-197,-148,-263,-454,-514,-364,-417,-544,-519,-108,377,491,287,119,-47,-130,-123,26,322,367,266,152,5,-43,13,23,-2,-27,-49,-20,-31,164,308,128,-185,-497,-92,851,1161,801,150,-1,-53,43,56,-209,-517,-579,-203,56,19,-301,-378,-117,146,122,-29,1,296,681,551,270,-9,-282,-294,-20,246,285,-31,-301,-440,-278,29,88,23,-127,-133,-40
302,1,0.24791057407855988,739,-16,-7,-4,4,-5,-12,-3,-7,-71,-209,-341,-317,-230,-341,-577,-659,-388,15,207,176,102,26,-52,-142,-165,-115,-52,62,154,140,64,58,104,129,90,51,-33,-237,-475,-519,-283,35,192,167,43,-10,-49,-90,-111,-117,-90,5,152,184,142,73,-11,-12,9,-3,10,-2,-7,-57,-290,-1002,-1565,-1462,-426,400,490,164,-37,-52,-11,41,45,-80,-202,-135,150,450,329,120,-25,-60,-36,-12,18,45,62,36,19,46,97,64,-49,-135,-132,-169,-237,-218,-143,-6,78,92,18,-21,73,178,181,50
302,2,0.2961612939834595,743,5,-21,13,-2,-9,-32,-36,-9,175,687,960,843,219,137,210,289,-191,-951,-1274,-803,15,224,81,-165,-274,-292,-248,-303,-38,60,35,-209,-336,-109,156,83,-126,-158,69,412,627,509,170,-54,-33,80,23,-61,-238,-270,-123,-111,-54,31,6,-81,-25,57,-12,-26,54,3,12,118,380,879,977,729,277,41,87,-107,-236,-480,-645,-660,-266,33,349,569,548,244,48,-86,-24,12,88,327,498,384,42,-196,-157,7,74,14,-22,18,-65,-243,-252,-161,-245,-284,-142,102,173,155,-19,-63,-86,-76
302,3,-0.058956701308488846,734,2,-16,50,1,9,-17,-3,-14,-10,282,411,40,-554,-455,640,1547,1289,326,-314,-244,-199,43,258,101,-111,-481,-421,-122,29,29,1,-53,-189,-276,-213,-114,-1,37,-77,-121,-300,-558,-506,-54,456,498,154,-63,-308,-252,-38,116,278,202,115,79,-11,-44,10,2,-4,-40,-26,-6,-33,22,51,124,104,-150,-116,438,853,791,227,45,14,92,-18,-278,-475,-357,68,199,46,-313,-350,4,264,242,100,119,451,783,632,279,85,-36,23,44,12,-76,-233,-277,-299,-119,87,29,-214,-343,-267,-100
303,1,0.2479114830493927,743,4,3,-5,4,-5,0,-1,26,185,604,866,773,300,270,487,536,182,-242,-355,-227,-72,19,90,103,18,-118,-104,-119,-124,-99,-54,-56,-98,-132,-89,-50,78,264,453,471,253,18,-133,-88,46,96,112,123,114,93,56,-49,-165,-212,-175,-73,-1,-1,-27,-11,-21,-15,-17,43,326,1011,1385,1181,146,-538,-544,-216,11,37,13,-54,-22,132,177,33,-284,-504,-301,-65,81,107,41,0,2,-21,-30,-12,-31,-155,-282,-211,18,183,207,212,235,200,98,-52,-132,-113,-32,13,-24,-112,-101,-5
303,2,0.3430647552013397,738,-27,-22,0,5,1,18,33,14,-115,-467,-606,-511,-99,-91,-304,-403,113,851,1012,405,-182,-162,187,516,547,416,208,222,-18,-98,66,385,452,186,-209,-130,76,104,-149,-579,-696,-462,-111,-4,-133,-189,-152,-31,175,216,179,73,14,-105,-53,86,8,-69,17,7,-17,13,-6,-108,-495,-1079,-1189,-874,-242,-65,-21,60,208,420,678,768,290,-52,-402,-569,-395,-130,29,146,4,7,-136,-383,-556,-390,-2,233,150,12,-59,28,-11,-35,101,320,289,233,282,299,205,-27,-182,-100,67,100,76,64
303,3,-0.08575925976037979,741,9,-3,-16,10,-7,27,16,18,-17,-262,-402,-73,511,415,-511,-1437,-1132,-292,373,350,149,-123,-244,-76,232,558,467,188,32,14,25,60,139,234,247,144,-24,-96,0,142,277,470,399,41,-344,-378,-111,135,293,228,-9,-180,-264,-163,-102,-103,1,33,19,2,4,10,-1,1,23,1,-15,-124,-135,48,-14,-487,-882,-847,-396,-135,-44,-60,4,223,346,223,-178,-257,-50,249,227,-71,-270,-243,-109,-181,-482,-702,-544,-252,-79,-65,-154,-136,-28,158,294,324,245,57,-120,-9,262,410,343,161
304,1,0.24791064858436584,739,-12,-3,16,6,3,-2,5,-52,-345,-989,-1312,-1036,-28,506,474,169,-29,-62,-25,79,38,-88,-112,38,334,476,230,4,-115,-105,-38,-32,-30,-4,13,10,53,200,301,199,-66,-236,-228,-233,-243,-234,-102,57,131,91,13,-32,-7,53,40,-8,-2,6,-4,7,0,-6,0,41,260,782,1038,850,248,176,369,358,19,-321,-301,-166,-42,46,129,139,-18,-138,-103,-105,-114,-81,-49,-68,-85,-101,-57,-20,83,256,424,412,230,-24,-157,-69,45,91,121,120,108,110,51,-61,-186,-236,-172,-54
304,2,0.3149225115776062,741,1,-45,6,22,-5,-6,-17,-136,-496,-1036,-1101,-786,-305,-128,-102,39,166,414,684,716,267,-108,-362,-455,-329,-69,36,58,0,-13,-165,-398,-492,-363,-66,162,129,-7,-71,-5,-18,4,131,335,306,220,292,286,210,-18,-126,-84,55,65,62,48,-2,2,14,-6,-13,-22,-20,2,183,581,751,545,181,167,397,377,-192,-764,-820,-342,138,160,-126,-423,-429,-339,-275,-199,29,131,-16,-379,-384,-32,226,133,-91,-68,213,549,611,368,107,-18,53,128,117,14,-143,-181,-123,-59,13,63,-10,-122
304,3,-0.10318109393119812,740,-9,-34,33,-28,-12,-46,-23,-30,-25,193,279,168,-210,-377,232,1301,1398,790,43,-99,-56,131,167,-127,-415,-523,-160,141,29,-224,-176,51,144,37,-62,35,402,684,444,128,-112,-205,-102,74,193,56,-230,-325,-408,-175,121,164,-2,-200,-201,-54,2,-21,-11,-5,-5,-6,20,12,-40,-243,-344,80,565,328,-422,-927,-343,285,418,161,11,-86,-195,-174,28,425,662,459,144,-134,-131,107,281,315,241,225,323,445,438,293,269,443,473,174,-254,-432,-296,-124,98,180,106,-127,-426,-426,-318,-192
305,1,0.22914837300777435,743,-13,-11,-15,-14,-6,-12,9,45,206,508,639,404,-194,-542,-525,-256,77,274,193,23,-2,33,-15,-181,-359,-369,-129,87,153,93,37,54,86,71,35,-5,-142,-384,-520,-349,7,289,319,270,195,128,1,-117,-154,-121,-20,80,117,73,42,4,-18,-8,5,-1,-1,-6,-6,-112,-541,-1292,-1531,-1127,-139,112,-117,-196,-11,141,131,125,60,-78,-193,-88,239,364,204,106,39,19,28,61,85,97,63,2,-64,-155,-248,-287,-224,-77,23,-73,-170,-203,-164,-112,-92,-66,-35,80,227,284,161,28
305,2,0.3430648148059845,736,25,41,22,-23,-17,-27,-39,74,474,1074,1229,751,131,160,326,284,-391,-1096,-1132,-504,99,217,66,-175,-308,-291,-279,-206,63,152,38,-225,-147,85,274,88,-91,-33,213,496,619,295,-9,-201,-22,32,1,-76,-206,-129,-65,-47,0,21,-66,-147,7,0,-31,-26,10,6,26,190,563,921,829,571,144,105,47,-192,-319,-472,-646,-616,-122,144,342,501,400,158,74,29,33,-14,136,457,569,284,-37,-195,-78,65,71,-119,-90,-117,-138,-364,-212,-229,-287,-289,-112,128,140,93,-20,-63,-22,-24
305,3,-0.07637893408536911,739,-5,-29,6,-27,-12,-38,-19,-18,-33,92,158,164,1,-236,61,900,1149,706,-7,-253,-126,146,142,-200,-528,-509,-67,259,85,-206,-177,106,275,156,-26,61,440,812,609,273,39,-18,29,125,58,-119,-317,-381,-420,-182,117,147,-110,-317,-322,-153,17,-18,-32,-16,2,2,9,24,-27,-270,-437,-47,560,518,-311,-1172,-696,-33,211,0,-133,-157,-158,-95,203,620,770,491,174,-51,-52,133,265,294,241,207,193,225,285,277,319,497,527,186,-248,-432,-219,-24,207,210,92,-142,-352,-356,-282,-206
306,1,0.24523119628429413,739,-3,2,-5,0,-10,-11,-16,-71,-291,-612,-640,-410,-234,-308,-390,-235,49,209,156,108,35,-54,-181,-202,-88,4,80,163,126,43,20,74,101,103,51,-17,-202,-456,-571,-376,-46,234,256,140,46,-16,-108,-162,-159,-107,9,178,258,241,131,-11,-20,19,15,12,4,1,-17,-166,-730,-1404,-1504,-824,171,422,199,-19,-94,-128,-34,85,63,-93,-139,99,474,447,164,-22,-83,-34,12,15,29,31,11,17,71,177,135,-52,-225,-232,-172,-215,-222,-216,-107,-11,22,12,9,53,130,146,65,-3
306,2,0.3082214295864105,738,-7,43,-21,-3,-26,-13,-17,-15,15,207,522,609,307,-48,32,340,345,-287,-886,-749,-89,276,102,-230,-435,-431,-368,-330,-195,107,213,-128,-552,-493,-58,313,129,-106,-82,249,564,685,310,111,6,201,205,229,98,-131,-177,-176,-74,22,50,-49,26,5,18,-20,-29,-18,1,17,179,721,1184,1133,711,166,163,31,-141,-419,-783,-901,-656,-131,173,355,394,265,169,91,0,8,-2,186,429,549,273,-35,-158,-24,67,68,-70,74,-125,-226,-470,-243,-242,-278,-224,-150,175,205,71,-38,-55,-23
306,3,-0.04957512766122818,739,-6,27,31,-18,-15,-35,-45,-11,243,480,194,-423,-661,146,1367,1209,472,-49,21,167,227,158,-26,-394,-829,-806,-432,-164,-41,-24,-63,-101,-173,-200,-144,29,237,67,-101,-249,-437,-453,-142,197,306,46,-172,-368,-296,-60,192,260,185,83,110,223,-28,-4,-23,-6,-18,-5,11,-29,-56,-100,73,327,137,-68,196,653,634,96,-247,-156,103,88,-207,-360,-158,323,510,197,-179,-187,154,362,291,99,134,415,802,650,370,188,215,299,231,-45,-323,-389,-331,-244,-57,135,46,-251,-452,-419,-260,-101
307,1,0.2063651978969574,743,5,-23,-12,-5,-5,0,9,123,564,1113,1216,652,-230,-548,-360,-78,127,210,131,-39,-59,44,52,-153,-480,-435,-143,72,122,48,4,17,15,-17,-22,-40,-135,-316,-348,-115,176,271,248,241,221,162,25,-85,-97,-47,10,24,-15,-47,-22,15,-7,1,-3,-1,0,0,0,-106,-500,-1055,-1143,-671,-131,-98,-214,-115,120,212,161,120,36,-100,-224,-162,58,153,125,131,65,15,12,65,119,96,53,0,-156,-358,-464,-363,-128,132,181,77,-7,-63,-115,-133,-113,-86,4,174,265,276,139,1
307,2,0.326982706785202,741,-4,-5,-22,0,0,18,10,16,2,-134,-341,-387,-181,-6,-89,-251,-140,291,558,392,-31,-244,-89,175,306,298,283,287,125,-118,-166,95,381,307,-19,-206,-58,84,30,-222,-430,-439,-244,-83,-51,-118,-162,-165,-69,83,146,120,46,-13,-4,50,-2,8,-17,-5,-6,5,9,-41,-209,-651,-963,-891,-458,-210,-216,-162,66,437,710,723,356,-30,-229,-262,-244,-109,14,36,-29,-79,-101,-172,-268,-316,-219,-45,89,52,-39,-121,-100,-115,25,209,298,226,166,175,154,88,-80,-103,-28,37,42,37
307,3,-0.0388549342751503,737,25,21,-14,6,16,33,28,42,-6,-204,-346,-121,247,404,-203,-1236,-1237,-614,-4,62,-86,-238,-165,209,650,782,462,45,55,192,142,-47,-138,16,142,25,-335,-645,-422,-119,98,207,161,-38,-154,-36,234,367,449,210,-77,-156,-47,120,145,36,-25,32,17,13,3,18,-18,-15,43,227,369,-59,-575,-369,322,745,193,-181,-63,180,159,41,105,212,25,-421,-742,-517,-148,147,62,-248,-400,-328,-182,-154,-316,-516,-504,-403,-367,-490,-477,-111,294,452,267,116,-17,-103,-108,95,374,449,392,278
308,1,0.23853008449077606,738,-14,7,-4,3,-3,-9,-21,-7,93,350,568,521,274,239,364,358,123,-156,-234,-156,-64,17,113,203,195,129,27,-97,-138,-85,-15,-10,-82,-122,-93,-52,49,281,524,558,280,-78,-290,-273,-146,-74,3,96,136,110,38,-84,-228,-284,-238,-113,-3,2,-21,0,4,-1,-8,23,273,989,1516,1422,429,-341,-430,-156,24,131,135,27,-101,-38,136,127,-186,-529,-392,-143,16,63,23,-24,-30,-45,-51,-28,-20,-86,-133,-63,105,221,179,159,201,183,152,51,-26,-47,-11,-1,-94,-148,-141,-37
308,2,0.28946012258529663,736,-2,41,-19,-18,16,-2,-9,73,321,914,1039,871,446,90,111,-81,-225,-440,-624,-787,-477,-49,245,381,436,286,156,138,70,0,61,289,533,486,124,-72,-105,72,116,3,-96,-98,-157,-259,-393,-202,-224,-267,-189,69,175,171,46,-31,-53,-20,-3,-20,-15,-21,10,-5,28,-15,-148,-558,-851,-827,-237,-38,-187,-456,-142,669,1098,715,5,-337,-121,183,320,379,369,380,53,-228,-150,196,463,203,-173,-297,20,200,-24,-404,-612,-569,-216,-2,62,-128,-105,-135,42,178,140,115,20,-38,-20,110
308,3,-0.022773170843720436,737,-5,21,29,-10,-2,-31,-37,-1,230,487,188,-410,-690,68,1218,1145,563,69,109,195,206,121,-110,-553,-950,-819,-399,-178,-117,-98,-121,-70,-80,-185,-124,62,335,162,-35,-219,-401,-400,-57,275,331,-8,-300,-451,-302,-34,177,207,144,34,127,233,-12,-1,-19,-2,-27,-20,3,-36,-100,-159,58,392,272,-24,53,468,481,59,-205,-127,90,51,-246,-371,-144,353,454,175,-171,-132,207,422,350,133,157,424,791,685,457,296,349,346,182,-146,-385,-368,-293,-206,-55,103,-6,-272,-440,-383,-267,-120
309,1,0.22244864702224731,736,-10,-9,26,16,5,-3,-10,-43,-291,-1013,-1539,-1412,-391,369,478,246,61,-88,-145,-48,72,30,-127,-118,186,511,376,143,-41,-78,-40,-2,15,19,30,9,25,100,151,60,-144,-245,-199,-164,-179,-180,-156,-68,4,34,5,-5,83,156,146,37,-7,10,-4,-1,-12,-13,1,-8,94,318,507,458,241,254,386,414,181,-130,-258,-190,-69,20,107,185,170,143,66,-57,-133,-99,-48,-39,-94,-128,-85,-43,58,294,567,585,259,-101,-304,-271,-133,-72,9,80,117,93,21,-101,-229,-251,-231,-133
309,2,0.3149225413799286,740,-11,-82,-11,7,-13,2,-17,-54,-294,-1040,-1339,-1183,-531,-50,-9,95,150,509,917,1098,624,41,-319,-458,-402,-213,-111,-17,-19,-53,-145,-330,-508,-487,-184,-12,76,-90,-158,-82,47,-48,133,282,406,234,218,255,145,-7,-225,-198,-25,43,40,46,1,37,-22,5,-3,-3,-2,7,-21,157,305,383,135,58,239,485,264,-452,-753,-355,206,301,8,-325,-416,-361,-293,-272,-103,126,135,-271,-605,-423,40,228,-33,-255,-125,294,521,599,238,122,71,160,165,202,38,-138,-198,-110,-64,34,57,-59
309,3,-0.041534971445798874,735,-4,0,-6,0,-30,-54,-19,-35,-30,-13,82,256,56,-56,235,719,660,105,-141,-1,235,132,-294,-623,-529,36,300,141,-170,-173,140,387,374,125,129,440,880,823,509,267,237,223,182,-41,-277,-364,-412,-377,-219,42,48,-191,-376,-342,-231,-68,-1,-12,-13,28,-25,20,29,-11,-208,-525,-278,418,869,153,-675,-766,-397,-194,-308,-259,-119,-50,100,456,853,868,521,220,77,108,231,193,145,212,201,80,-126,-33,105,266,481,506,114,-288,-400,-77,309,415,292,53,-218,-300,-254,-119,-154,-251
310,1,0.21306753158569336,738,-3,6,-14,-16,-13,-10,-5,62,394,1109,1398,1082,225,-88,58,178,52,-67,-90,-113,-86,37,214,177,-74,-257,-161,-115,-53,-11,15,-41,-102,-110,-71,-23,66,208,348,372,240,15,-94,-33,20,74,86,73,42,26,-11,-116,-216,-298,-213,-67,10,-13,-14,-10,5,3,-8,35,256,706,911,688,-98,-589,-662,-434,-90,243,286,112,-59,-65,2,-122,-333,-479,-253,3,111,61,3,19,56,68,37,11,-97,-334,-494,-330,57,293,301,234,171,145,55,-45,-78,-55,-1,64,63,33,28,45
310,2,0.27337783575057983,742,7,-49,11,13,-18,-40,-22,-155,-557,-1036,-1001,-734,-71,70,101,178,224,514,768,860,241,-76,-384,-442,-384,-215,-132,-39,-52,-31,-193,-419,-554,-356,-42,52,-32,-163,-150,30,31,133,147,331,188,220,267,252,101,-180,-179,-158,0,45,31,32,42,-9,6,11,-27,-2,1,42,225,691,845,569,180,253,473,489,-182,-969,-1003,-322,311,343,4,-223,-309,-389,-368,-242,66,273,88,-363,-431,-85,231,111,-214,-259,82,479,667,430,154,-108,53,86,98,41,-135,-135,-120,-28,-2,36,-29,-115
310,3,-0.07637833058834076,734,24,5,-3,-3,5,-23,-14,11,-75,-275,-443,-64,614,649,-77,-520,-226,-17,-207,-318,-86,119,-9,-188,-14,451,729,520,151,-40,36,351,425,327,278,264,363,421,450,394,438,583,525,81,-346,-477,-216,81,126,94,-4,-225,-390,-390,-280,-264,-1,5,14,-1,29,13,41,17,-8,-143,-313,-219,121,506,245,-364,-712,-551,-295,-211,-274,-189,7,436,804,818,365,44,67,250,202,-28,-251,-189,82,7,-444,-875,-725,-346,-63,74,53,-122,-138,25,305,547,563,267,-76,-173,15,192,211,93
311,1,0.2197689265012741,737,-13,1,9,15,-1,-10,-19,-51,-206,-557,-759,-493,104,497,542,349,32,-246,-264,-75,70,75,0,79,303,395,212,-21,-120,-63,-2,-2,-43,-73,-54,6,113,287,378,240,-59,-253,-269,-229,-164,-115,-21,45,81,55,-17,-65,-68,-31,-37,-42,3,10,-20,-4,-8,0,-6,53,362,903,1139,793,130,-99,68,147,30,-84,-127,-120,-59,81,225,175,-60,-202,-157,-81,-53,-26,-8,-49,-100,-88,-62,-34,55,226,359,337,174,0,-80,-35,31,70,71,69,29,-11,-28,-111,-208,-266,-190,-55
311,2,0.31492266058921814,737,13,-44,17,12,-19,-4,-1,-86,-400,-963,-1108,-900,-335,-79,-60,40,149,535,856,907,403,-63,-340,-433,-374,-184,-45,15,-61,-86,-177,-326,-456,-389,-157,-23,13,-87,-147,-75,-7,-15,101,275,287,217,224,234,137,-78,-197,-149,-23,37,53,55,19,12,6,12,-8,-2,-8,-2,48,363,570,530,237,213,404,467,-7,-645,-757,-271,248,290,3,-279,-354,-365,-354,-282,-11,197,86,-311,-495,-229,116,129,-157,-274,-50,336,558,491,194,-10,22,94,136,114,-65,-159,-134,-70,-24,45,11,-83
311,3,-0.09246090054512024,739,-21,4,0,-10,16,-11,-16,-17,180,440,291,-303,-708,-20,870,1010,495,252,264,128,11,56,166,-10,-501,-782,-589,-235,-28,-40,-276,-346,-293,-281,-256,-208,-181,-224,-307,-394,-514,-547,-216,186,459,199,-91,-236,-159,-11,189,276,327,195,208,256,5,-32,-12,-26,-22,-32,6,18,21,146,210,107,-205,-434,-260,163,461,404,306,232,209,39,-308,-648,-618,-249,44,21,-233,-279,-6,292,316,52,-5,306,853,914,542,254,113,104,164,79,-111,-300,-451,-510,-309,44,189,-24,-234,-266,-170,-46
312,1,0.2063664197921753,738,-8,7,19,26,7,-5,-8,-119,-581,-1358,-1570,-1036,57,549,437,155,-18,-142,-100,48,87,-52,-195,-39,323,464,234,41,-61,-64,-25,18,29,48,19,1,24,78,28,-85,-213,-190,-139,-175,-178,-173,-101,-12,48,50,15,24,99,181,117,18,5,1,-1,-33,-11,4,1,17,114,290,326,261,213,399,506,331,-45,-356,-336,-148,24,112,176,211,202,185,36,-124,-137,-60,5,-39,-99,-127,-94,-32,157,446,590,409,60,-229,-302,-230,-113,-37,47,100,99,50,-41,-143,-200,-211,-160,-51
312,2,0.3336839973926544,739,18,1,51,-3,-12,-34,-30,-12,156,733,1286,1327,689,208,266,205,68,-655,-1250,-1198,-471,187,341,240,127,-102,-162,-233,-135,141,213,123,41,61,160,179,-34,-140,-45,177,245,468,160,-117,-320,-143,-108,-97,-99,-118,34,74,0,-16,-5,-41,7,31,9,-24,-31,16,35,59,219,535,707,546,357,3,-14,-78,-170,-81,-178,-493,-635,-175,158,486,565,463,190,99,51,12,1,265,588,565,215,-62,-73,125,205,74,-182,-290,-172,-148,-251,-121,-237,-314,-196,47,230,173,111,-3,-69,-51
312,3,-0.029475217685103416,740,2,-32,-36,6,-33,-25,-9,15,-14,-53,-42,171,295,-58,-542,-570,-57,317,339,232,236,136,-174,-466,-477,-101,268,206,-65,-271,-128,260,426,274,80,148,593,928,814,503,334,305,334,139,-188,-339,-378,-368,-309,-99,114,31,-269,-360,-304,-202,16,12,1,18,23,0,34,25,-37,-284,-510,-88,544,608,-159,-997,-941,-529,-347,-227,-163,-105,-124,103,521,825,725,263,99,162,185,229,109,105,219,154,-66,-286,-101,120,317,455,332,-72,-332,-230,118,401,398,134,-133,-263,-241,-109,-52,-140
313,1,0.24791103601455688,737,-11,0,-13,-14,-7,-9,-14,11,222,724,1084,927,301,-63,3,130,27,-145,-191,-133,-56,47,199,208,22,-155,-158,-118,-58,-13,3,-30,-87,-99,-84,-57,22,185,344,375,261,58,-100,-99,-22,44,90,100,58,9,-17,-71,-191,-263,-235,-92,-11,7,-2,-1,-3,1,-1,23,160,528,830,698,39,-464,-585,-406,-111,167,247,122,-47,-52,16,-35,-238,-403,-291,-54,105,92,25,-11,16,36,39,17,-60,-225,-341,-256,-8,196,230,202,189,141,53,-48,-104,-85,-20,37,45,32,18,16
313,2,0.34976598620414734,743,-4,-14,-25,16,-30,-9,-51,-84,-91,-6,108,135,31,179,236,205,-309,-615,-303,317,471,165,-271,-483,-519,-352,-196,-177,86,170,-81,-542,-621,-264,120,123,-168,-246,-54,291,594,382,164,25,137,149,234,182,-49,-216,-180,-119,26,77,43,-38,-15,63,-2,-21,-31,-12,-19,134,609,1284,1367,948,219,165,123,33,-367,-987,-1239,-844,-160,277,379,406,198,13,-63,-155,18,147,166,314,381,280,115,4,-15,21,180,43,157,29,-137,-384,-234,-196,-226,-202,-129,134,219,84,-19,-48,-50,-65
313,3,-0.03885515406727791,736,-3,25,31,-17,30,19,-2,-12,26,27,-35,-184,-220,169,539,435,-94,-354,-389,-285,-283,-143,182,496,517,150,-234,-191,113,311,128,-259,-406,-219,-35,-166,-681,-1017,-857,-489,-294,-262,-328,-153,156,330,408,420,350,87,-145,-56,249,354,313,193,-25,6,-4,-24,-2,23,-22,-27,72,338,501,43,-639,-610,202,952,795,395,245,151,142,129,133,-124,-544,-800,-677,-214,-104,-158,-203,-234,-119,-142,-241,-151,65,231,66,-147,-340,-489,-345,55,363,206,-141,-409,-375,-102,157,251,294,161,74,149
314,1,0.2318291813135147,737,-8,6,13,13,0,6,-11,-53,-286,-733,-992,-722,5,474,508,341,125,-121,-184,-83,16,14,-70,25,281,430,243,-14,-142,-101,-24,6,-13,-20,-34,-12,57,196,278,167,-69,-225,-223,-188,-178,-142,-50,44,88,54,-5,-46,-41,3,-9,-30,-9,-10,-6,-13,-23,-8,-5,47,274,725,993,730,179,-2,97,160,-19,-198,-206,-124,-30,79,194,170,10,-119,-103,-94,-73,-19,8,-42,-104,-101,-79,-43,45,232,392,401,235,-10,-146,-110,-35,36,88,105,66,15,-22,-93,-200,-249,-176,-77
314,2,0.35914668440818787,737,-9,12,-13,-50,20,11,43,62,247,352,275,113,125,-113,-140,-201,68,310,66,-421,-589,-184,262,536,525,323,142,158,-44,-139,10,441,689,479,-14,-217,6,193,150,-164,-414,-426,-206,-122,-220,-143,-279,-288,-98,147,209,168,37,-62,-95,5,7,-60,-9,-10,23,18,56,-51,-351,-1091,-1387,-1175,-321,-199,-270,-225,131,966,1359,1000,198,-302,-361,-314,-145,51,94,270,35,-157,-151,-157,-220,-163,-158,-133,56,74,-106,-188,-197,-235,17,275,255,156,195,210,163,12,-147,-97,-8,23,41,78
314,3,-0.07637906819581985,739,5,40,16,28,11,28,-4,-12,-26,-152,-214,-111,226,490,333,-115,-476,-488,-413,-318,-249,-78,282,605,521,136,-153,-20,293,354,8,-298,-256,0,6,-379,-967,-1036,-661,-278,-83,-147,-246,-112,146,336,522,520,298,-75,-227,29,276,292,219,51,6,14,-7,-22,18,-18,-15,-8,178,469,269,-334,-773,-71,831,955,411,75,-24,-26,72,168,145,-128,-564,-683,-373,-121,-6,-83,-252,-275,-193,-213,-214,-132,-44,-79,-224,-320,-456,-535,-192,189,380,115,-231,-341,-197,4,219,278,320,157,165,242
315,1,0.21306826174259186,743,-8,-4,-7,-9,-6,-16,-9,87,506,1257,1529,1134,101,-294,-172,-41,-129,-177,-122,-82,-16,110,239,127,-193,-317,-158,-73,-3,44,19,-38,-82,-95,-52,-17,30,125,268,331,285,85,-57,-7,63,122,134,98,29,2,-7,-88,-184,-237,-166,-26,-13,-21,-15,-6,-6,-7,1,28,178,489,618,393,-171,-516,-560,-384,-104,201,278,132,-35,-70,-70,-174,-328,-394,-155,66,154,81,4,12,69,96,71,42,-119,-349,-490,-349,-8,254,313,291,174,87,-46,-136,-151,-93,9,121,147,123,78,32
315,2,0.3296622633934021,740,-30,-25,-2,-11,9,17,37,6,-30,-438,-660,-627,-251,-235,-421,-465,51,895,989,318,-455,-428,-27,312,351,323,267,318,53,-226,-159,279,559,348,-124,-297,-40,181,57,-345,-526,-577,-239,0,33,-51,-104,-112,41,151,172,100,56,-49,-46,68,10,-85,7,11,-42,4,32,-63,-274,-919,-1079,-913,-261,-55,-121,-79,2,456,871,1002,462,-21,-353,-404,-330,-183,-105,62,61,38,-47,-266,-431,-382,-62,78,88,-38,-123,-67,99,34,139,249,262,220,263,290,157,-33,-195,-193,-23,71,52,46
315,3,-0.0683370977640152,736,-12,6,0,-47,10,3,-12,-18,133,459,425,-145,-842,-436,462,920,594,234,77,66,155,220,128,-258,-637,-627,-311,-84,-83,-231,-226,-136,-79,-197,-231,-33,307,400,139,-137,-349,-445,-137,176,339,20,-374,-552,-374,-30,298,276,212,37,27,154,10,-40,-23,-5,-23,-35,3,5,-37,-23,87,225,147,-340,-599,-299,270,464,468,331,239,63,-236,-497,-361,31,299,136,-241,-337,-27,309,320,90,30,294,840,993,760,416,235,307,348,126,-192,-335,-387,-354,-228,48,156,-64,-370,-345,-261,-124
316,1,0.22244860231876373,737,-14,20,12,3,3,-6,-24,-167,-662,-1198,-1210,-497,305,574,443,248,58,-152,-145,-2,52,-43,-46,185,441,354,86,-108,-133,-79,-25,-25,-23,-30,-28,1,120,253,249,26,-217,-255,-232,-246,-176,-74,32,115,113,36,-40,-75,-28,9,-3,-12,2,-7,-2,-2,-18,-16,2,134,581,1082,1087,505,46,56,214,115,-159,-291,-229,-95,59,178,226,90,-86,-59,-61,-66,-24,21,-2,-98,-130,-86,-45,0,135,366,497,383,125,-145,-204,-84,13,89,135,119,74,43,-31,-185,-234,-239,-120,7
316,2,0.3363633453845978,743,5,-44,-5,22,-6,22,0,-174,-571,-1088,-1057,-718,-194,-164,-253,-169,114,705,1000,789,142,-229,-412,-378,-222,-32,51,97,32,4,-166,-340,-408,-264,-32,134,65,-47,-124,-75,-49,51,155,345,232,231,292,244,158,-115,-178,-101,19,47,51,72,-4,15,14,-8,-16,-13,-22,-14,119,454,567,395,184,311,540,338,-313,-751,-507,104,398,163,-219,-372,-295,-247,-296,-237,52,183,-57,-446,-449,-65,252,174,-88,-114,140,442,544,331,112,-21,53,90,105,34,-149,-182,-170,-81,9,58,-36,-129
316,3,-0.09379955381155014,737,13,19,3,41,13,30,15,9,-141,-456,-399,128,799,473,-347,-865,-718,-433,-218,-172,-234,-252,-47,388,702,523,93,0,178,336,230,43,12,207,217,-89,-561,-649,-304,57,281,294,-34,-262,-259,103,492,603,371,-49,-362,-261,-76,97,43,-136,-5,42,34,1,9,21,-8,-6,95,173,26,-289,-381,254,761,587,-85,-416,-488,-323,-153,28,281,386,142,-203,-338,-123,212,287,-8,-319,-316,-156,-116,-315,-690,-785,-631,-392,-312,-447,-366,-61,270,308,228,154,82,-61,-11,212,447,320,236,141
317,1,0.25729110836982727,740,-3,-7,-15,-27,-15,-6,-18,0,124,422,632,566,231,156,272,313,88,-260,-388,-271,-55,93,173,187,128,74,54,-42,-89,-48,0,-48,-114,-150,-84,-48,33,220,463,524,318,-25,-285,-284,-131,0,100,162,151,117,61,-69,-208,-237,-185,-74,-9,-8,-24,-12,-14,-11,-6,36,318,1022,1517,1382,310,-407,-456,-237,-166,-113,14,1,-48,16,146,87,-228,-467,-287,-57,92,126,59,-14,-31,-15,-1,8,-15,-70,-94,0,166,255,190,162,180,146,94,-8,-93,-89,-21,29,-8,-86,-98,-27
317,2,0.35914668440818787,737,3,-1,-3,-10,-9,6,9,30,81,30,-143,-251,-140,-117,-279,-484,-232,303,541,145,-398,-381,-4,409,515,373,251,267,172,-74,-122,163,568,535,118,-233,-163,43,88,-164,-406,-512,-310,-149,-127,-150,-170,-186,-68,159,244,219,142,-20,-61,5,-26,-24,-40,-10,1,32,50,-1,-196,-726,-1162,-1113,-591,-207,-289,-417,-182,286,901,1018,534,-43,-325,-392,-335,-128,44,156,125,9,-55,-192,-314,-394,-228,-40,133,85,-29,-170,-108,-148,30,205,335,231,207,249,215,131,-82,-131,-40,29,39,88
317,3,-0.09245999902486801,736,16,56,26,16,5,49,-4,-5,3,-104,-168,-161,74,439,481,52,-497,-709,-615,-373,-233,-110,165,485,491,175,-198,-106,233,404,137,-187,-262,-52,-14,-304,-814,-915,-644,-285,-94,-198,-321,-221,20,268,407,411,252,-62,-168,41,313,293,197,34,-27,12,15,-27,20,-17,0,-7,135,428,317,-202,-788,-203,813,1289,809,201,-158,-126,109,267,234,-89,-448,-442,-191,-13,-20,-121,-195,-199,-189,-237,-217,-96,90,128,-95,-259,-387,-441,-136,183,377,115,-217,-335,-266,4,249,292,293,70,47,155
318,1,0.22914984822273254,736,-15,-7,-13,-16,-3,0,-4,10,144,433,539,434,178,201,345,355,81,-257,-351,-217,3,114,164,168,128,106,62,-45,-75,-24,2,-48,-105,-113,-56,-31,71,290,519,520,216,-127,-298,-245,-97,10,87,136,139,116,28,-118,-216,-245,-163,-46,-10,-9,-29,-14,0,1,4,82,450,1226,1556,1260,65,-467,-393,-201,-197,-154,-39,-48,-46,64,184,67,-271,-434,-235,-37,78,78,17,-12,0,5,-8,-3,-23,-67,-48,74,226,231,149,142,139,123,60,-34,-109,-73,14,35,-34,-121,-120,-36
318,2,0.3712068200111389,740,-10,12,-17,-50,2,45,63,55,216,281,217,74,168,-114,-201,-381,-82,265,165,-318,-581,-182,259,683,529,306,108,186,33,-33,-33,346,667,519,33,-250,-160,107,117,-168,-322,-411,-231,-158,-256,-99,-229,-196,-45,174,216,190,74,-33,-95,-18,-37,-20,-27,4,9,58,68,-40,-298,-921,-1382,-1183,-414,-200,-371,-598,-187,580,1255,1083,342,-228,-422,-381,-277,14,124,305,107,-22,-107,-184,-252,-296,-184,-44,136,116,-69,-293,-164,-216,0,278,340,141,207,219,203,182,-72,-64,2,34,56,118
318,3,-0.08575896918773651,735,5,-19,-31,24,3,1,6,13,-116,-341,-243,207,686,66,-929,-1293,-650,84,423,291,-25,-214,-282,-68,201,306,190,1,-84,-26,165,259,294,247,211,201,178,182,255,305,402,466,232,-105,-385,-209,49,152,164,55,-137,-263,-369,-175,-117,-145,23,57,20,30,11,67,4,16,-34,-216,-219,-92,304,450,89,-529,-898,-854,-515,-246,-198,-174,74,443,606,351,-65,-56,206,401,185,-113,-187,5,57,-220,-732,-863,-553,-178,11,-50,-258,-268,-158,169,407,442,330,-29,-199,-22,218,269,145,-46
319,1,0.22914905846118927,740,-8,1,6,-9,-15,-19,7,-35,-205,-479,-528,-358,-175,-259,-390,-328,-11,279,281,129,-62,-146,-169,-165,-129,-129,-61,13,29,-16,2,57,106,96,40,5,-138,-400,-570,-450,-120,190,265,182,54,-55,-123,-137,-125,-98,-7,152,191,198,110,2,-3,13,13,2,-3,12,-18,-159,-701,-1427,-1567,-956,160,506,287,138,188,129,52,83,7,-138,-199,12,346,383,161,-12,-71,-56,-22,-5,-19,-24,-9,-5,27,55,4,-148,-258,-213,-142,-136,-121,-103,-31,65,123,75,8,14,83,142,90,7
319,2,0.34976598620414734,743,-18,-41,5,17,-15,4,16,-70,-341,-848,-977,-740,-348,-114,-183,-160,-25,310,739,841,420,-89,-443,-579,-426,-159,7,32,34,5,-77,-320,-476,-392,-96,141,152,-17,-87,-75,23,67,164,315,336,204,248,215,105,-41,-186,-151,-19,55,82,100,10,4,17,-21,-30,-41,-28,14,145,558,794,660,288,306,620,723,117,-691,-930,-451,149,276,32,-207,-192,-209,-241,-311,-116,59,64,-188,-278,-57,171,130,-92,-164,42,361,439,374,135,-80,-79,-10,-10,-72,-185,-232,-143,-93,-44,4,-31,-111
319,3,-0.08441939949989319,742,25,49,27,23,5,67,-2,18,5,-175,-169,-107,209,392,72,-590,-981,-951,-471,-176,-149,-149,65,408,598,394,-6,-21,213,378,179,-122,-245,-40,35,-183,-675,-828,-535,-195,-23,-68,-242,-226,-151,138,357,401,322,-13,-165,13,246,288,146,-48,-12,12,43,-17,4,-11,-18,-20,105,349,269,-177,-689,-108,946,1378,728,-57,-397,-247,52,242,285,51,-236,-318,-148,51,71,-21,-214,-259,-305,-284,-226,-163,-91,-91,-182,-273,-418,-482,-215,140,424,204,-78,-172,-192,-53,135,236,337,151,90,136
320,1,0.2452317476272583,736,-2,-3,0,-6,-3,2,1,-43,-200,-454,-504,-370,-175,-256,-401,-349,-37,295,314,143,-50,-132,-169,-165,-133,-144,-94,-21,10,-17,-20,60,102,99,45,1,-146,-388,-559,-451,-122,169,237,145,52,-38,-111,-147,-135,-96,-25,129,193,195,108,-4,-14,14,20,-5,4,11,-3,-127,-623,-1386,-1568,-1027,96,514,322,135,171,128,61,79,25,-123,-207,-32,315,395,199,33,-55,-50,-19,-7,-20,-26,-23,-21,9,42,-12,-135,-271,-222,-141,-143,-117,-114,-39,62,122,81,11,8,50,149,107,17
320,2,0.3685273826122284,738,15,19,-1,-7,20,22,26,133,349,619,588,418,196,54,-15,-127,-75,-123,-364,-586,-370,50,488,679,502,187,64,79,26,-25,109,453,605,389,-18,-162,-70,91,64,-142,-223,-264,-244,-301,-309,-223,-238,-145,-16,200,256,179,17,-66,-96,-63,-1,-18,-22,5,17,56,38,-90,-340,-932,-1116,-809,-294,-343,-654,-623,-10,811,1081,656,-19,-297,-249,-137,-87,115,221,265,29,-68,-104,-13,-56,-127,-147,22,153,124,-122,-342,-283,-241,12,222,169,111,123,185,191,164,23,9,40,44,83,136
320,3,-0.06833773106336594,741,19,-18,-29,28,6,57,6,35,-139,-414,-237,242,671,2,-1194,-1440,-703,97,379,209,-109,-257,-181,111,453,424,109,-55,20,138,266,216,233,257,219,93,-100,-71,69,232,419,437,85,-249,-444,-108,213,295,247,47,-167,-241,-230,-68,-67,-164,20,30,21,6,16,59,-8,27,0,-67,-70,-142,67,307,127,-467,-944,-971,-473,-180,-80,4,227,444,526,261,-12,27,233,296,41,-221,-286,-87,-93,-272,-699,-738,-442,-194,-120,-199,-233,-142,6,198,298,301,214,-46,-62,135,336,281,114,-24
321,1,0.24791057407855988,739,-10,-9,-5,-4,-3,-11,-3,-28,-196,-631,-947,-839,-320,-12,-81,-219,-85,214,346,227,47,-105,-203,-196,-67,65,60,33,6,-32,-45,18,76,71,31,-12,-53,-186,-358,-417,-291,-78,81,81,27,-27,-73,-91,-74,-52,-27,28,146,217,181,50,-9,-4,-1,-16,-12,0,-1,-37,-194,-624,-973,-887,-215,357,432,269,116,-14,-88,-18,73,22,-100,-86,142,341,287,121,6,-25,-15,-26,-44,-39,-41,-25,27,120,201,147,-52,-193,-227,-191,-153,-97,-43,56,115,104,43,-28,-56,20,83,45
321,2,0.361826092004776,741,-4,0,-31,-16,47,37,33,166,363,529,384,307,58,-6,-240,-374,-219,-107,-287,-497,-216,147,641,686,449,132,91,132,61,-2,225,579,620,239,-125,-168,20,171,5,-258,-306,-269,-217,-276,-184,-217,-197,-100,79,268,203,153,7,-87,-82,-34,-12,-87,-13,14,52,78,30,-176,-516,-1247,-1269,-742,-203,-313,-682,-516,166,1034,1251,650,-79,-348,-395,-249,-130,125,265,256,7,-63,-148,-80,-183,-189,-106,97,150,83,-217,-342,-241,-189,97,351,154,165,188,191,218,107,-43,31,45,71,129,189
321,3,-0.08441977947950363,740,-15,-18,26,-23,-2,-52,-4,-33,82,377,317,-60,-640,-313,740,1459,1203,528,-57,-126,70,222,191,-187,-555,-557,-167,35,-74,-264,-293,-125,-90,-208,-202,-54,295,408,175,-80,-323,-359,-52,230,468,147,-226,-351,-353,-58,187,181,137,-24,7,141,9,-35,-51,-5,-9,-39,19,-7,-60,-69,-54,163,262,-212,-631,-359,376,843,631,279,95,-53,-264,-391,-363,-153,43,-29,-188,-253,-3,264,391,245,150,247,568,687,516,318,284,344,296,47,-171,-216,-202,-203,-137,10,23,-149,-377,-305,-174,-63
322,1,0.19698640704154968,743,0,-8,-25,-13,-13,-5,6,86,500,1282,1568,1218,78,-450,-334,-127,-135,-134,-79,-115,-78,60,193,93,-226,-412,-266,-107,-4,19,-6,-19,-6,-20,-15,-2,-7,-43,8,126,270,268,155,116,91,103,48,-44,-126,-107,-24,-11,-63,-164,-160,-74,-1,-3,2,-4,-8,0,3,-20,-100,-294,-356,-289,-144,-231,-377,-393,-90,290,380,204,-36,-141,-172,-179,-156,-175,-135,-51,-3,-26,-18,57,100,106,40,7,-119,-341,-523,-464,-150,136,253,172,75,17,-56,-126,-141,-96,-20,123,187,201,120,11
322,2,0.3618263006210327,744,-2,-59,-18,-20,53,73,-6,-233,-690,-1291,-1230,-553,-181,-329,-780,-494,391,1219,1227,428,-201,-349,-277,-153,22,163,302,198,4,-80,-103,7,-124,-178,-123,97,165,62,-289,-410,-393,-179,98,308,99,124,151,206,243,98,2,35,50,47,111,194,-38,4,26,21,-34,-35,-21,-224,-539,-683,-525,-385,-6,-47,131,269,243,301,482,525,79,-244,-653,-590,-351,-78,-63,-32,-43,-31,-281,-540,-480,-150,106,146,-58,-144,-32,160,180,185,204,318,99,206,182,61,-95,-222,-177,-100,-3,79,66,47
322,3,-0.08308015763759613,739,8,49,57,15,-1,41,2,22,21,-132,-152,-109,97,377,252,-294,-821,-951,-564,-204,-123,-77,109,406,637,503,117,19,209,373,213,-105,-273,-151,-4,-156,-592,-820,-603,-258,-93,-95,-218,-175,-154,63,296,398,354,80,-120,5,220,272,168,-15,-8,-1,66,-13,-11,-12,-21,-7,67,342,320,-55,-675,-276,770,1405,929,163,-268,-227,-15,179,319,75,-245,-391,-171,45,53,-89,-218,-243,-263,-299,-253,-168,-44,9,-115,-236,-413,-501,-228,144,501,295,-55,-204,-242,-64,141,222,324,168,116,178
323,1,0.21306735277175903,739,-4,-1,15,-3,-7,1,-15,28,179,457,493,348,140,204,361,334,-3,-375,-391,-184,47,149,184,153,131,143,92,26,14,34,-5,-88,-128,-109,-48,16,154,369,518,412,107,-166,-234,-137,-57,1,64,113,109,57,-12,-161,-209,-204,-104,-3,-4,-22,-28,-21,-7,-3,10,139,642,1389,1555,1034,-63,-433,-264,-123,-145,-80,-36,-118,-70,85,178,15,-294,-381,-209,-82,-6,-2,-16,-7,20,14,-3,-13,-40,-32,6,133,275,235,142,111,104,107,46,-70,-139,-117,-10,-11,-71,-153,-127,-46
323,2,0.3336840569972992,738,0,-2,-4,9,-13,-8,-1,-32,-231,-583,-778,-657,-340,-138,-123,-43,117,340,557,603,363,-27,-305,-455,-413,-175,19,36,-30,-38,-82,-229,-360,-335,-125,62,89,-24,-74,-42,-1,19,124,229,271,214,168,137,76,-44,-164,-151,-46,28,54,72,16,15,-4,-15,-9,-1,-20,8,119,405,687,626,275,140,345,624,393,-298,-776,-596,-49,253,130,-51,-63,-102,-220,-297,-151,25,75,-63,-171,-46,117,93,-110,-210,-62,229,393,361,145,-38,-73,-31,-17,-77,-176,-219,-165,-109,-64,-38,-39,-84
323,3,-0.06833663582801819,738,-4,-9,-65,10,-2,-34,27,17,-53,-180,-175,119,513,69,-667,-981,-365,309,505,329,152,-82,-325,-318,-226,-30,44,-51,-147,-141,36,257,401,343,207,245,400,523,487,372,413,480,351,13,-318,-304,-167,-58,-18,-2,-22,-164,-390,-323,-200,-140,5,43,7,19,1,32,31,5,-17,-309,-369,-92,491,577,-57,-859,-1086,-860,-397,-67,-42,-119,-75,285,677,721,272,9,120,368,321,94,-62,41,166,-12,-454,-699,-438,-71,173,232,-30,-264,-473,-166,244,480,477,135,-178,-145,-13,135,95,-115
324,1,0.24523042142391205,742,-9,2,-15,-3,-14,3,-4,5,77,358,621,638,217,-275,-489,-483,-345,-22,287,234,-1,-104,-70,-67,-184,-366,-334,-179,-56,-32,-34,21,75,87,57,32,-42,-185,-385,-405,-159,186,298,225,161,80,30,-63,-144,-154,-95,26,131,121,38,0,-2,-9,23,24,4,-2,-2,-31,-221,-860,-1469,-1475,-679,84,128,-98,-91,177,287,239,148,-38,-207,-244,-65,191,166,68,24,-15,-19,20,71,82,46,12,-24,-111,-259,-362,-342,-244,-48,10,-58,-63,-81,-64,15,57,33,29,127,211,229,119
324,2,0.33636340498924255,741,-7,4,6,-1,-7,-26,-26,-5,61,319,553,497,168,153,452,807,491,-288,-702,-426,152,279,21,-266,-286,-216,-263,-356,-183,3,21,-247,-427,-184,114,106,-153,-274,-69,343,509,489,221,44,34,92,67,-37,-220,-346,-264,-177,-85,-16,-16,-88,-11,48,1,-4,29,-20,-42,52,325,906,1089,838,282,129,237,156,-163,-586,-890,-792,-262,115,422,525,402,154,-33,-103,31,55,109,258,358,350,127,-76,-100,9,97,131,39,41,-138,-314,-298,-220,-197,-177,-86,46,169,149,2,-67,-74,-113
324,3,-0.08575848489999771,737,-1,17,49,12,1,39,6,-6,33,-57,-109,-136,-75,294,445,156,-443,-794,-671,-283,-123,-18,176,400,600,530,209,51,173,340,222,-97,-320,-263,-77,-165,-538,-822,-679,-352,-211,-210,-285,-190,-84,105,277,351,331,117,-91,15,268,346,233,38,-7,-34,37,-8,8,20,-50,-16,31,310,402,39,-635,-538,403,1292,1101,452,-72,-199,-111,100,257,39,-287,-514,-286,11,26,-162,-230,-235,-206,-256,-261,-152,56,165,-11,-183,-383,-507,-288,136,560,400,-17,-297,-357,-143,91,194,275,152,73,153
325,1,0.22914986312389374,736,-7,0,-4,-11,-1,0,-6,7,66,178,214,176,124,245,422,450,156,-301,-425,-213,34,134,135,153,188,223,158,54,15,39,6,-72,-115,-132,-56,-3,129,329,502,400,75,-180,-233,-152,-54,-16,50,91,111,72,-5,-139,-196,-179,-103,-10,-9,-3,-10,-8,-9,-14,3,96,539,1354,1596,1239,68,-400,-267,-108,-154,-164,-107,-122,-62,80,218,116,-218,-353,-211,-106,-19,-23,-14,-22,-28,-6,-9,-8,-12,5,67,192,282,238,128,102,71,102,73,-31,-139,-113,-31,-19,-81,-176,-167,-64
325,2,0.34976595640182495,737,2,-76,-2,15,19,41,3,-231,-748,-1364,-1313,-762,-132,-189,-282,-45,419,1033,1190,747,26,-347,-685,-572,-321,-10,94,110,-82,-95,-240,-362,-475,-282,-24,137,-1,-38,-175,-174,-121,11,248,467,220,218,191,169,56,-183,-222,-54,46,96,123,178,-18,-4,0,-15,-26,-34,-56,-76,-104,46,149,71,23,125,488,596,221,-295,-268,117,195,-13,-371,-440,-287,-117,-164,-239,-97,5,-154,-466,-406,-73,158,41,-192,-211,97,427,444,271,173,86,151,137,73,-73,-287,-314,-199,-159,1,43,9,-88
325,3,-0.08575966954231262,739,-1,-26,-35,-17,-3,-10,-20,7,-16,167,305,153,-179,-496,-282,328,805,881,613,205,81,54,-47,-325,-687,-751,-370,-57,-120,-359,-320,-60,200,166,-38,71,474,810,648,264,41,-27,140,256,341,104,-243,-439,-469,-176,115,96,-96,-249,-185,18,-17,24,-54,-13,-8,-24,32,16,-31,-272,-352,-13,586,446,-416,-1152,-853,-139,256,295,219,-22,-255,-247,-36,232,186,-20,-108,-23,106,271,325,355,275,225,195,232,305,326,460,572,438,9,-473,-474,-151,110,187,98,-21,-163,-367,-304,-171,-147
326,1,0.2452305555343628,742,-1,7,-2,3,1,-1,-14,-21,-4,26,-3,14,121,294,457,464,168,-297,-427,-207,70,152,132,140,197,252,169,76,24,45,13,-77,-126,-127,-59,-7,141,346,480,369,47,-204,-243,-156,-58,-17,23,86,104,83,7,-134,-195,-181,-87,-5,-4,-9,-14,-14,-5,-5,3,87,527,1355,1601,1259,99,-348,-207,-63,-182,-212,-146,-140,-68,86,223,114,-186,-333,-187,-78,-9,-15,-26,-39,-51,-35,-24,-13,20,58,132,215,295,233,101,86,76,98,63,-34,-114,-107,-31,-32,-98,-195,-170,-48
326,2,0.2988406717777252,739,-7,2,-29,2,47,56,22,-80,-296,-765,-900,-531,-138,-208,-603,-780,-124,794,952,292,-273,-286,-13,156,99,206,324,329,84,-75,-14,246,251,-72,-224,-3,261,215,-148,-541,-579,-401,-122,131,-14,-14,21,178,335,353,216,123,31,4,75,196,11,-15,28,16,-14,-16,21,-166,-563,-1017,-963,-619,-59,-72,-121,93,363,738,823,616,67,-199,-460,-468,-345,-83,-19,36,-77,-63,-144,-301,-424,-220,-6,116,-17,-58,-111,-61,-66,108,167,383,138,197,179,135,27,-240,-194,-120,12,89,79,115
326,3,-0.04019507020711899,735,-2,30,12,0,7,-5,63,8,-17,-253,-484,-183,443,763,167,-661,-957,-745,-443,-109,27,-15,-113,67,517,780,503,63,1,253,346,243,37,53,204,90,-241,-520,-399,-49,216,375,193,-190,-572,-441,56,428,526,254,-90,-176,-141,17,52,-93,1,-7,57,18,19,23,6,-23,5,141,123,-57,-377,-138,455,771,369,-220,-459,-368,-283,-62,237,433,492,278,76,40,152,239,149,-157,-365,-389,-216,-211,-431,-680,-658,-450,-378,-436,-468,-217,165,366,320,200,146,37,-66,42,344,410,273,151
327,1,0.23182816803455353,742,-15,-30,-26,-17,-10,-3,23,200,785,1420,1441,738,-10,-81,128,60,-233,-317,-246,-123,39,196,248,85,-148,-145,-67,-37,5,11,-24,-69,-90,-68,-34,4,115,269,373,339,227,29,-42,14,41,78,41,-37,-81,-44,-40,-117,-214,-226,-104,15,1,-12,-11,-20,-2,-2,-3,64,365,714,737,262,-262,-508,-569,-451,-126,275,278,31,-102,-62,-29,-156,-336,-325,-158,-61,-44,-45,6,73,77,39,4,-58,-174,-342,-357,-120,197,294,212,107,52,40,-31,-124,-150,-79,29,116,118,45,-4,-52
327,2,0.3591465950012207,742,5,79,-16,8,10,-12,-46,119,493,1277,1437,1081,248,60,106,73,-228,-848,-1241,-987,-225,222,473,596,473,126,-51,-176,34,95,125,303,385,340,108,-90,-75,3,118,196,144,134,-129,-448,-299,-213,-191,-180,-92,88,211,131,-18,-94,-95,-149,-6,16,-2,-14,14,26,45,51,92,4,-140,-162,64,-26,-228,-627,-517,45,330,67,-240,-142,192,409,331,142,89,256,87,-23,51,320,462,163,-109,-112,95,251,79,-345,-473,-394,-192,-114,-184,-116,-94,32,214,398,266,178,56,-10,-23,70
327,3,-0.09380064159631729,739,5,18,0,28,-23,-22,17,6,-139,-426,-534,-27,798,770,-28,-507,-395,-265,-260,-106,-18,-75,-200,39,561,752,370,-30,-32,246,327,266,161,221,286,132,-150,-289,-92,179,451,579,214,-299,-711,-447,111,476,425,103,-197,-264,-227,-76,-20,-174,5,-10,41,7,20,26,4,-2,50,50,-40,-168,-210,125,292,59,-275,-328,-300,-311,-302,-113,244,551,661,466,142,69,204,327,192,-153,-384,-312,-98,-237,-670,-897,-712,-417,-314,-338,-352,-230,62,313,417,382,292,29,-79,69,361,384,241,83
328,1,0.24791015684604645,741,1,-2,4,-2,-4,1,7,-18,-181,-661,-1025,-947,-385,-145,-298,-429,-180,247,405,336,133,-66,-183,-209,-124,-25,-38,-16,-9,-36,-11,44,97,110,57,15,-47,-203,-405,-455,-264,-35,147,123,28,-19,-42,-33,5,45,30,77,175,207,181,62,-2,-19,7,3,1,5,-7,-31,-224,-810,-1300,-1197,-302,323,522,492,384,177,-136,-126,17,33,-71,-41,190,385,312,121,6,9,1,-40,-47,-39,-12,-6,15,105,214,166,-61,-278,-248,-152,-80,-61,-54,13,100,133,68,-21,-43,-1,55,41
328,2,0.32430338859558105,736,4,-54,13,17,-19,-23,-17,-86,-269,-673,-746,-569,-355,-85,-73,195,447,525,486,550,444,48,-321,-628,-596,-305,-59,-96,-54,-23,-50,-336,-541,-393,-67,118,89,-144,-151,16,206,240,173,243,338,119,214,138,-8,-281,-297,-258,-113,16,106,62,18,13,58,36,2,-25,-16,26,252,884,1293,1192,339,-57,60,310,332,-490,-1156,-1019,-196,312,228,233,159,-58,-197,-363,-127,45,76,50,-42,139,241,144,-129,-244,5,273,515,542,201,-131,-228,-83,-73,-122,-259,-246,-124,-71,-87,-62,-65,-121
328,3,-0.08575920015573502,742,-2,41,-3,-23,11,7,24,40,232,470,167,-515,-822,-222,144,-104,-347,-112,87,50,-29,127,264,63,-312,-397,-26,236,88,-119,-303,-350,-351,-326,-204,-213,-214,-255,-326,-436,-637,-554,-40,487,649,305,-65,-196,-132,-14,184,333,337,203,164,231,14,9,-5,-21,1,-45,-16,27,136,279,243,-9,-364,-55,622,967,623,137,86,224,259,160,-228,-697,-917,-544,-144,-48,-257,-350,-134,150,210,-12,-35,334,820,817,435,89,-43,9,240,412,132,-278,-576,-550,-265,80,166,-45,-264,-242,-86,170
329,1,0.23182912170886993,737,9,-2,-5,-3,4,-5,-21,-21,-195,-629,-999,-924,-408,-87,-204,-355,-176,162,346,315,158,-51,-205,-202,-65,64,45,4,-36,-54,-41,23,88,109,76,28,-31,-177,-314,-367,-268,-90,52,67,6,-25,-47,-45,20,44,33,59,149,193,150,35,5,7,7,4,11,16,22,-22,-161,-532,-896,-830,-212,317,517,480,346,84,-151,-144,-32,-9,-40,-14,184,358,292,77,-52,-32,-8,-25,-44,-43,-14,-5,24,118,230,211,-1,-223,-251,-171,-90,-48,-18,41,90,104,44,-22,-65,-25,57,46
329,2,0.3470863997936249,739,-8,63,-9,-7,44,-12,-2,100,415,1179,1366,1129,404,133,137,6,-268,-758,-1132,-1069,-426,115,389,604,540,210,-49,-100,19,80,101,266,443,374,78,-106,-156,31,100,80,29,75,-162,-383,-360,-221,-189,-163,-103,129,283,219,-2,-100,-123,-99,-4,-4,29,-10,-24,12,-9,58,7,-156,-328,-350,31,258,151,-252,-434,-26,367,217,-171,-184,122,388,330,195,129,256,158,-2,-36,251,422,137,-209,-223,76,321,127,-265,-528,-520,-240,-110,-108,-122,-100,24,230,366,317,220,130,11,-35,53
329,3,-0.11122200638055801,740,18,-4,30,-4,15,35,43,15,9,12,-5,-129,-252,-111,-190,-739,-1075,-855,-191,14,-94,-191,-54,350,568,544,182,98,202,288,186,-103,-310,-328,-154,-102,-450,-784,-672,-410,-302,-332,-295,-184,9,281,364,333,251,71,-83,-5,222,350,260,90,-9,13,54,-6,-17,-2,3,-23,29,299,496,140,-547,-660,177,1008,701,81,-178,-11,101,148,171,-19,-439,-790,-498,-26,143,-123,-270,-287,-193,-199,-263,-105,56,253,164,-105,-333,-573,-347,125,608,478,-59,-393,-451,-206,56,172,201,107,23,153
330,1,0.21306820213794708,743,-8,-10,-26,-16,-12,-23,-8,57,426,1192,1574,1290,241,-247,-189,-55,-172,-242,-196,-187,-103,69,228,125,-172,-329,-162,-23,40,41,4,-48,-86,-64,-40,5,50,93,162,201,232,172,43,19,29,57,64,6,-88,-96,-26,-48,-120,-195,-170,-53,-6,-12,-2,-8,5,5,17,16,59,199,304,213,-158,-491,-676,-663,-343,158,444,322,59,-60,-85,-152,-274,-335,-193,-52,-3,-26,-13,61,125,142,73,19,-93,-306,-482,-386,-36,234,270,179,71,27,-22,-75,-93,-84,-15,100,154,110,20,-27
330,2,0.33100441098213196,742,-16,-9,-26,-21,-3,15,3,-26,-252,-799,-1148,-1073,-421,8,0,-151,-157,435,893,852,236,-227,-272,-206,-157,46,217,313,168,-42,-110,-27,35,-124,-222,-123,164,252,56,-202,-449,-469,-157,122,224,107,68,135,237,228,123,109,124,90,66,85,5,-31,24,30,-11,1,-3,-99,-300,-745,-856,-668,-356,-176,-200,-1,315,616,708,667,351,-54,-337,-494,-468,-181,14,-1,-54,-49,-60,-237,-387,-321,-56,120,97,-88,-130,-51,51,97,142,250,291,176,170,136,46,-162,-269,-240,-69,49,95,78
330,3,-0.07637768238782883,738,-11,29,64,-25,5,26,-5,13,114,342,185,-274,-674,-172,379,159,-389,-465,-179,-22,-10,30,183,152,-94,-286,-56,192,188,13,-220,-317,-359,-305,-210,-212,-328,-369,-348,-378,-570,-642,-204,208,584,341,15,-179,-149,-92,89,209,336,235,193,209,11,28,29,-14,-12,-64,-11,-28,84,279,256,27,-355,-51,859,1401,1035,250,-89,0,209,261,-32,-466,-902,-722,-214,-7,-141,-311,-267,-9,148,11,-55,129,607,702,401,85,-113,-116,111,318,291,-117,-459,-506,-347,-8,148,45,-135,-192,-68,97
331,1,0.24120961129665375,738,-7,6,-24,-12,-6,-1,-2,28,259,922,1532,1460,528,-105,-168,-14,-83,-257,-245,-232,-168,10,191,196,-41,-256,-198,-55,29,54,27,-31,-71,-73,-52,-10,37,91,184,244,238,191,35,-16,25,52,87,57,-38,-101,-54,-25,-106,-162,-180,-72,-27,-10,-16,-15,-11,-6,-6,19,77,260,441,421,14,-367,-641,-705,-508,-56,354,358,113,-34,-47,-101,-242,-348,-259,-71,37,25,17,60,124,121,75,28,-57,-220,-422,-402,-102,205,302,206,78,43,21,-46,-83,-106,-40,56,125,111,31,-22
331,2,0.3403852581977844,737,8,21,-3,0,6,0,-11,13,162,521,751,593,113,-150,-26,231,205,-242,-582,-443,25,231,124,0,-41,-99,-207,-249,-105,69,65,-93,-161,36,216,105,-157,-255,-43,264,415,357,127,-72,-86,-17,-11,-92,-228,-250,-211,-167,-99,-42,-33,-62,-25,19,4,-21,-11,-11,14,90,325,731,817,595,204,132,148,7,-263,-587,-711,-607,-159,140,344,386,286,30,-96,-58,48,69,91,180,244,209,46,-92,-74,27,91,76,52,8,-113,-238,-219,-158,-116,-108,-31,104,189,105,-4,-70,-72,-55
331,3,-0.09513916820287704,737,-15,4,64,9,-24,8,35,0,45,288,439,64,-608,-630,67,537,116,-319,-276,-32,51,44,96,75,-159,-457,-353,27,238,-3,-180,-316,-316,-304,-295,-159,-174,-159,-189,-270,-452,-681,-472,4,563,552,106,-245,-307,-170,16,147,269,244,134,176,-2,19,0,3,-14,-23,-37,-19,17,124,228,177,-15,-186,246,1068,1238,763,82,-1,165,263,123,-329,-741,-856,-387,-84,-59,-274,-265,-51,201,201,21,46,433,830,685,319,103,28,99,216,277,-22,-354,-502,-427,-147,94,68,-151,-277,-212,-9
332,1,0.25729092955589294,741,7,4,-19,-16,-4,6,-4,31,208,699,958,797,261,175,359,423,118,-274,-462,-365,-110,86,205,190,91,15,10,1,17,36,5,-67,-135,-159,-86,-4,96,262,454,414,179,-57,-184,-112,-16,20,50,44,13,4,0,-86,-184,-208,-141,-15,-7,2,-17,-11,-3,-8,0,57,329,966,1355,1094,68,-456,-600,-518,-360,-94,144,69,-36,10,99,-18,-298,-439,-240,-29,61,29,11,19,32,41,9,6,-22,-136,-227,-135,131,291,233,142,57,67,54,-23,-112,-123,-42,25,19,-26,-59,-30
332,2,0.3176020681858063,740,-13,12,-46,-11,10,19,16,183,503,897,822,602,192,210,157,-222,-467,-718,-793,-708,-178,158,535,585,410,72,41,66,119,24,117,353,424,144,-106,-178,18,159,133,-51,-88,-192,-165,-340,-177,-227,-200,-102,55,346,302,204,-2,-113,-126,-72,-3,-10,-15,9,21,-13,-2,-66,-377,-894,-1072,-654,28,228,-100,-434,-126,702,941,448,-187,-311,-120,68,87,207,304,365,63,-140,-43,206,153,-179,-323,-17,294,295,-51,-445,-628,-441,-87,211,13,-16,57,221,365,358,271,180,68,12,37,140
332,3,-0.0763777643442154,737,-14,2,42,0,-18,-24,-14,-13,34,251,404,160,-315,-445,292,1236,1170,527,-49,-24,118,199,112,-276,-725,-966,-492,-63,39,-254,-335,-183,21,34,-129,-31,289,645,502,155,-100,-277,-133,186,498,245,-268,-546,-513,-199,86,117,-10,-119,-103,81,5,5,-52,1,16,-25,-27,4,-36,-214,-293,27,536,451,36,30,494,628,281,48,76,81,-68,-263,-193,37,135,-61,-243,-148,15,238,374,372,260,158,349,511,448,393,456,642,473,84,-381,-488,-227,-8,69,77,33,-84,-292,-319,-198,-173
333,1,0.2318284660577774,740,-4,0,-22,-13,-9,0,7,65,379,1138,1584,1372,309,-249,-223,-84,-147,-216,-172,-177,-114,53,227,139,-151,-324,-180,-37,70,65,20,-33,-66,-65,-48,-7,35,84,134,178,224,189,69,24,40,77,80,-9,-105,-127,-42,-34,-121,-194,-158,-37,-2,-3,-1,-6,8,-9,1,6,20,117,185,127,-168,-468,-725,-720,-387,127,449,361,99,-40,-94,-152,-238,-298,-197,-44,3,-16,-14,60,124,155,87,37,-66,-280,-472,-408,-85,207,296,200,66,46,15,-37,-72,-98,-46,66,139,129,48,-22
333,2,0.3430648744106293,743,-5,19,-23,18,8,-8,-18,-71,8,255,434,419,-26,-198,-63,287,356,-97,-401,-158,217,156,-231,-455,-332,-159,-137,-360,-150,46,53,-240,-407,-72,250,206,-109,-342,-124,275,561,499,221,-1,80,119,82,-88,-316,-422,-373,-272,-122,-1,56,-70,-25,91,-9,8,25,-14,-15,120,428,1128,1257,986,295,185,207,30,-269,-789,-1113,-945,-259,190,464,611,450,72,-80,-101,97,90,42,207,384,303,48,-109,-94,51,140,109,25,52,-178,-385,-265,-223,-163,-124,-50,176,302,217,7,-130,-133,-99
333,3,-0.07771826535463333,742,-2,42,31,-5,14,28,1,24,137,280,23,-430,-464,-15,204,-236,-601,-437,-154,-124,-68,73,288,239,47,-146,35,244,217,67,-199,-362,-402,-274,-177,-309,-525,-511,-431,-412,-577,-544,-161,237,464,268,76,-49,-46,-60,47,235,329,206,157,149,6,36,23,-21,-13,-22,-15,4,189,385,199,-223,-500,168,1274,1379,781,29,-73,19,160,145,-149,-552,-910,-585,-110,47,-182,-288,-213,-36,30,-130,-83,152,563,499,201,-45,-279,-232,104,425,327,-165,-475,-526,-285,32,135,48,-85,-122,23,186
334,1,0.25058987736701965,740,-6,8,10,7,0,-2,-8,25,161,618,1053,988,180,-420,-723,-672,-441,-104,220,241,67,-22,25,-31,-223,-402,-294,-81,50,23,-7,18,55,77,43,16,-33,-145,-294,-271,-26,228,260,203,109,66,51,-20,-87,-113,-43,31,46,24,-36,-31,2,-4,3,4,20,7,11,-16,-197,-734,-1229,-1171,-456,-98,-218,-417,-238,147,330,352,183,-50,-225,-221,-39,113,44,-8,-47,-60,-44,36,120,139,91,24,-54,-191,-367,-402,-248,-86,67,81,8,-22,-49,-7,46,54,9,34,145,187,170,40
334,2,0.3310045301914215,737,19,-32,9,33,8,-24,-6,-79,-148,-200,-100,24,-104,-98,-164,26,369,285,49,133,332,152,-226,-590,-473,-249,-59,-154,-199,-65,61,-175,-466,-281,61,232,63,-212,-236,15,332,453,232,115,142,129,199,72,-125,-377,-378,-295,-205,-3,103,69,18,23,50,10,26,-22,-26,25,286,981,1459,1365,684,133,194,183,71,-546,-1180,-1219,-609,145,415,571,462,111,-173,-253,-140,88,82,123,190,309,215,70,-177,-127,37,155,252,316,28,-269,-410,-178,-164,-144,-179,-98,90,123,-17,-77,-120,-113
334,3,-0.11122142523527145,736,7,0,1,-7,-13,-67,-4,-23,43,140,145,116,-77,60,704,1211,1062,456,103,116,182,107,-211,-543,-760,-493,-135,-101,-243,-298,-113,164,292,82,9,231,708,751,484,226,130,135,169,196,19,-264,-462,-425,-237,55,102,-75,-269,-248,-125,24,2,-24,-53,25,-3,13,7,-14,-187,-451,-211,357,765,112,-700,-598,17,324,178,91,-10,-123,-147,109,511,548,91,-191,-80,133,320,337,315,318,213,147,55,57,143,312,582,636,113,-387,-617,-200,211,394,263,63,-132,-205,-213,-95,-149,-252
335,1,0.23182952404022217,744,-1,3,-2,2,8,0,18,141,654,1364,1442,789,48,-57,140,128,-121,-261,-285,-214,-6,174,234,50,-177,-170,-37,49,86,76,-11,-101,-140,-105,-36,31,119,228,295,249,162,21,-38,15,30,44,6,-40,-84,-28,-13,-106,-172,-197,-107,21,-5,-16,-12,-9,0,-5,25,76,328,665,730,268,-287,-632,-716,-563,-184,217,304,110,-13,-14,-35,-165,-336,-298,-106,37,21,-14,7,65,99,102,47,-27,-143,-336,-393,-171,154,296,244,135,64,34,-20,-96,-126,-83,8,95,100,39,6,-36
335,2,0.3658478260040283,740,-20,-68,-20,-9,-54,21,-5,-100,-366,-1165,-1500,-1303,-535,-120,-165,-144,-14,633,1220,1201,509,-214,-499,-628,-472,-35,175,251,36,-98,-116,-182,-285,-336,-153,20,182,83,-69,-199,-197,-268,41,342,413,226,193,185,164,20,-190,-138,44,123,152,150,15,-34,9,40,19,-11,-1,-79,-150,-194,-66,53,-109,-120,-118,154,276,47,-117,130,358,133,-270,-536,-393,-149,-30,-226,-198,-30,42,-234,-451,-209,124,238,41,-222,-178,103,347,447,197,117,168,131,168,41,-127,-376,-335,-259,-114,27,116,16
335,3,-0.050915565341711044,735,21,-10,-65,13,4,-18,-30,4,-65,-330,-424,-4,682,543,-223,-585,-121,278,309,138,105,-20,-170,-103,212,462,289,-43,-142,73,289,406,412,378,323,200,201,212,238,306,461,672,434,-38,-559,-504,-79,254,313,172,-61,-176,-329,-242,-138,-166,3,-10,-1,-2,3,33,16,15,-25,-132,-230,-148,70,169,-323,-1081,-1131,-578,-55,-31,-176,-200,15,438,785,768,294,56,122,332,288,13,-239,-152,54,-21,-450,-809,-639,-274,-104,-62,-168,-244,-207,88,405,521,413,78,-153,-97,146,253,181,-23
336,1,0.25059008598327637,739,5,5,-10,-2,-25,-26,-20,33,255,913,1529,1466,541,-88,-123,66,0,-206,-249,-256,-182,50,239,211,-46,-292,-204,-44,69,97,55,-37,-96,-108,-70,-18,39,120,193,227,208,143,22,-17,44,65,70,14,-68,-103,-37,-43,-148,-218,-196,-73,-18,7,-6,2,1,8,-19,-6,61,261,440,417,-1,-381,-639,-695,-514,-146,190,228,70,-7,-1,-52,-207,-310,-195,-15,65,16,-7,58,132,156,113,36,-48,-222,-405,-384,-95,193,263,202,98,61,37,-34,-79,-100,-66,42,112,103,48,-2
336,2,0.35914671421051025,743,7,72,-7,-20,38,-13,-8,108,436,1223,1432,1160,361,119,200,159,-31,-631,-1185,-1113,-364,224,505,570,403,-32,-168,-243,46,127,152,205,308,263,69,-93,-139,-37,98,181,146,188,-112,-358,-313,-218,-182,-186,-160,-8,177,125,-42,-131,-137,-132,5,-5,5,-31,7,-16,-4,95,151,170,84,-23,184,232,161,-145,-210,30,98,-218,-451,-110,331,521,314,61,34,280,217,67,40,317,498,172,-195,-200,14,293,186,-154,-386,-425,-220,-150,-234,-208,-206,-48,177,414,368,268,87,-76,-141,-24
336,3,-0.030814576894044876,734,-21,2,47,12,-4,30,18,-4,49,192,213,-78,-492,-353,73,86,-342,-459,-258,-112,-161,-87,135,307,226,53,-35,118,211,129,-40,-265,-429,-384,-271,-210,-396,-618,-580,-408,-394,-597,-557,-180,310,522,355,100,-59,-125,-43,89,321,342,241,159,-30,17,22,9,-20,-28,-1,-18,42,241,420,149,-339,-401,351,1324,1178,402,-234,-187,11,189,156,-212,-694,-935,-504,-71,17,-242,-374,-262,-68,-85,-222,-139,133,424,328,28,-139,-288,-90,206,428,215,-236,-494,-496,-138,169,188,48,-110,-73,116
337,1,0.23182962834835052,743,5,18,-4,-11,-22,-5,7,43,279,881,1256,1072,344,77,219,326,142,-186,-312,-306,-111,101,218,156,-37,-173,-71,-5,42,46,15,-64,-134,-151,-99,-20,90,248,363,349,198,17,-111,-88,8,53,74,32,-26,-40,-1,-58,-183,-267,-211,-63,-9,-3,-9,-3,-8,-10,0,50,238,765,1128,938,58,-513,-641,-534,-367,-106,120,76,-15,24,71,-34,-277,-396,-176,31,102,51,7,34,96,106,76,35,-50,-225,-342,-237,45,238,209,145,102,97,61,-49,-115,-123,-35,36,38,-27,-75,-33
337,2,0.3779081106185913,738,-7,35,35,-18,-28,-20,-6,67,402,1052,1309,1025,200,-39,100,166,-103,-854,-1085,-676,90,385,238,195,78,-161,-333,-467,-107,72,54,-38,-57,139,265,88,-163,-237,38,237,498,455,73,-250,-133,-44,-56,-143,-349,-331,-190,-178,-80,-41,-51,-117,2,26,-36,-43,30,3,9,164,344,809,748,535,233,207,277,33,-143,-450,-657,-708,-302,130,568,573,354,-4,-45,24,94,61,147,309,361,174,-96,-190,-88,148,152,12,-93,-143,-117,-252,-241,-225,-236,-155,-19,258,247,182,4,-94,-139,-127
337,3,-0.07637855410575867,741,6,11,-29,-24,-9,-28,1,-15,-53,-80,-5,124,273,80,-135,65,427,380,150,134,282,259,-48,-380,-518,-427,-164,-96,-190,-286,-213,95,380,366,128,88,320,686,662,399,287,389,517,320,-74,-369,-453,-336,-174,79,170,63,-229,-380,-302,-123,38,-19,-9,-18,13,30,5,17,-32,-272,-441,-129,420,485,-380,-1405,-1107,-171,547,456,221,-95,-207,-4,426,704,456,21,-119,125,314,288,216,216,260,243,26,-137,-62,87,253,476,353,-68,-428,-427,-20,277,476,221,-90,-221,-200,-75,-36,-119
338,1,0.23852992057800293,739,-4,2,-12,-14,-2,-2,3,7,125,452,648,462,-143,-567,-758,-756,-486,-18,282,214,20,-60,-54,-132,-304,-356,-140,55,106,35,7,75,136,144,71,-8,-150,-343,-439,-301,18,203,194,114,71,64,18,-50,-99,-95,-23,51,73,26,-5,-8,8,-2,14,18,6,9,-2,-78,-419,-1154,-1501,-1202,-201,192,71,-102,35,251,295,277,84,-129,-256,-134,136,259,105,-11,-59,-52,-1,69,106,91,53,-2,-78,-194,-272,-270,-211,-71,46,35,-30,-94,-101,-30,64,58,-6,54,187,303,215,46
338,2,0.33636340498924255,741,-40,-12,47,41,-34,-1,-8,-165,-250,-531,-370,-267,-119,-239,-360,-172,-57,180,459,605,281,-141,-585,-614,-370,-10,19,-113,-138,-70,-177,-420,-444,-123,185,171,-51,-276,-171,125,323,249,86,187,195,297,221,41,-153,-387,-304,-207,-19,90,135,84,2,55,25,-14,-19,-12,-16,120,573,1255,1434,1012,222,110,233,216,-288,-1006,-1139,-637,140,391,351,340,144,-129,-315,-387,-53,70,94,28,86,200,259,19,-167,-120,109,272,466,337,-10,-303,-136,-93,-109,-176,-375,-266,-107,-77,-78,-71,-81,-158
338,3,-0.04153547063469887,740,5,-10,35,21,10,16,17,7,17,168,157,-73,-382,-156,472,789,348,-118,-277,-275,-383,-225,110,364,410,173,9,113,247,276,141,-165,-410,-415,-193,-159,-360,-670,-665,-408,-343,-478,-557,-251,203,480,469,272,52,-112,-131,17,299,376,276,144,1,-1,53,18,-26,-34,-32,-11,-2,214,377,147,-306,-456,245,1257,1215,471,-199,-248,-106,149,185,-142,-560,-771,-394,-17,42,-211,-358,-205,-29,-40,-155,-151,146,429,335,83,-137,-311,-217,133,360,288,-93,-362,-494,-161,169,239,135,-46,-70,47
339,1,0.25058990716934204,740,-3,16,-22,0,11,-8,-16,10,233,879,1381,1247,226,-464,-644,-488,-335,-180,-10,-29,-65,14,106,9,-249,-440,-238,-10,112,107,42,24,53,54,56,20,-50,-162,-223,-165,47,171,119,57,71,129,124,14,-85,-113,-21,22,-34,-123,-150,-52,-3,-15,-7,-8,8,2,-4,-26,-154,-594,-947,-854,-282,-82,-167,-311,-188,135,272,245,72,-101,-209,-231,-156,-59,-13,42,45,13,-9,65,136,185,125,47,-79,-277,-440,-399,-193,31,160,126,38,-31,-73,-65,-35,-40,-46,22,160,241,203,61
339,2,0.34976595640182495,736,-12,-63,-20,7,-32,14,3,-40,-302,-934,-1326,-1154,-514,-147,-281,-316,-111,387,1005,1155,616,-52,-514,-777,-617,-245,110,219,93,-52,-72,-212,-390,-378,-63,86,100,-106,-198,-115,64,-35,33,156,336,256,285,198,148,-10,-249,-213,-27,88,145,132,-6,-7,-8,23,6,5,-25,-52,-30,179,377,479,164,-27,-72,42,-2,-401,-601,-172,342,280,-76,-381,-307,-98,-3,-189,-228,-73,31,-170,-386,-174,191,276,2,-310,-243,163,465,568,195,-19,32,172,180,29,-192,-383,-299,-191,-158,-21,39,14
339,3,-0.09647946059703827,735,0,-12,-6,-15,24,74,4,14,-27,-133,-216,-101,231,319,-96,-609,-642,-199,84,31,-158,-133,213,597,706,357,144,109,291,391,146,-215,-311,-70,118,-113,-622,-744,-455,-205,-128,-174,-301,-208,-8,285,461,446,217,-180,-290,-49,216,257,119,-57,-29,44,50,-9,-9,-29,8,-16,206,381,220,-347,-632,147,1288,1274,373,-305,-413,-345,-130,89,200,70,-279,-264,5,252,131,-3,-255,-300,-331,-237,-203,-159,-162,-212,-200,-262,-466,-600,-248,235,582,335,23,-213,-262,-83,162,287,311,164,107,172
340,1,0.2599703371524811,742,-5,-19,-15,-6,9,1,20,182,616,1070,946,202,-365,-543,-470,-341,-160,17,32,-11,17,81,28,-161,-306,-216,-35,75,75,41,23,41,20,9,-9,-39,-81,-133,-81,57,133,90,49,60,105,104,17,-84,-96,-33,5,-20,-102,-139,-73,-14,-3,-4,-7,-5,-4,-3,-9,-118,-411,-716,-631,-231,-73,-219,-424,-371,-28,244,234,58,-104,-185,-188,-100,-32,25,63,76,48,8,40,114,139,103,63,-45,-231,-389,-366,-199,-7,111,86,30,-9,-42,-50,-53,-56,-67,-2,134,188,156,25,-57
340,2,0.2827587425708771,739,2,-56,33,11,-9,-17,11,-159,-416,-936,-899,-654,-112,-214,-390,-271,51,564,837,757,132,-209,-583,-687,-469,-95,44,92,-29,-2,-107,-322,-418,-223,80,148,-32,-189,-161,33,165,134,67,243,164,286,207,131,23,-236,-254,-209,-23,81,132,156,16,-3,29,5,-20,-15,-17,28,292,797,1022,772,87,-97,52,132,-181,-777,-841,-348,202,240,78,-67,-84,-121,-253,-403,-73,101,45,-157,-222,98,348,182,-167,-287,15,422,718,516,93,-122,61,149,26,-163,-415,-431,-261,-168,-92,-37,-7,-80
340,3,-0.12730328738689423,736,-29,-15,24,-2,-10,-53,-7,-21,-3,157,219,106,-140,-272,211,992,1190,659,45,-74,60,185,-18,-387,-612,-512,-127,10,-114,-371,-359,39,245,129,-79,-30,370,731,623,282,101,57,141,221,163,-98,-326,-381,-371,-12,228,147,-97,-261,-186,-26,24,-14,-64,1,14,6,-4,10,-73,-288,-324,67,615,227,-871,-1310,-644,178,406,192,92,-15,-203,-202,6,217,130,-124,-255,-88,176,283,415,320,177,121,169,270,299,247,357,577,429,-20,-509,-484,-172,51,269,216,31,-136,-324,-260,-172,-141
341,1,0.24790990352630615,742,-10,-9,13,9,6,-1,-1,-23,-214,-811,-1380,-1346,-464,388,656,472,297,188,-17,-40,-10,-80,-168,-67,221,476,332,75,-84,-70,-10,7,-18,-15,-11,7,28,76,150,115,-46,-166,-115,-70,-76,-145,-163,-73,49,87,26,-26,25,136,186,106,5,-10,-11,-1,6,2,-3,1,99,444,802,772,365,145,251,397,276,-116,-385,-364,-147,82,202,233,193,103,29,-56,-85,-52,-16,-33,-123,-180,-158,-75,40,245,454,467,266,34,-127,-136,-68,-8,43,76,55,48,62,4,-148,-213,-175,-40
341,2,0.3497658967971802,741,13,23,-19,-55,-12,0,-20,32,150,105,35,-132,42,150,354,299,90,198,163,-143,-365,-132,257,580,463,190,2,74,129,-7,-81,185,487,329,-88,-269,-82,245,242,-97,-518,-578,-192,-5,-108,-219,-255,-74,129,316,304,252,190,35,-85,-67,-22,-10,-47,-36,-7,22,16,-17,-292,-961,-1459,-1358,-621,-154,-253,-321,-162,472,1075,1103,490,-133,-409,-552,-516,-178,152,293,181,-33,-81,-140,-250,-321,-153,-66,71,18,-70,-88,-125,-269,-100,135,305,165,156,150,229,219,-44,-79,12,84,97,99
341,3,-0.0696764588356018,738,-21,45,41,-17,-10,-25,-4,-23,219,417,197,-387,-642,213,1423,1343,459,-283,-268,-144,49,157,61,-180,-543,-324,40,248,34,-182,-268,-254,-211,-188,-153,-25,125,88,-34,-188,-440,-428,16,410,532,115,-217,-424,-356,-57,185,239,193,97,126,200,-8,-15,-22,2,-8,-22,11,-31,-27,-64,86,226,59,-107,191,721,830,346,18,64,181,21,-334,-479,-412,-27,4,-152,-300,-271,47,357,396,126,3,217,705,772,505,302,305,355,234,27,-230,-337,-307,-194,-42,172,131,-148,-377,-304,-146,-35
342,1,0.2666718065738678,740,8,-7,18,2,3,2,9,-11,-155,-592,-1016,-950,-147,439,733,696,515,184,-134,-158,-30,-10,-34,54,297,474,303,37,-90,-62,0,1,-55,-83,-63,-35,31,171,341,321,92,-150,-172,-120,-86,-102,-93,7,91,107,30,-50,-45,27,98,84,-11,12,-5,-11,-4,-12,-10,15,188,743,1257,1175,401,17,103,342,251,-85,-272,-297,-149,74,241,243,98,-110,-101,-85,-73,-18,-17,-45,-109,-137,-129,-69,31,199,380,398,276,107,-50,-73,-4,46,83,100,63,41,59,5,-128,-203,-180,-32
342,2,0.3403852581977844,736,42,0,50,27,-11,-18,-16,-9,200,837,1435,1438,729,98,89,231,113,-524,-1174,-1115,-471,166,361,354,351,170,-84,-290,-274,38,146,76,75,148,175,194,-42,-99,-29,86,312,492,201,-152,-338,-115,-109,-111,-239,-313,-80,3,-99,-99,-100,-61,41,14,-18,-47,-13,8,-13,15,209,361,522,367,279,131,419,442,173,50,-163,-447,-462,-54,351,651,541,252,-31,4,85,28,-69,116,366,323,38,-194,-138,107,189,25,-301,-354,-149,-26,-176,-145,-277,-182,-37,92,225,212,148,18,-81,-86
342,3,-0.07905776798725128,735,-19,-20,-29,11,-5,-43,-9,-20,-35,-124,11,209,275,51,194,746,974,504,112,84,223,154,-214,-417,-408,-30,45,-65,-229,-260,-19,287,418,215,20,131,586,785,593,320,300,377,268,83,-215,-323,-309,-185,-70,146,111,-114,-378,-335,-192,-50,18,-25,-48,22,26,62,18,37,-156,-422,-322,168,729,119,-1075,-1303,-582,185,224,71,-130,-164,-93,218,653,506,63,-244,-118,170,327,242,134,153,152,46,-213,-260,-111,109,367,449,52,-323,-546,-162,278,487,439,115,-202,-233,-168,-42,-114,-178
343,1,0.20636537671089172,742,2,-11,-21,-27,-28,-10,-13,56,348,858,1063,738,190,26,182,246,44,-210,-298,-224,-60,127,237,187,19,-123,-105,-83,-51,-4,1,-59,-124,-132,-104,-46,88,260,373,346,212,36,-66,-45,19,66,91,85,64,49,60,-24,-165,-218,-122,-3,-9,-8,-1,-9,-10,-5,2,35,242,648,852,557,-114,-501,-557,-455,-246,18,135,44,-9,37,60,-128,-358,-401,-172,35,89,8,-18,41,67,42,8,-17,-83,-234,-329,-220,20,176,134,97,80,78,30,-52,-86,-57,10,57,35,-55,-93,-52
343,2,0.314922571182251,739,-29,59,-13,-6,21,11,35,99,437,1038,1221,996,348,250,330,221,-32,-466,-902,-972,-400,117,521,700,558,183,-82,-86,41,23,36,209,443,323,-31,-129,-97,111,101,-54,-193,-48,-63,-204,-240,-281,-252,-192,-153,66,235,180,5,-89,-113,-91,7,11,10,-35,-5,-6,-15,-6,-71,-426,-599,-601,-7,297,333,126,187,612,729,276,-245,-189,132,325,167,32,70,304,126,-139,-186,96,300,67,-299,-293,40,272,73,-349,-687,-597,-98,129,-39,-133,-98,69,222,275,209,146,129,48,-10,41
343,3,-0.09513948112726212,736,22,-10,-48,15,19,59,-2,18,-113,-347,-317,50,549,132,-923,-1399,-899,-68,105,-12,-214,-219,-22,400,771,531,44,-223,-45,268,302,114,-34,44,114,-33,-446,-574,-344,-5,225,269,-28,-352,-424,-25,397,573,451,40,-220,-168,-2,111,-5,-143,6,20,58,-4,-2,18,2,18,99,281,154,-257,-574,-150,137,-230,-753,-681,-315,-187,-154,-49,208,272,71,-189,-104,117,240,166,-105,-341,-410,-234,-92,-144,-431,-572,-481,-343,-418,-519,-284,48,394,318,145,-40,-115,-185,-21,207,436,315,179,108
344,1,0.22244833409786224,738,-6,20,6,-6,1,-14,0,88,404,854,930,528,131,109,272,232,-37,-274,-307,-179,-24,151,228,152,-1,-81,-89,-77,-22,14,-8,-72,-127,-139,-95,-9,123,296,393,328,157,-15,-77,-30,13,54,92,75,59,71,34,-71,-175,-189,-77,41,3,-5,-23,-12,-6,-1,7,75,352,780,869,386,-203,-478,-480,-376,-209,-4,63,-7,-14,58,62,-114,-337,-336,-111,48,43,-31,-22,27,51,46,22,-18,-95,-199,-230,-99,97,190,128,82,65,76,24,-49,-69,-28,53,65,14,-73,-83,-33
344,2,0.28945979475975037,742,-47,62,-24,15,28,14,19,105,411,959,1038,840,254,240,287,100,-135,-536,-793,-839,-297,87,471,617,517,163,13,13,80,-4,30,229,447,266,-70,-172,-70,115,74,-85,-203,-110,-56,-183,-174,-247,-240,-193,-101,139,216,178,12,-84,-105,-82,8,12,-8,-14,1,-18,-9,-31,-165,-611,-803,-713,-53,297,224,71,249,810,921,374,-240,-272,46,252,142,80,164,411,144,-189,-185,96,273,-27,-360,-286,82,281,7,-424,-777,-583,-102,168,5,-98,-18,131,271,267,204,151,131,46,-4,64
344,3,-0.09513965994119644,735,-1,27,53,-7,-23,-30,-3,-20,126,426,384,-122,-759,-273,648,846,137,-488,-466,-210,5,116,192,-51,-433,-519,-164,180,218,-26,-237,-302,-267,-208,-161,-71,6,-23,-132,-257,-439,-564,-241,214,549,279,-150,-396,-373,-163,124,248,319,175,145,168,-15,1,-13,-6,-9,-45,-5,-24,22,72,130,136,0,-21,481,1139,1185,626,180,159,303,250,-57,-445,-639,-319,48,116,-68,-278,-162,150,312,168,17,114,571,791,598,258,125,144,230,238,81,-168,-360,-388,-269,77,200,25,-299,-311,-129,17
345,1,0.24791009724140167,742,4,-6,1,0,-5,6,7,85,365,720,731,372,133,216,357,266,-49,-299,-322,-182,-13,121,201,169,55,-49,-88,-90,-42,11,-9,-100,-143,-133,-82,-13,147,343,413,306,93,-81,-113,-50,2,54,80,63,51,53,-3,-95,-154,-137,-30,66,6,2,3,-8,-6,9,16,119,499,968,990,375,-230,-449,-427,-358,-238,-55,15,-26,-8,54,38,-140,-341,-329,-117,55,39,-9,1,30,37,23,0,-32,-95,-177,-163,-23,145,160,121,73,64,78,28,-31,-43,14,77,52,-40,-112,-94,-22
345,2,0.2988407611846924,737,-47,44,18,13,-6,3,16,125,481,1060,1209,950,306,162,150,38,-248,-719,-970,-830,-197,197,442,542,427,138,-48,-99,15,37,101,233,332,260,79,-64,-81,11,75,50,77,119,-6,-206,-204,-199,-195,-205,-169,15,144,86,-35,-84,-81,-92,4,5,-1,-10,-5,-6,-8,9,-33,-250,-444,-415,28,306,238,9,126,515,559,122,-256,-137,199,362,228,91,163,310,81,-177,-127,207,335,17,-328,-267,69,236,-7,-444,-664,-447,-69,72,-48,-112,-50,75,201,281,240,212,99,10,-10,36
345,3,-0.11256147921085358,734,-5,10,-7,0,-31,-23,-19,-29,0,68,139,163,27,-46,348,1051,1141,640,195,183,373,336,28,-448,-696,-401,45,180,-33,-291,-198,117,330,211,19,110,546,827,630,277,125,149,251,278,121,-157,-364,-439,-332,38,231,82,-277,-353,-173,34,10,-27,-63,5,23,24,-3,8,-101,-416,-440,50,785,485,-346,-695,-86,459,451,199,16,-108,-146,67,417,528,180,-178,-238,50,210,282,258,224,161,62,-64,-25,92,258,464,621,333,-150,-521,-321,119,406,400,190,-127,-231,-339,-214,-122,-165
346,1,0.23182886838912964,739,-3,20,13,11,11,0,-28,-203,-725,-1320,-1352,-608,210,496,494,487,388,110,-17,57,2,-123,-136,119,409,353,103,-35,-53,-14,-13,-17,-10,-10,3,22,72,165,134,-43,-216,-186,-109,-83,-74,-83,-39,22,23,-28,-79,-50,54,136,88,17,-2,-5,5,-11,-11,-8,1,109,415,788,792,451,168,295,469,398,-1,-287,-357,-241,-17,141,244,216,95,0,-98,-140,-47,13,-19,-113,-189,-180,-114,-4,190,437,541,374,84,-136,-172,-94,-6,62,112,93,35,3,-53,-150,-187,-154,-21,79
346,2,0.34038519859313965,740,-36,54,-11,14,17,15,34,115,451,1126,1264,1033,266,104,85,-1,-222,-650,-992,-919,-239,210,501,609,492,203,-11,-71,7,30,82,244,425,293,-19,-127,-93,54,72,-17,-14,41,-54,-259,-200,-246,-217,-168,-156,59,181,107,-29,-111,-96,-73,13,3,10,-20,-13,-27,-20,44,-46,-278,-437,-429,53,357,264,-80,-62,413,607,174,-248,-161,286,533,300,72,103,308,71,-237,-176,206,400,37,-365,-318,33,308,59,-409,-724,-515,-71,134,-39,-131,-73,92,240,267,236,180,102,7,-55,49
346,3,-0.09380041062831879,740,0,5,40,2,8,-4,13,9,53,273,347,-82,-642,-453,-5,-37,-573,-827,-584,-298,-296,-151,52,200,117,-149,-210,15,196,150,-13,-270,-380,-322,-182,-126,-232,-428,-414,-347,-417,-562,-460,-68,306,361,145,-31,-89,-127,-42,124,438,401,201,116,-4,32,25,1,-36,-14,-8,-20,42,284,377,140,-377,-440,302,1177,1005,296,-208,-56,235,370,164,-383,-830,-727,-127,213,112,-274,-298,-77,131,64,-82,20,414,672,467,96,-162,-284,-77,239,388,133,-304,-588,-518,-137,196,199,-12,-153,-107,80
347,1,0.229149729013443,737,-26,-16,-11,-9,-12,-8,1,65,311,575,605,326,-145,-327,-336,-359,-307,-163,-36,-1,32,59,48,-66,-199,-184,-68,31,39,-6,5,18,13,7,-5,-7,-59,-103,-90,-7,80,93,69,46,56,46,12,-31,-30,10,63,63,-9,-64,-55,-6,4,-1,-6,0,-5,2,-1,-72,-300,-531,-548,-313,-69,-106,-222,-205,-6,194,244,146,-2,-105,-157,-120,-22,41,69,49,6,-8,-1,53,102,84,40,-15,-129,-235,-294,-249,-107,45,94,68,-5,-81,-83,-51,2,13,32,80,127,116,37,-31
347,2,0.2961612641811371,743,-1,5,-30,-35,2,-15,-12,4,-128,-543,-906,-922,-201,306,276,-51,-190,405,930,677,-54,-390,-61,289,270,106,70,272,122,-207,-269,17,287,25,-360,-406,15,314,126,-262,-699,-706,-228,155,130,-14,-17,134,315,347,231,169,83,9,-28,31,42,-41,13,-3,-46,-12,-55,-81,-266,-817,-1029,-903,-388,-112,-77,-3,180,497,808,831,375,-25,-374,-486,-478,-319,-19,41,70,3,-71,-182,-324,-293,-10,113,139,-54,-58,-25,62,-30,77,161,263,162,188,155,116,-30,-183,-129,39,74,127,64
347,3,-0.10451986640691757,737,20,-9,1,1,39,0,33,26,15,54,70,-115,-273,-99,-111,-603,-1025,-1020,-472,-264,-373,-348,-121,306,577,388,-101,-178,34,302,227,-114,-375,-343,-148,-106,-379,-716,-598,-334,-197,-208,-294,-231,-33,176,273,345,278,73,-141,-58,311,451,247,35,-8,3,20,12,-23,-16,-4,-14,47,339,493,153,-562,-734,92,876,534,-159,-518,-243,-76,76,91,-162,-558,-759,-377,77,179,-111,-206,-196,-97,-138,-222,-124,154,308,136,-102,-344,-546,-337,107,496,348,-141,-508,-462,-221,75,196,241,125,9,106
348,1,0.24791109561920166,737,7,15,15,4,-7,-17,4,-69,-424,-1028,-1310,-893,46,450,555,600,613,333,7,-49,-57,-77,-92,53,350,414,210,47,-40,-34,-31,-37,-28,-33,-9,20,91,209,253,95,-159,-234,-159,-121,-88,-107,-66,21,48,-5,-73,-107,-44,47,55,20,-6,-7,-3,2,-5,-7,-3,59,326,801,1007,726,172,113,250,259,-55,-332,-334,-254,-52,100,221,202,70,-20,-36,-71,-28,11,14,-60,-139,-155,-68,17,132,306,466,418,235,-4,-143,-112,-15,71,140,101,-4,-35,-40,-111,-167,-186,-97,10
348,2,0.3403852581977844,738,-32,60,5,-23,-19,18,37,126,647,1388,1500,1055,130,-126,31,24,-364,-1173,-1451,-947,-42,447,444,444,307,125,-61,-223,-13,184,117,201,295,230,100,-42,-93,-86,58,161,371,235,-62,-440,-159,-228,-132,-198,-228,-36,105,-10,-71,-130,-102,-118,23,15,-21,-24,20,2,40,139,203,310,177,108,125,228,80,-179,-193,-56,-144,-348,-216,86,636,690,507,105,-10,75,-55,-165,115,370,398,77,-161,-186,3,199,69,-210,-393,-285,-75,-68,-120,-148,-148,6,161,259,170,142,-17,-98,-141,-32
348,3,-0.07637889683246613,740,3,34,28,52,12,46,27,35,110,159,-58,-352,-320,-72,-245,-779,-1011,-670,-432,-495,-381,-135,189,426,283,-139,-206,-5,237,224,-77,-354,-385,-216,-121,-314,-605,-599,-357,-261,-321,-400,-247,44,262,267,239,211,102,-121,-85,257,444,251,28,-30,3,0,20,-32,-8,-46,-1,26,237,511,312,-338,-831,-155,615,702,266,-22,104,162,140,101,-124,-555,-824,-513,-9,107,-143,-247,-162,-14,-30,-169,-89,272,536,351,28,-317,-525,-410,51,448,392,-75,-534,-558,-322,49,261,248,74,-34,51,182
349,1,0.23182950913906097,736,10,8,13,0,3,21,9,-78,-397,-911,-1054,-692,-138,-83,-245,-233,72,334,340,249,41,-110,-209,-196,-50,43,54,121,52,-25,-26,62,124,121,45,-28,-144,-336,-514,-477,-263,11,146,77,-28,-112,-143,-89,2,47,64,115,170,189,112,-13,6,1,2,12,-5,-10,-4,-106,-510,-1109,-1298,-789,94,426,422,406,415,208,-3,-27,-50,-96,-91,87,355,383,177,25,-51,-49,-42,-39,-14,11,0,38,101,207,215,61,-170,-228,-160,-141,-106,-104,-60,19,36,-4,-99,-127,-53,34,46,21
349,2,0.3497658371925354,742,-15,-66,-11,8,-29,-24,-42,-98,-366,-1113,-1394,-1172,-373,-2,-33,-87,27,635,1232,1245,492,-164,-499,-684,-607,-338,-43,104,81,-56,-136,-241,-385,-395,-79,19,110,-16,-100,-79,-68,-158,97,284,303,261,251,179,131,-3,-185,-139,41,111,146,116,-2,-20,-18,38,6,3,41,-43,-80,43,202,288,-49,-203,-197,84,191,-144,-329,-68,312,172,-238,-651,-539,-290,-85,-79,-3,168,124,-260,-491,-183,162,279,-4,-238,-142,227,529,519,152,-16,86,100,78,-78,-222,-304,-206,-150,-82,23,105,23
349,3,-0.01339233573526144,737,6,-8,-7,-26,-28,-20,-35,3,75,355,502,136,-569,-603,132,751,667,414,376,397,286,121,-42,-456,-862,-755,-206,110,-20,-296,-210,-6,128,-11,-119,68,505,681,319,-33,-315,-407,-110,268,414,109,-339,-656,-563,-158,264,273,110,-58,-58,99,2,-23,-42,27,-10,-13,-30,-47,-83,-261,-241,160,626,333,-25,147,649,702,383,274,340,234,20,-177,-118,216,355,177,-94,-186,-30,274,423,333,201,180,340,496,389,325,436,542,390,3,-387,-350,-100,-5,-20,54,49,-116,-462,-378,-114,-13
350,1,0.22244836390018463,738,10,0,1,-4,-5,-16,10,155,637,1184,1213,617,35,-44,109,97,-124,-235,-232,-170,2,149,216,102,-92,-106,-86,-114,-42,12,1,-77,-152,-119,-45,16,131,305,454,415,260,7,-71,-14,55,140,139,68,-15,-28,-43,-123,-182,-206,-117,3,-3,-20,-14,-7,-13,-11,7,145,552,1038,1071,435,-216,-410,-344,-331,-291,-64,87,77,52,60,12,-198,-449,-401,-169,9,64,22,12,25,4,4,-5,-55,-148,-318,-334,-124,144,203,159,152,113,101,24,-36,-42,28,102,120,43,-34,-36,-19
350,2,0.3524455428123474,736,-14,31,-28,-15,11,50,29,133,394,869,825,589,110,4,-31,-110,-199,-547,-807,-856,-240,113,517,665,558,204,68,-7,-35,-22,185,381,461,225,-62,-141,-44,103,92,-54,-128,-165,-85,-235,-138,-187,-215,-132,-12,198,174,167,-5,-72,-105,-84,-11,-15,-34,-4,4,-21,-24,-54,-341,-927,-1176,-825,-60,237,19,-206,83,897,1104,588,-160,-352,-109,61,88,103,194,277,-37,-294,-86,158,209,-121,-347,-200,111,220,-32,-402,-651,-446,-28,253,52,50,76,239,326,281,138,128,60,10,15,124
350,3,-0.05895613878965378,737,-7,-2,-39,-3,-14,-29,-43,-30,-14,8,95,194,150,-115,1,457,852,829,550,415,410,284,19,-350,-596,-323,101,161,-108,-337,-148,231,404,240,84,237,646,828,498,216,148,207,253,136,-139,-300,-322,-400,-323,-28,182,36,-314,-337,-127,66,-3,5,-2,45,8,6,-1,-42,-131,-450,-545,13,817,657,-112,-457,-32,195,-102,-306,-226,-42,36,269,607,761,479,119,1,119,130,149,155,228,226,15,-244,-282,-24,232,541,660,334,-217,-577,-292,205,515,435,155,-149,-290,-333,-147,-17,-101
351,1,0.2639922499656677,741,7,9,-5,-9,-5,3,9,-98,-362,-708,-706,-343,-111,-147,-286,-292,-96,95,195,154,6,-127,-188,-163,-110,-76,-9,82,57,0,4,67,114,97,45,-46,-193,-412,-520,-389,-148,76,123,55,-14,-114,-160,-105,-17,29,103,187,198,176,78,-28,-2,17,4,4,-9,6,-12,-208,-782,-1411,-1426,-557,217,412,325,383,464,252,52,-13,-49,-101,-69,190,473,408,174,10,-49,-28,-17,-3,46,38,18,28,77,143,105,-50,-194,-144,-118,-157,-156,-160,-77,23,55,-2,-75,-64,23,97,42,-3
351,2,0.368527352809906,740,20,9,-36,-46,3,17,45,147,301,551,456,277,115,63,9,-151,-141,-206,-437,-677,-341,66,640,760,552,181,30,34,-79,-80,192,441,455,122,-138,-176,-10,119,36,-245,-347,-282,-138,-199,-231,-173,-201,-68,68,225,175,153,4,-66,-143,-42,-3,-56,10,17,8,-42,-21,-142,-540,-1263,-1388,-911,-81,137,-37,-263,106,1102,1424,873,28,-342,-305,-352,-263,-57,119,266,2,-209,-93,-37,-124,-223,-197,-63,74,87,-40,-263,-375,-259,47,354,140,158,122,230,247,65,-46,35,35,80,73,149
351,3,-0.048235516995191574,738,7,5,-7,-21,-2,-11,-18,21,117,406,508,27,-664,-639,99,548,340,114,320,440,324,103,-85,-428,-789,-732,-329,-59,-77,-297,-221,-32,82,-49,-109,201,681,772,317,-147,-456,-443,-88,318,431,55,-421,-693,-533,-116,245,262,85,-56,-60,119,2,-29,-36,12,-6,-16,-16,-51,-93,-245,-225,218,584,192,-188,38,526,470,114,26,231,253,-7,-263,-246,131,331,196,-102,-217,1,351,461,300,127,164,459,635,505,356,425,548,410,-2,-451,-469,-244,-111,-83,81,67,-163,-466,-359,-107,10
352,1,0.24790988862514496,743,-7,4,12,6,2,-1,-12,-61,-258,-516,-529,-295,-130,-181,-297,-295,-68,162,215,119,-25,-116,-185,-189,-184,-155,-58,82,80,26,8,33,69,77,18,-72,-225,-469,-569,-428,-131,98,127,52,-35,-109,-158,-119,-19,54,122,213,224,189,87,-23,-6,16,16,6,-5,0,-24,-209,-758,-1420,-1501,-707,186,494,467,537,522,237,24,5,-24,-125,-127,122,428,399,165,10,-48,-18,-9,24,39,32,18,26,63,85,20,-138,-229,-164,-99,-150,-159,-187,-105,-1,61,19,-50,-37,59,125,78,10
352,2,0.33368387818336487,742,-3,-25,3,12,8,10,9,-44,-124,-129,-83,72,-1,-81,-112,-31,40,-233,-309,6,524,368,-60,-556,-561,-385,-141,-63,-51,150,108,-256,-564,-420,14,222,115,-97,-137,66,403,544,256,118,129,193,167,122,-61,-230,-250,-172,-127,22,91,94,51,0,37,-19,-19,0,42,32,222,823,1425,1373,679,22,-51,88,157,-419,-1248,-1414,-819,-28,335,482,491,256,6,-154,-214,5,136,186,246,336,204,111,-32,-51,10,37,96,221,53,-144,-410,-241,-249,-173,-217,-176,92,114,-13,-59,-100,-112
352,3,-0.0830787792801857,739,-17,-21,-7,-6,-15,-32,-12,-54,-119,-264,-52,400,487,-65,-290,132,552,454,177,111,164,97,-147,-261,-128,259,280,115,-167,-193,141,429,449,239,114,271,592,675,487,374,479,541,257,-172,-506,-406,-195,-134,-39,119,-5,-298,-452,-258,-63,-16,-17,4,13,31,1,26,6,-29,-205,-481,-384,220,790,441,-274,-461,-245,-215,-374,-458,-250,-82,175,591,889,660,153,-17,116,274,155,-44,-60,116,55,-398,-814,-693,-187,233,433,277,-124,-432,-280,176,559,668,354,-40,-310,-192,28,99,25,-134
353,1,0.25729119777679443,740,-4,4,-14,-8,6,-9,4,76,392,936,1155,719,-96,-487,-556,-579,-497,-181,74,85,4,-5,22,-132,-406,-461,-224,1,108,74,13,-14,-7,-10,-8,-19,-99,-256,-337,-191,90,216,207,193,151,146,44,-53,-78,-28,58,110,76,-6,-8,-1,-3,-7,-12,-3,-2,-13,-13,-84,-398,-1011,-1199,-771,-82,80,-40,-84,93,186,156,118,4,-108,-216,-161,37,92,50,82,61,17,-7,41,65,78,40,-9,-113,-303,-475,-455,-272,-28,93,33,-45,-146,-180,-119,-17,36,63,144,201,224,145,25
353,2,0.3430647850036621,737,-7,36,-8,-22,-5,20,37,169,561,1087,1092,725,144,48,174,180,-83,-695,-1054,-939,-246,180,417,453,303,43,-25,-82,-16,44,181,316,359,224,50,-32,-24,22,49,21,31,-20,-109,-328,-257,-266,-250,-190,-111,89,142,88,-29,-101,-105,-89,6,-1,-15,17,-6,-6,-1,9,-136,-459,-628,-422,30,183,71,23,357,717,528,-39,-409,-186,125,277,183,158,202,162,-100,-159,66,417,359,-31,-267,-125,139,139,-110,-467,-591,-390,-140,-20,-129,-89,-3,127,264,250,185,84,-27,-61,-8,122
353,3,-0.07637811452150345,736,-22,-39,-1,25,-4,5,-14,-52,-276,-550,-261,486,906,198,-435,-260,240,232,-112,-327,-201,-74,100,410,714,660,219,29,16,138,252,238,195,203,79,-184,-346,-150,118,426,602,463,-38,-513,-482,-7,448,483,267,43,-216,-288,-188,-45,-41,-165,-11,37,-5,33,19,62,35,1,0,-39,-142,-220,12,112,-246,-718,-794,-334,-114,-177,-266,-188,165,564,592,90,-129,-115,167,217,-104,-398,-360,-120,-63,-479,-938,-907,-501,-208,-203,-281,-217,-37,308,468,498,443,185,-121,-87,219,421,310,107,-30
354,1,0.23182952404022217,744,3,18,23,21,-11,-5,-11,-166,-697,-1433,-1558,-919,68,403,405,456,477,234,12,-27,-21,-101,-181,16,337,388,184,51,-37,-39,-15,45,59,52,32,-3,-15,-26,-115,-264,-315,-185,-80,-141,-164,-206,-175,-56,42,33,-12,13,95,162,112,17,-14,3,3,12,-10,-9,-16,-21,-20,-32,-37,53,187,339,420,375,191,-53,-168,-106,-2,78,125,207,265,247,90,-70,-99,-57,-18,-39,-61,-70,-48,9,163,418,583,429,72,-164,-196,-163,-82,-1,101,151,87,6,-101,-202,-203,-149,-88,-12
354,2,0.3591466248035431,740,-11,-35,-40,2,4,-42,-10,-72,-496,-1115,-1281,-783,-13,267,-27,-102,407,1157,1197,515,-229,-357,-126,-29,60,126,197,230,-78,-267,-67,184,182,-101,-286,-127,124,154,-74,-411,-649,-397,-80,201,22,87,115,240,325,209,90,52,16,-3,36,122,1,-9,38,32,-1,-39,-13,-162,-403,-832,-743,-544,-94,-122,-236,-235,-66,437,746,832,210,-124,-408,-418,-300,-64,-48,10,31,25,-158,-390,-403,-171,65,112,5,-108,-77,86,162,171,106,289,144,234,260,141,34,-172,-150,-122,19,106,131,61
354,3,-0.0857589915394783,735,9,-17,-39,-2,-29,-5,-29,-51,-172,-368,-190,369,696,164,-148,200,773,602,172,-76,-10,29,-47,-97,88,408,315,167,-59,-33,216,427,405,274,114,128,307,434,400,405,547,554,197,-260,-600,-361,-40,86,99,125,-37,-243,-385,-254,-111,-105,-18,-2,-31,36,12,44,24,-10,-136,-336,-287,42,545,230,-506,-950,-626,28,100,-118,-312,-303,28,544,866,531,126,-62,98,255,107,-92,-148,17,32,-318,-876,-861,-420,23,240,154,-137,-321,-158,265,634,667,394,-17,-190,-39,203,254,111,-73
355,1,0.23852932453155518,742,-8,10,8,15,-5,7,-13,-85,-369,-834,-993,-626,140,526,563,467,333,53,-105,-75,-12,-17,-32,117,379,443,204,12,-110,-75,-29,-21,-33,-37,-21,-4,106,295,399,249,-53,-204,-200,-200,-158,-131,-14,86,93,27,-94,-154,-117,-15,28,-8,-9,-3,-10,-11,-10,-21,-15,88,497,1150,1349,893,92,-140,-103,-159,-332,-286,-109,-26,14,116,215,136,-95,-146,-83,-84,-30,20,3,-69,-102,-99,-53,-1,95,255,404,438,313,80,-50,11,83,171,195,135,20,-53,-58,-110,-180,-231,-150,-21
355,2,0.32430344820022583,743,4,15,43,26,-12,18,3,-4,260,900,1197,1031,132,-249,-18,102,-175,-918,-1218,-700,47,367,99,27,-43,-71,-132,-283,-15,277,80,-82,-276,-56,195,253,-50,-187,13,224,573,483,123,-167,-84,-72,-57,-131,-273,-297,-79,-103,-29,-11,-13,-49,26,51,-30,-34,12,23,-2,71,339,911,927,716,262,57,203,354,166,-292,-786,-919,-374,56,370,435,322,63,-13,-42,-81,-31,93,288,411,274,39,-74,-71,79,102,4,-106,-102,-90,-185,-283,-154,-244,-170,-90,79,125,139,8,-58,-126,-85
355,3,-0.08575955033302307,740,2,-10,-20,13,32,43,30,21,-37,-166,-226,-133,202,210,-335,-950,-918,-288,62,-18,-237,-307,-34,451,746,435,54,-129,51,250,54,-205,-300,-123,3,-230,-849,-994,-629,-184,39,1,-164,-151,1,304,530,604,404,-11,-193,-28,272,340,194,8,-9,4,34,-36,23,-5,7,27,147,442,388,-190,-831,-374,243,280,-404,-660,-419,-47,56,112,106,-13,-310,-563,-451,-186,-16,-49,-190,-349,-347,-275,-169,-12,71,-7,-145,-320,-578,-646,-254,226,652,334,-123,-324,-256,-131,53,145,274,159,55,103
